date,open,high,low,close,volume,daily_return,log_return,intraday_return,overnight_gap
2007-09-17,4518.4501953125,4549.0498046875,4482.85009765625,4494.64990234375,0.0,,,-0.005267357598284637,
2007-09-18,4494.10009765625,4551.7998046875,4481.5498046875,4546.2001953125,0.0,0.011469256580333154,0.011403983273826851,0.011592998937300283,-0.00012232425204314635
2007-09-19,4550.25,4739.0,4550.25,4732.35009765625,0.0,0.04094626156931791,0.040130166368883106,0.040019800594747544,0.0008908108999853715
2007-09-20,4734.85009765625,4760.85009765625,4721.14990234375,4747.5498046875,0.0,0.0032118728998469237,0.003206725854243906,0.0026821772113833874,0.0005282787512357028
2007-09-21,4752.9501953125,4855.7001953125,4733.7001953125,4837.5498046875,0.0,0.018957147097464544,0.018779699477461064,0.017799388989692053,0.0011375111051321499
2007-09-24,4837.14990234375,4941.14990234375,4837.14990234375,4932.2001953125,0.0,0.01956577078199495,0.019376821734244425,0.019650061479941975,-8.26663000683738e-05
2007-09-25,4939.10009765625,4953.89990234375,4878.14990234375,4938.85009765625,0.0,0.0013482628604715163,0.0013473547702389675,-5.0616508079808394e-05,0.0013989501785242981
2007-09-26,4937.60009765625,4980.85009765625,4930.35009765625,4940.5,0.0,0.0003340660905122306,0.0003340103028599783,0.0005873100871669433,-0.00025309535120193104
2007-09-27,4942.7001953125,5016.39990234375,4942.7001953125,5000.5498046875,0.0,0.012154600685659434,0.012081326673459293,0.011704049828849166,0.00044533859174172657
2007-09-28,4996.4501953125,5055.7998046875,4996.4501953125,5021.35009765625,0.0,0.004159601200102392,0.004150973974634251,0.004983518572267615,-0.0008198317255348679
2007-10-01,5021.5,5089.2998046875,5001.35009765625,5068.9501953125,0.0,0.00947954170303067,0.009434892793267542,0.009449406614059543,2.9852995874549348e-05
2007-10-03,5069.0,5261.35009765625,5034.14990234375,5210.7998046875,0.0,0.027984021130484704,0.027599623264781208,0.027973920830045376,9.825444240122298e-06
2007-10-04,5211.64990234375,5233.10009765625,5126.0498046875,5208.64990234375,0.0,-0.000412585864806414,-0.0004126710017726776,-0.000575633447413814,0.00016314149230704935
2007-10-05,5208.14990234375,5248.5498046875,5164.5,5185.85009765625,0.0,-0.004377296442450662,-0.0043869048540190105,-0.004281713296590164,-9.599416535463704e-05
2007-10-08,5186.25,5249.2998046875,5024.75,5085.10009765625,0.0,-0.019427865847015946,-0.01961906730830142,-0.019503475988189925,7.711413485143665e-05
2007-10-09,5062.64990234375,5348.7001953125,5000.9501953125,5327.25,0.0,0.0476194957215017,0.0465204433689621,0.0522651383682987,-0.0044148974221466
2007-10-10,5328.14990234375,5454.7001953125,5328.14990234375,5441.4501953125,0.0,0.021436988185743022,0.021210447798499184,0.021264471729466806,0.00016892436881130039
2007-10-11,5438.89990234375,5532.75,5424.25,5524.85009765625,0.0,0.015326778588471646,0.015210510027427977,0.015802863971712742,-0.0004686789141150152
2007-10-12,5525.2998046875,5549.2998046875,5402.60009765625,5428.25,0.0,-0.017484654958734525,-0.017639316998074937,-0.017564622394818437,8.139714622135622e-05
2007-10-15,5428.35009765625,5682.64990234375,5419.89990234375,5670.39990234375,0.0,0.04460920229240539,0.04364284637471603,0.04458993991415691,1.844013379081656e-05
2007-10-16,5670.64990234375,5708.35009765625,5578.4501953125,5668.0498046875,0.0,-0.0004144500734910572,-0.0004145359816600169,-0.00045851845926431597,4.408860121076599e-05
2007-10-17,5658.89990234375,5658.89990234375,5107.2998046875,5559.2998046875,0.0,-0.019186493370270563,-0.019372942861435854,-0.017600611315813974,-0.0016142946267308721
2007-10-18,5551.10009765625,5736.7998046875,5269.64990234375,5351.0,0.0,-0.03746871224895365,-0.038188706594196986,-0.03604692657960446,-0.0014749531990226822
2007-10-19,5360.35009765625,5390.85009765625,5101.75,5215.2998046875,0.0,-0.02535978234208558,-0.02568688361466625,-0.027059854361410375,0.0017473551964586058
2007-10-22,5202.75,5247.39990234375,5070.89990234375,5184.0,0.0,-0.006001535071745612,-0.0060196166645277525,-0.00360386334150209,-0.002406343864684493
2007-10-23,5185.2998046875,5488.5,5176.85009765625,5473.7001953125,0.0,0.05588352533034335,0.054377881218170526,0.0556188458696808,0.00025073392891589505
2007-10-24,5477.60009765625,5577.89990234375,5419.39990234375,5496.14990234375,0.0,0.004101376807315038,0.004092989087768165,0.003386483926681152,0.0007124800783005526
2007-10-25,5499.0498046875,5605.9501953125,5469.2998046875,5568.9501953125,0.0,0.013245689120980009,0.013158732010425611,0.012711357981412626,0.0005276243179818258
2007-10-26,5564.25,5716.89990234375,5513.35009765625,5702.2998046875,0.0,0.023945196975768024,0.02366300660679429,0.024810136979377274,-0.0008440002419946674
2007-10-29,5708.89990234375,5922.5,5708.89990234375,5905.89990234375,0.0,0.035704909357604064,0.03508226673625369,0.03450752393103319,0.0011574448700197204
2007-10-30,5917.5498046875,5976.0,5833.89990234375,5868.75,0.0,-0.006290303418282961,-0.006310170734949751,-0.008246623399577296,0.0019725871647649747
2007-10-31,5868.89990234375,5952.25,5861.2998046875,5900.64990234375,0.0,0.005435553115015868,0.0054208338104667474,0.005409872468146988,2.5542465388711394e-05
2007-11-01,5903.7998046875,6011.9501953125,5837.2001953125,5866.4501953125,0.0,-0.005795922075916726,-0.005812783615952213,-0.006326367866563692,0.0005338229510106763
2007-11-02,5854.85009765625,5944.75,5714.25,5932.39990234375,0.0,0.011241842142279967,0.011179122255211763,0.013245395423282296,-0.001977362334980511
2007-11-05,5931.89990234375,5948.5498046875,5819.60009765625,5847.2998046875,0.0,-0.014344969836343813,-0.014448853585763768,-0.014261888947725449,-8.428292229633101e-05
2007-11-06,5847.10009765625,5957.2001953125,5759.9501953125,5786.5,0.0,-0.010397928397439027,-0.010452364532403112,-0.0103641286525163,-3.415371845478223e-05
2007-11-07,5782.39990234375,5861.35009765625,5744.2998046875,5782.35009765625,0.0,-0.000717169678346119,-0.0007174269675405823,-8.613151691534327e-06,-0.000708562629612028
2007-11-08,5779.2998046875,5780.7998046875,5646.75,5698.75,0.0,-0.014457806297501041,-0.014563338792940719,-0.013937640788624136,-0.0005275178633660334
2007-11-12,5660.60009765625,5660.60009765625,5477.5,5617.10009765625,0.0,-0.014327686307304188,-0.014431318670424688,-0.0076846976026465836,-0.006694433400965124
2007-11-13,5612.35009765625,5758.85009765625,5591.60009765625,5695.39990234375,0.0,0.013939542348581302,0.01384328046108066,0.014797687821039903,-0.0008456320730303436
2007-11-14,5703.9501953125,5950.2001953125,5700.0498046875,5937.89990234375,0.0,0.0425782217505406,0.041696704730231245,0.04101538390421249,0.0015012629693011397
2007-11-15,5942.7001953125,5966.9501953125,5895.64990234375,5912.10009765625,0.0,-0.004344937623033451,-0.004354404295861196,-0.005149190881341588,0.0008084159463272991
2007-11-16,5913.14990234375,5948.0498046875,5817.39990234375,5906.85009765625,0.0,-0.0008880093221157459,-0.0008884038359657705,-0.0010653889706065112,0.0001775688283620531
2007-11-19,5908.0498046875,5981.7998046875,5893.7998046875,5907.64990234375,0.0,0.00013540290921176812,0.00013539374306526254,-6.768770693718829e-05,0.0002031043638175321
2007-11-20,5911.25,5923.7001953125,5755.7998046875,5780.89990234375,0.0,-0.02145523213041356,-0.02168874166514924,-0.022051190130048637,0.0006093959045917275
2007-11-21,5778.7998046875,5790.0498046875,5530.85009765625,5561.0498046875,0.0,-0.0380304280250755,-0.03877245878036436,-0.037680834664556316,-0.00036328213456845315
2007-11-22,5564.64990234375,5608.64990234375,5394.35009765625,5519.35009765625,0.0,-0.007498531481609949,-0.007526786806379855,-0.00814063876119509,0.0006473773446904609
2007-11-23,5524.2998046875,5638.60009765625,5514.75,5608.60009765625,0.0,0.016170382095873848,0.01604103400966092,0.015259905499194521,0.0008967916409853862
2007-11-26,5611.2998046875,5772.5498046875,5608.9501953125,5731.7001953125,0.0,0.02194845335963458,0.021711053483725266,0.021456773798545103,0.0004813513148099411
2007-11-27,5729.25,5743.5498046875,5655.60009765625,5698.14990234375,0.0,-0.005853462642060103,-0.005870661301826319,-0.005428301724702186,-0.00042748141546269626
2007-11-28,5699.5498046875,5749.9501953125,5595.5,5617.5498046875,0.0,-0.014144959160006909,-0.014245952591277582,-0.014387101229041013,0.00024567664377769273
2007-11-29,5617.7998046875,5725.0,5612.10009765625,5634.60009765625,0.0,0.003035183231401506,0.003030586361989193,0.0029905467536831434,4.4503388255034314e-05
2007-11-30,5633.89990234375,5782.5498046875,5632.64990234375,5762.75,0.0,0.02274338908222684,0.02248861394163216,0.02287049821432704,-0.00012426708202260015
2007-12-03,5765.4501953125,5878.7998046875,5754.60009765625,5865.0,0.0,0.017743264934276137,0.017587690775788836,0.017266614282512967,0.00046856020346188886
2007-12-04,5870.2001953125,5897.25,5840.2998046875,5858.35009765625,0.0,-0.0011338281916026816,-0.001134471461070727,-0.002018687142171505,0.0008866488171355498
2007-12-05,5861.89990234375,5949.2998046875,5859.9501953125,5940.0,0.0,0.013937354542265412,0.013841122730185607,0.013323342083173992,0.0006059393222197783
2007-12-06,5941.0498046875,6027.0498046875,5919.7998046875,5954.7001953125,0.0,0.0024747803556397496,0.0024717231296717415,0.0022976394869185937,0.00017673479587542088
2007-12-07,5963.60009765625,6042.10009765625,5894.7998046875,5974.2998046875,0.0,0.0032914519173321555,0.003286046946357429,0.0017941691018911687,0.0014946012480621515
2007-12-10,5974.0,6015.2998046875,5923.35009765625,5960.60009765625,0.0,-0.002293106720305693,-0.0022957399157566825,-0.0022430368837880817,-5.018239748610708e-05
2007-12-11,5960.39990234375,6111.2001953125,5960.39990234375,6097.25,0.0,0.022925527649050315,0.022666686322568373,0.022959885225559744,-3.3586435798422075e-05
2007-12-12,6067.0498046875,6175.64990234375,6005.4501953125,6159.2998046875,0.0,0.01017668697978591,0.01012525315711822,0.015205083684779738,-0.004953084638566567
2007-12-13,6159.25,6185.39990234375,6040.39990234375,6058.10009765625,0.0,-0.01643039147960168,-0.01656686732770886,-0.0164224381773349,-8.086095673098496e-06
2007-12-14,6056.2001953125,6078.5498046875,6015.0498046875,6047.7001953125,0.0,-0.0017166937119070802,-0.0017181689191183751,-0.0014035203140376703,-0.0003136135608728274
2007-12-17,6037.9501953125,6039.9501953125,5740.60009765625,5777.0,0.0,-0.044760849012045356,-0.04579354996855697,-0.04321834180001782,-0.0016121830919391654
2007-12-18,5777.60009765625,5874.60009765625,5710.60009765625,5742.2998046875,0.0,-0.006006611617188851,-0.006024723874031448,-0.006109853982983345,0.00010387703933702614
2007-12-19,5730.25,5840.7998046875,5676.7001953125,5751.14990234375,0.0,0.0015412113538595396,0.001540024906528533,0.003647293284542559,-0.0020984283470646408
2007-12-20,5751.75,5799.5,5742.75,5766.5,0.0,0.0026690484367299927,0.002665492852230834,0.0025644369105054985,0.00010434394276620122
2007-12-24,5771.2998046875,6001.0498046875,5771.2998046875,5985.10009765625,0.0,0.03790862701053488,0.03720775294081768,0.03704543174054128,0.0008323601296280239
2007-12-26,5988.4501953125,6085.25,5988.4501953125,6070.75,0.0,0.014310521285565425,0.014209092298361115,0.013743089113761141,0.0005597396203217871
2007-12-27,6069.0,6110.85009765625,6060.2001953125,6081.5,0.0,0.001770786146686909,0.001769220153318622,0.0020596473883671114,-0.0002882675122513693
2007-12-28,6079.5498046875,6098.60009765625,6021.89990234375,6079.7001953125,0.0,-0.00029594749445038815,-0.00029599129555222127,2.4737131832367702e-05,-0.0003206766936611033
2007-12-31,6095.0,6167.75,6095.0,6138.60009765625,0.0,0.009687961651326571,0.009641334258564371,0.00715342045221493,0.002516539335162658
2008-01-01,6136.75,6165.35009765625,6109.85009765625,6144.35009765625,0.0,0.0009366956486047684,0.0009362572229952578,0.0012384564559824011,-0.00030138755201798814
2008-01-02,6144.7001953125,6197.0,6060.85009765625,6179.39990234375,0.0,0.005704395766912729,0.0056881873117958625,0.005647095208602815,5.697879363735215e-05
2008-01-03,6184.25,6230.14990234375,6126.39990234375,6178.5498046875,0.0,-0.00013756961350364083,-0.0001375790770708634,-0.0009217278267372762,0.0007848816605007929
2008-01-04,6179.10009765625,6300.0498046875,6179.10009765625,6274.2998046875,0.0,0.015497164063864366,0.01537830938434316,0.015406726793009798,8.906506965963234e-05
2008-01-07,6271.0,6289.7998046875,6193.35009765625,6279.10009765625,0.0,0.0007650722978145286,0.0007647797791931744,0.0012916755950007973,-0.0005259239740241184
2008-01-08,6282.4501953125,6357.10009765625,6221.60009765625,6287.85009765625,0.0,0.0013935117873444813,0.0013925417508606917,0.0008595217114142835,0.000533531494027379
2008-01-09,6287.5498046875,6338.2998046875,6231.25,6272.0,0.0,-0.00252074992407314,-0.0025239323633770325,-0.0024731103801209327,-4.7757653901757615e-05
2008-01-10,6278.10009765625,6347.0,6142.89990234375,6156.9501953125,0.0,-0.018343399982063135,-0.018513726267797494,-0.019297223755476257,0.0009725921008051659
2008-01-11,6166.64990234375,6224.2001953125,6112.5498046875,6200.10009765625,0.0,0.007008324084966766,0.00698387992367707,0.005424370742984231,0.0015754077462953532
2008-01-14,6208.7998046875,6244.14990234375,6172.0,6206.7998046875,0.0,0.0010805804625286797,0.0010799970557015361,-0.00032212344783448267,0.0014031558997795288
2008-01-15,6226.35009765625,6260.4501953125,6053.2998046875,6074.25,0.0,-0.021355579180658557,-0.021586908944616102,-0.024428452507594164,0.0031498185190354014
2008-01-16,6065.0,6065.0,5825.75,5935.75,0.0,-0.02280116886858463,-0.02306513573985711,-0.021310799670239078,-0.0015228217475408486
2008-01-17,5937.9501953125,6013.14990234375,5880.2998046875,5913.2001953125,0.0,-0.003798981541928148,-0.003806216000501475,-0.0041681050170373594,0.00037066846017773657
2008-01-18,5907.75,5908.75,5677.0,5705.2998046875,0.0,-0.035158693052504186,-0.0357916399254026,-0.034268578614954935,-0.0009216997788812338
2008-01-21,5705.0,5705.0,4977.10009765625,5208.7998046875,0.0,-0.08702434876289467,-0.09104606770543645,-0.08697637078220859,-5.254845455337494e-05
2008-01-22,5203.35009765625,5203.35009765625,4448.5,4899.2998046875,0.0,-0.05941867831462344,-0.06125716754059375,-0.05843356438877785,-0.0010462500452303241
2008-01-23,4903.0498046875,5328.0498046875,4891.60009765625,5203.39990234375,0.0,0.06207011405288898,0.06021994140590446,0.06125781087703902,0.0007654154980293541
2008-01-24,5208.0,5357.2001953125,4995.7998046875,5033.4501953125,0.0,-0.03266128112788336,-0.033206566814185656,-0.03351570750528034,0.0008840561445561763
2008-01-25,5035.0498046875,5399.25,5035.0498046875,5383.35009765625,0.0,0.0695149229189953,0.0672052026164198,0.06917514353969081,0.0003177958086263907
2008-01-28,5380.9501953125,5380.9501953125,5071.0,5274.10009765625,0.0,-0.02029405444902499,-0.02050280790342567,-0.019857105860100727,-0.0004458009046810546
2008-01-29,5279.5498046875,5391.60009765625,5225.25,5280.7998046875,0.0,0.001270303351699198,0.0012694971990299326,0.00023676261163218412,0.0010332960941852028
2008-01-30,5283.75,5314.2998046875,5142.25,5167.60009765625,0.0,-0.02143609135320157,-0.021669181405218584,-0.02198247501182872,0.0005586644867471136
2008-01-31,5172.25,5251.64990234375,5071.14990234375,5137.4501953125,0.0,-0.00583441090138237,-0.005851497569508025,-0.006728175298467785,0.0008998185339184721
2008-02-01,5140.60009765625,5339.9501953125,5090.75,5317.25,0.0,0.03499786817428463,0.03439936698022044,0.034363673304268476,0.0006131256214656887
2008-02-04,5315.5498046875,5545.2001953125,5315.5498046875,5463.5,0.0,0.027504819220461663,0.027133357616145614,0.027833469866471876,-0.0003197508698105224
2008-02-05,5463.75,5500.60009765625,5412.9501953125,5483.89990234375,0.0,0.0037338523554040215,0.0037268988322754614,0.003687925388927019,4.575821359934108e-05
2008-02-06,5470.39990234375,5470.39990234375,5257.0498046875,5322.5498046875,0.0,-0.029422509624453808,-0.029864033733124365,-0.027027292390983112,-0.002461751716917785
2008-02-07,5322.5498046875,5344.60009765625,5113.85009765625,5133.25,0.0,-0.03556562392723617,-0.03621348827434316,-0.03556562392723618,0.0
2008-02-08,5132.10009765625,5173.85009765625,5034.25,5120.35009765625,0.0,-0.0025130087846393367,-0.0025161716912677824,-0.0022895110727411652,-0.00022401058661666585
2008-02-11,5120.5498046875,5126.39990234375,4803.60009765625,4857.0,0.0,-0.051432049104766064,-0.05280185179859542,-0.05146904429017346,3.900261260287893e-05
2008-02-12,4877.85009765625,4949.60009765625,4820.4501953125,4838.25,0.0,-0.0038604076590488257,-0.0038678782652841076,-0.008118350679795876,0.004292793423152152
2008-02-13,4836.5498046875,4986.5498046875,4836.5498046875,4929.4501953125,0.0,0.01884983109853766,0.018674374488220825,0.0192079880031345,-0.00035140708158941765
2008-02-14,4944.64990234375,5220.25,4944.64990234375,5202.0,0.0,0.05529010211862406,0.05381570743991515,0.05204617166814313,0.003083448747631869
2008-02-15,5202.85009765625,5315.39990234375,5104.75,5302.89990234375,0.0,0.01939636723255478,0.019210655284488846,0.019229807280546074,0.00016341746563821607
2008-02-18,5304.4501953125,5348.60009765625,5224.0,5276.89990234375,0.0,-0.004902977706312872,-0.004915036734418354,-0.005193807454935852,0.00029234814861672364
2008-02-19,5278.39990234375,5368.4501953125,5262.0,5280.7998046875,0.0,0.0007390517947891695,0.0007387788304930346,0.0004546647446481612,0.00028425780813726837
2008-02-20,5267.14990234375,5267.14990234375,5116.2998046875,5154.4501953125,0.0,-0.02392622595972027,-0.02421710726966097,-0.02139671532437333,-0.0025848172338655347
2008-02-21,5156.89990234375,5241.35009765625,5120.0498046875,5191.7998046875,0.0,0.007246089875689643,0.007219963101829013,0.006767612907880645,0.0004752605881181632
2008-02-22,5183.39990234375,5184.0,5092.7998046875,5110.75,0.0,-0.015611119021639253,-0.015734255756211124,-0.014015878325517636,-0.0016179172271176584
2008-02-25,5112.25,5212.35009765625,5055.14990234375,5200.7001953125,0.0,0.017600194748813802,0.01744710498421904,0.017301617744143967,0.0002934989972117595
2008-02-26,5200.7998046875,5281.2001953125,5200.7998046875,5270.0498046875,0.0,0.01333466778906156,0.013246543646253755,0.013315259690939213,1.915307002118292e-05
2008-02-27,5271.39990234375,5368.14990234375,5249.75,5268.39990234375,0.0,-0.0003130714898145204,-0.0003131205069242277,-0.0005691087862004458,0.00025618309243475115
2008-02-28,5266.35009765625,5302.85009765625,5227.14990234375,5285.10009765625,0.0,0.0031698799677433165,0.0031648664901924527,0.0035603405873727515,-0.00038907537876692024
2008-02-29,5285.0,5290.7998046875,5098.35009765625,5223.5,0.0,-0.011655426863829366,-0.011723883801295562,-0.011636707663197729,-1.8939595163843667e-05
2008-03-03,5222.7998046875,5222.7998046875,4936.0498046875,4953.0,0.0,-0.05178520149325161,-0.05317422168932492,-0.05165807895706681,-0.00013404715468555566
2008-03-04,4958.5498046875,4976.7001953125,4812.9501953125,4864.25,0.0,-0.01791843327276399,-0.01808091223675228,-0.01901761773136874,0.0011204935771249747
2008-03-05,4866.85009765625,4936.75,4847.25,4921.39990234375,0.0,0.011748964864830125,0.011680481659729272,0.01120844151616048,0.0005345320771444724
2008-03-07,4918.2998046875,4918.2998046875,4672.25,4771.60009765625,0.0,-0.03043845402934231,-0.03091132413728073,-0.029827320996461914,-0.0006299219160738433
2008-03-10,4767.7998046875,4814.9501953125,4620.5,4800.39990234375,0.0,0.006035670235996049,0.006017528539995237,0.0068375558940622794,-0.0007964399553551557
2008-03-11,4796.2998046875,4888.5,4732.85009765625,4865.89990234375,0.0,0.013644696552889357,0.01355244588847619,0.014511206657312939,-0.000854115852774717
2008-03-12,4869.75,5019.2001953125,4854.75,4872.0,0.0,0.0012536422406288494,0.0012528570873274933,0.00046203603881102723,0.000791240620135965
2008-03-13,4868.7001953125,4868.7998046875,4580.14990234375,4623.60009765625,0.0,-0.050985201630490584,-0.052330886848362665,-0.050341998443902566,-0.0006772998127052546
2008-03-14,4623.7998046875,4758.9501953125,4607.5498046875,4745.7998046875,0.0,0.026429558017613708,0.02608633166147549,0.026385225388936444,4.3192972366107855e-05
2008-03-17,4745.4501953125,4745.4501953125,4482.10009765625,4503.10009765625,0.0,-0.05113989570135924,-0.05249390504412863,-0.051069990766237645,-7.366711395088461e-05
2008-03-18,4519.89990234375,4617.9501953125,4468.5498046875,4533.0,0.0,0.006639848481118982,0.006617901782132095,0.0028983158785125026,0.003730719798177232
2008-03-19,4534.75,4718.39990234375,4533.89990234375,4573.9501953125,0.0,0.00903379556860795,0.008993234932070661,0.008644400532002867,0.000386057798367527
2008-03-24,4576.7998046875,4649.4501953125,4539.7998046875,4609.85009765625,0.0,0.00784877421283281,0.007818132811706334,0.007221266906824351,0.0006230083960949885
2008-03-25,4616.7998046875,4896.7998046875,4616.7998046875,4877.5,0.0,0.05806043508439229,0.05643745381264009,0.056467727937392374,0.0015075776617516012
2008-03-26,4878.7001953125,4912.2998046875,4808.64990234375,4828.85009765625,0.0,-0.009974352095079464,-0.010024429214414106,-0.010217905520028969,0.00024606772168118913
2008-03-27,4828.7998046875,4863.75,4769.60009765625,4830.25,0.0,0.00028990387264848927,0.00028986185864062055,0.00030032210303940123,-1.041510250533774e-05
2008-03-28,4830.0,4970.7998046875,4796.35009765625,4942.0,0.0,0.023135448475751774,0.022871881407062488,0.02318840579710145,-5.175715542673774e-05
2008-03-31,4942.14990234375,4947.0,4703.85009765625,4734.5,0.0,-0.04198704977741807,-0.04289398312500061,-0.04201610765494482,3.0332323704977743e-05
2008-04-01,4735.64990234375,4800.75,4628.75,4739.5498046875,0.0,0.001066597251557777,0.0010660288408502233,0.0008235199865217814,0.00024287725076565635
2008-04-02,4741.39990234375,4916.75,4741.39990234375,4754.2001953125,0.0,0.003091093295508829,0.0030863256888461164,0.0026996864285635577,0.000390353036151286
2008-04-03,4753.89990234375,4833.25,4738.2001953125,4771.60009765625,0.0,0.003659901061992654,0.0036532199206828287,0.003723299959213175,-6.316371974534853e-05
2008-04-04,4766.7001953125,4791.7001953125,4632.7001953125,4647.0,0.0,-0.02611285420114151,-0.02645984878895571,-0.025111752450932688,-0.0010268887256827685
2008-04-07,4631.35009765625,4798.5498046875,4628.7998046875,4761.2001953125,0.0,0.02457503664998928,0.02427792823044179,0.028037201878122364,-0.00336774313401119
2008-04-08,4760.64990234375,4769.5498046875,4677.7998046875,4709.64990234375,0.0,-0.010827163499552594,-0.010886203780200618,-0.010712823048569865,-0.00011557862433337182
2008-04-09,4707.0498046875,4758.25,4667.5,4747.0498046875,0.0,0.007941121552397679,0.007909756784843095,0.008497891813289533,-0.0005520787553563303
2008-04-10,4747.5498046875,4799.5,4720.89990234375,4733.0,0.0,-0.002959691864540037,-0.00296408041381469,-0.003064697641114629,0.00010532857681549334
2008-04-11,4734.35009765625,4817.39990234375,4727.25,4777.7998046875,0.0,0.009465414047644227,0.009420897706035044,0.009177544147561008,0.00028525198737587153
2008-04-15,4779.9501953125,4917.10009765625,4708.2998046875,4879.64990234375,0.0,0.02131736402105533,0.02109332733837611,0.02085789662181447,0.0004500796837260221
2008-04-16,4881.64990234375,4951.39990234375,4874.0498046875,4887.2998046875,0.0,0.001567715409270587,0.0015664878263013712,0.0011573755711234844,0.00040986546986483143
2008-04-17,4890.60009765625,4984.9501953125,4889.64990234375,4958.39990234375,0.0,0.014547930451914715,0.014443124561409898,0.013863289439672665,0.0006752794182146607
2008-04-21,4955.89990234375,5053.39990234375,4955.89990234375,5037.0,0.0,0.01585190771302991,0.015727578407280188,0.01636435344828011,-0.0005041949115113312
2008-04-22,5037.0498046875,5074.25,4994.0498046875,5049.2998046875,0.0,0.0024418909445105275,0.0024389143734745633,0.0024319791296484893,9.887768016676593e-06
2008-04-23,5044.35009765625,5083.5,5003.5498046875,5022.7998046875,0.0,-0.00524825243599103,-0.005262072889500719,-0.00427216441197507,-0.000980275923932058
2008-04-24,5022.89990234375,5072.7001953125,4991.35009765625,4999.85009765625,0.0,-0.00456910645927644,-0.0045795767315603185,-0.004588943665141458,1.9928657350942877e-05
2008-04-25,4999.14990234375,5117.7001953125,4999.14990234375,5111.7001953125,0.0,0.02237069021502891,0.02212413660015115,0.02251388639416135,-0.00014004326106261194
2008-04-28,5112.5,5147.4501953125,5079.14990234375,5089.64990234375,0.0,-0.004313690577739782,-0.004323021384082487,-0.004469456754278729,0.00015646549229030138
2008-04-29,5092.39990234375,5210.89990234375,5082.14990234375,5195.5,0.0,0.020797127442401697,0.0205838195785686,0.020245876135689723,0.0005403122125813886
2008-04-30,5198.35009765625,5230.75,5155.85009765625,5165.89990234375,0.0,-0.005697256790732408,-0.005713548064716786,-0.00624240282068163,0.0005485704275334424
2008-05-02,5265.2998046875,5298.85009765625,5197.60009765625,5228.2001953125,0.0,0.01205991098288317,0.011987769688960374,-0.007046058296997942,0.01924154633709659
2008-05-05,5227.25,5254.5,5182.60009765625,5192.25,0.0,-0.006876208631936498,-0.00689995869070044,-0.006695681285570807,-0.00018174424792530443
2008-05-06,5192.35009765625,5206.5,5110.89990234375,5144.64990234375,0.0,-0.009167528076700848,-0.0092098084650326,-0.009186629255610318,1.9278281332755548e-05
2008-05-07,5156.7001953125,5159.0498046875,5101.25,5135.5,0.0,-0.0017785276972066555,-0.0017801111553528285,-0.00411119407945632,0.0023422960157619753
2008-05-08,5135.7998046875,5143.0498046875,5062.4501953125,5081.7001953125,0.0,-0.01047605971911203,-0.010531319910933291,-0.010533823636509877,5.837887011975465e-05
2008-05-09,5070.85009765625,5087.64990234375,4969.39990234375,4982.60009765625,0.0,-0.019501366441818546,-0.019694026964064176,-0.017403393573158316,-0.0021351314007580433
2008-05-12,4981.0,5021.75,4913.7998046875,5012.64990234375,0.0,0.006030948520559631,0.006012835141285264,0.006354126148112829,-0.0003211370820232322
2008-05-13,5008.60009765625,5066.0,4943.75,4957.7998046875,0.0,-0.01094233563580893,-0.01100264333194762,-0.010142613101118164,-0.0008079169234632654
2008-05-14,4958.4501953125,5026.10009765625,4932.0498046875,5011.75,0.0,0.010881882576519342,0.010823100944386392,0.010749287093351725,0.00013118533434630997
2008-05-15,5010.89990234375,5118.5498046875,4999.60009765625,5115.25,0.0,0.020651469047737736,0.020441118562082982,0.02082462226145094,-0.00016962092208310471
2008-05-16,5115.64990234375,5167.39990234375,5106.39990234375,5157.7001953125,0.0,0.008298752810224297,0.008264507492955415,0.008219931733304216,7.817845535408827e-05
2008-05-20,5157.0,5160.0498046875,5072.39990234375,5104.9501953125,0.0,-0.010227426566581155,-0.010280086048683846,-0.010093039497285244,-0.00013575727281247603
2008-05-21,5105.7001953125,5135.5498046875,5048.7001953125,5117.64990234375,0.0,0.002487723982676826,0.0024846347197979898,0.0023404639078144314,0.00014691622274565376
2008-05-22,5117.0,5118.89990234375,5010.7001953125,5025.4501953125,0.0,-0.018016024697004918,-0.018180289189540084,-0.017891304414207543,-0.0001269923414363225
2008-05-23,5026.5498046875,5059.0498046875,4940.7001953125,4946.5498046875,0.0,-0.015700163678588397,-0.01582471663631613,-0.015915489373127496,0.00021880813305555453
2008-05-26,4953.60009765625,4953.60009765625,4858.0,4875.0498046875,0.0,-0.014454519376767339,-0.014560003658967207,-0.015857213222745886,0.0014252950535480163
2008-05-27,4877.14990234375,4932.0,4846.2001953125,4859.7998046875,0.0,-0.0031281731697051507,-0.0031330761309393933,-0.003557425546406167,0.0004307848617732471
2008-05-28,4862.7001953125,4926.89990234375,4835.64990234375,4918.35009765625,0.0,0.012047881666293225,0.011975883645505798,0.011444238819698338,0.0005968127786256627
2008-05-29,4926.2998046875,4957.39990234375,4801.89990234375,4835.2998046875,0.0,-0.01688580343402679,-0.017029994101201647,-0.018472282160621075,0.0016163361439110013
2008-05-30,4844.0498046875,4908.85009765625,4833.4501953125,4870.10009765625,0.0,0.007197132416693952,0.007171356659648312,0.005377792140688066,0.0018096085772215116
2008-06-02,4869.25,4908.7998046875,4713.0,4739.60009765625,0.0,-0.02679616381248584,-0.027161726252020037,-0.0266262570916979,-0.00017455445251712834
2008-06-03,4739.2998046875,4739.2998046875,4634.0,4715.89990234375,0.0,-0.005000463082153295,-0.005013007232851876,-0.004937417616122503,-6.335829237966638e-05
2008-06-04,4718.7001953125,4731.5,4564.5,4585.60009765625,0.0,-0.027629891937007045,-0.0280187773839173,-0.02820694092590795,0.0005937982202205534
2008-06-05,4586.9501953125,4690.60009765625,4536.25,4676.9501953125,0.0,0.019921078094651046,0.019725249885616313,0.019620880142098094,0.00029442115044878196
2008-06-06,4680.5498046875,4746.2998046875,4614.25,4627.7998046875,0.0,-0.010509068639272923,-0.010564678851926567,-0.01127004352077862,0.0007696488576268631
2008-06-09,4626.4501953125,4626.4501953125,4411.60009765625,4500.9501953125,0.0,-0.027410349351437824,-0.027793021981505187,-0.027126629424684193,-0.0002916308898308393
2008-06-10,4522.0,4522.5498046875,4369.7998046875,4449.7998046875,0.0,-0.011364353837612029,-0.011429421544689062,-0.0159664297462406,0.004676746858790451
2008-06-11,4469.64990234375,4541.0498046875,4468.0498046875,4523.60009765625,0.0,0.016585081623449183,0.016449051147708362,0.012070340293142454,0.004460896788062139
2008-06-12,4524.39990234375,4550.0,4392.0,4539.35009765625,0.0,0.0034817401317503993,0.003475692907089307,0.0033043487833061425,0.00017680711606545232
2008-06-13,4539.5,4563.35009765625,4491.35009765625,4517.10009765625,0.0,-0.004901582720285957,-0.0049136348760890885,-0.004934442635477475,3.30228646227127e-05
2008-06-16,4536.2998046875,4617.7001953125,4536.2998046875,4572.5,0.0,0.01226448410397074,0.012189884648677788,0.007980115263786844,0.004250449761166903
2008-06-17,4572.5,4664.0498046875,4561.75,4653.0,0.0,0.017605248769819504,0.017452071579627682,0.017605248769819573,0.0
2008-06-18,4652.7998046875,4679.75,4569.89990234375,4582.39990234375,0.0,-0.015173027650171922,-0.015289315829534852,-0.01513065364919098,-4.302499731356114e-05
2008-06-19,4582.5498046875,4585.7001953125,4488.9501953125,4504.25,0.0,-0.017054361035530485,-0.017201461519304104,-0.017086514718815924,3.2712628086721495e-05
2008-06-20,4504.2001953125,4532.0,4333.60009765625,4347.5498046875,0.0,-0.03478940896098126,-0.035408972395669855,-0.03477873625333646,-1.1057265360492868e-05
2008-06-23,4351.14990234375,4351.14990234375,4225.5,4266.39990234375,0.0,-0.01866566364720068,-0.018842065703361617,-0.019477609804789613,0.0008280750809038227
2008-06-24,4271.0498046875,4305.89990234375,4156.10009765625,4191.10009765625,0.0,-0.017649495221048972,-0.017807104801721943,-0.018718982612542887,0.0010898890048247874
2008-06-25,4189.60009765625,4264.5498046875,4093.199951171875,4252.64990234375,0.0,0.014685835044102147,0.014579042457853951,0.01504912240258238,-0.0003579012586310766
2008-06-26,4252.60009765625,4324.75,4230.0,4315.85009765625,0.0,0.014861368032592637,0.014752019946292822,0.014873253667764149,-1.171144783692429e-05
2008-06-27,4315.2998046875,4315.2998046875,4119.2001953125,4136.64990234375,0.0,-0.04152141322281233,-0.04240805709320918,-0.04139918671460354,-0.00012750511632663981
2008-06-30,4136.25,4163.0,4021.699951171875,4040.550048828125,0.0,-0.02323132384521509,-0.023505424518432384,-0.02313688756044122,-9.667299703642377e-05
2008-07-01,4039.75,4075.39990234375,3878.199951171875,3896.75,0.0,-0.035589225994077545,-0.036237961018401016,-0.035398230088495575,-0.00019800492963997242
2008-07-02,3895.300048828125,4107.14990234375,3848.25,4093.35009765625,0.0,0.050452325054532565,0.049220857174104585,0.05084333590366345,-0.0003720924287868095
2008-07-03,4094.60009765625,4097.35009765625,3874.85009765625,3925.75,0.0,-0.04094448157566921,-0.04180631377820185,-0.04123726215727388,0.0003053733421716649
2008-07-04,3926.64990234375,4033.5,3896.39990234375,4016.0,0.0,0.02298923772527539,0.022728966606501914,0.0227547909486197,0.0002292306804432274
2008-07-07,4002.0,4114.5,4002.0,4030.0,0.0,0.003486055776892538,0.0034799935691636496,0.0069965017491254375,-0.0034860557768924302
2008-07-08,4028.699951171875,4028.699951171875,3896.050048828125,3988.550048828125,0.0,-0.010285347685328738,-0.010338607384927605,-0.009965969873748261,-0.00032259276132133997
2008-07-09,3990.89990234375,4169.39990234375,3990.89990234375,4157.10009765625,0.0,0.04225847658039217,0.04138997070841422,0.04164479174606585,0.0005891498130543479
2008-07-10,4155.64990234375,4187.9501953125,4110.39990234375,4162.2001953125,0.0,0.0012268402339230544,0.001226088280398324,0.0015762379225101933,-0.0003488478214218638
2008-07-11,4166.0,4215.5,4014.449951171875,4049.0,0.0,-0.027197200999602766,-0.027573890512452303,-0.028084493518963034,0.0009129317450370042
2008-07-14,4047.449951171875,4118.10009765625,4004.25,4039.699951171875,0.0,-0.0022968754823722293,-0.0022995173469942992,-0.0019147858759207413,-0.00038282262981600393
2008-07-15,4039.300048828125,4040.699951171875,3835.5,3861.10009765625,0.0,-0.04421116807544456,-0.045218277438091696,-0.04411654222705592,-9.899308081878518e-05
2008-07-16,3861.550048828125,3920.050048828125,3790.199951171875,3816.699951171875,0.0,-0.01149935131475266,-0.011565980139766415,-0.011614532270496088,0.00011653444886034621
2008-07-17,3823.14990234375,3968.75,3823.14990234375,3947.199951171875,0.0,0.034191841556717506,0.033620292297464015,0.032447079501663575,0.0016899288008989585
2008-07-18,3962.949951171875,4110.5498046875,3926.300048828125,4092.25,0.0,0.03674758072112905,0.0360884866196913,0.03262722225141652,0.003990170296623565
2008-07-21,4092.199951171875,4168.14990234375,4072.75,4159.5,0.0,0.0164335023520068,0.016299933699478398,0.016445933637444187,-1.2230149214979534e-05
2008-07-22,4158.4501953125,4262.4501953125,4137.9501953125,4240.10009765625,0.0,0.019377352483772148,0.01919200216119292,0.019634695261178704,-0.0002523872310373843
2008-07-23,4246.7001953125,4491.5498046875,4246.7001953125,4476.7998046875,0.0,0.055824084710190514,0.054321584958322885,0.054183153694010125,0.0015565900578380823
2008-07-24,4476.2001953125,4539.4501953125,4385.85009765625,4433.5498046875,0.0,-0.009660918934707441,-0.009707888368776924,-0.009528258068006813,-0.0001339370535113431
2008-07-25,4440.85009765625,4440.85009765625,4297.14990234375,4311.85009765625,0.0,-0.02744972141794355,-0.027833504484506066,-0.02904849232989927,0.001646602224030855
2008-07-28,4282.25,4352.64990234375,4282.25,4332.10009765625,0.0,0.00469635992471229,0.004685366432601327,0.01164109934175959,-0.006864825303722742
2008-07-29,4332.2001953125,4332.2001953125,4159.14990234375,4189.85009765625,0.0,-0.032836268043981764,-0.03338747836226951,-0.03285861484662568,2.31060349469198e-05
2008-07-30,4191.2001953125,4327.0,4191.2001953125,4313.5498046875,0.0,0.029523659354888654,0.029096228625124503,0.029192022254588938,0.00032223053922746017
2008-07-31,4314.35009765625,4342.0,4285.5498046875,4332.9501953125,0.0,0.004497546453252399,0.004487462714620029,0.004311216576131458,0.0001855300170361608
2008-08-01,4331.60009765625,4422.9501953125,4235.7001953125,4413.5498046875,0.0,0.018601554539490195,0.018430661620246206,0.01891903804222174,-0.0003115885471544472
2008-08-04,4426.10009765625,4436.14990234375,4362.89990234375,4395.35009765625,0.0,-0.004123598426808428,-0.004132123903968879,-0.0069474253454599975,0.0028435824957544847
2008-08-05,4395.7998046875,4515.14990234375,4376.0,4502.85009765625,0.0,0.0244576649439876,0.02416336519195173,0.024352859030248825,0.000102314268774585
2008-08-06,4506.25,4615.89990234375,4503.89990234375,4517.5498046875,0.0,0.003264533953484472,0.0032592169311085736,0.0025075849514563106,0.0007550556358781878
2008-08-07,4515.25,4580.14990234375,4493.7001953125,4523.85009765625,0.0,0.0013946261228183765,0.0013936545350367135,0.0019046780701511543,-0.0005090823094221732
2008-08-08,4518.35009765625,4546.35009765625,4464.0,4529.5,0.0,0.0012489145797907053,0.001248135334716441,0.0024676933178625657,-0.0012157785694202115
2008-08-11,4529.35009765625,4625.2001953125,4529.35009765625,4620.39990234375,0.0,0.020068418665139642,0.01986970216929604,0.02010217861821158,-3.309467794458549e-05
2008-08-12,4620.9501953125,4649.85009765625,4525.75,4552.25,0.0,-0.014749784387533271,-0.01485964406668586,-0.014867114426420263,0.00011910072296358107
2008-08-13,4548.0498046875,4572.64990234375,4497.25,4529.0498046875,0.0,-0.005096423815146411,-0.005109454876393555,-0.00417761476147808,-0.0009226635866879016
2008-08-14,4524.2001953125,4529.7998046875,4421.25,4430.7001953125,0.0,-0.0217152854608067,-0.021954532153550886,-0.020666636303334866,-0.0010707785482907972
2008-08-18,4430.7001953125,4447.39990234375,4379.85009765625,4393.0498046875,0.0,-0.008497616395898855,-0.008533926986748298,-0.008497616395898909,0.0
2008-08-19,4393.10009765625,4393.7001953125,4316.5498046875,4368.25,0.0,-0.005645236405250387,-0.0056612309761121336,-0.005656619950341606,1.1448303794857066e-05
2008-08-20,4365.4501953125,4434.89990234375,4365.4501953125,4415.75,0.0,0.010873919761918316,0.010815223816405003,0.011522249123701042,-0.0006409442425456418
2008-08-21,4416.2001953125,4418.5498046875,4271.2998046875,4283.85009765625,0.0,-0.029870328334654417,-0.03032553429014587,-0.029969225081039292,0.00010195217403612071
2008-08-22,4283.85009765625,4337.0,4248.0,4327.4501953125,0.0,0.010177783223578318,0.010126338356580568,0.01017778322357829,0.0
2008-08-25,4317.9501953125,4398.7998046875,4317.9501953125,4335.35009765625,0.0,0.0018255328166012497,0.0018238685567018873,0.0040296672163192306,-0.0021952881191539563
2008-08-26,4335.2001953125,4345.0498046875,4283.2998046875,4337.5,0.0,0.0004959005144502537,0.0004957775964252001,0.0005304956135559087,-3.457675628804218e-05
2008-08-27,4336.85009765625,4364.25,4282.64990234375,4292.10009765625,0.0,-0.010466836275216163,-0.010521998862159846,-0.01031854894504749,-0.00014983339337175792
2008-08-28,4290.75,4304.5,4201.85009765625,4214.0,0.0,-0.0181962433026428,-0.018363831028820478,-0.017887315737341956,-0.00031455409369115974
2008-08-29,4230.60009765625,4368.7998046875,4230.60009765625,4360.0,0.0,0.034646416706217265,0.03405974197894556,0.030586654223224142,0.003939273292892739
2008-09-01,4356.10009765625,4365.0,4281.35009765625,4348.64990234375,0.0,-0.0026032334073967656,-0.002606627711540453,-0.001710290201207381,-0.0008944730146215596
2008-09-02,4358.85009765625,4522.39990234375,4343.10009765625,4504.0,0.0,0.03572375361201696,0.03510046118798673,0.033300044528211004,0.0023456004832678066
2008-09-04,4512.9501953125,4514.60009765625,4419.4501953125,4447.75,0.0,-0.012488898756660705,-0.012567540504641407,-0.014447355386332865,0.0019871659219582592
2008-09-05,4444.7001953125,4444.7001953125,4328.89990234375,4352.2998046875,0.0,-0.021460332822775596,-0.021693954207102673,-0.020788891615782755,-0.0006856960682367489
2008-09-08,4358.2998046875,4558.0,4358.2998046875,4482.2998046875,0.0,0.029869265867206174,0.02943186784319624,0.028451461706841225,0.0013785815015633573
2008-09-09,4485.14990234375,4497.5,4418.9501953125,4468.7001953125,0.0,-0.0030340695552710795,-0.0030386816756627945,-0.0036675935898271934,0.0006358560962989188
2008-09-10,4467.5,4467.5,4382.35009765625,4400.25,0.0,-0.0153176969411154,-0.015436224801236593,-0.015053161723559038,-0.0002685781681570315
2008-09-11,4397.25,4399.2998046875,4272.75,4290.2998046875,0.0,-0.024987261022101026,-0.025304742451286402,-0.024322063860935814,-0.0006817794443497528
2008-09-12,4291.60009765625,4323.89990234375,4200.14990234375,4228.4501953125,0.0,-0.01441615089636028,-0.014521073204396558,-0.014714768596038978,0.0003030774136878091
2008-09-15,4231.9501953125,4237.25,3955.39990234375,4072.89990234375,0.0,-0.03678659692886699,-0.037480289375793695,-0.037583214742205925,0.0008277264336422757
2008-09-16,4072.550048828125,4090.10009765625,3919.35009765625,4074.89990234375,0.0,0.0004910506145385796,0.000490930088640157,0.0005769980693794469,-8.589789192306857e-05
2008-09-17,4074.800048828125,4116.7001953125,3974.60009765625,4008.25,0.0,-0.01635620602739596,-0.016491445462295706,-0.016332101705766933,-2.4504532140180304e-05
2008-09-18,4005.25,4050.10009765625,3799.550048828125,4038.14990234375,0.0,0.007459590181188691,0.007431905033011946,0.008214194455714375,-0.0007484563088629701
2008-09-19,4040.800048828125,4262.64990234375,4040.800048828125,4245.25,0.0,0.051285886523442015,0.050014068724451716,0.05059640385600561,0.0006562773914947659
2008-09-22,4248.9501953125,4303.25,4202.39990234375,4223.0498046875,0.0,-0.005229420013544539,-0.005243141287491266,-0.006095715278934939,0.0008716083416759908
2008-09-23,4223.89990234375,4224.7001953125,4117.89990234375,4126.89990234375,0.0,-0.022767882641835158,-0.02303107341928404,-0.022964559350986707,0.00020129946260790218
2008-09-24,4125.75,4207.9501953125,4115.85009765625,4161.25,0.0,0.008323462761173905,0.008289013769599644,0.00860449615221475,-0.00027863586977162864
2008-09-25,4162.14990234375,4172.60009765625,4077.5,4110.5498046875,0.0,-0.012183885926704718,-0.012258717915639393,-0.01239746257749954,0.00021625769750675879
2008-09-26,4108.75,4110.7001953125,3970.35009765625,3985.25,0.0,-0.030482492766445324,-0.030956746459839278,-0.03005780346820809,-0.0004378501108167033
2008-09-29,3990.199951171875,3997.550048828125,3777.300048828125,3850.050048828125,0.0,-0.03392508654962045,-0.034513897620804514,-0.03512352865990829,0.001242067918417916
2008-09-30,3848.699951171875,3966.85009765625,3715.050048828125,3921.199951171875,0.0,0.01848025387758434,0.018311569042277057,0.018837529794424417,-0.000350670157303784
2008-10-01,3921.85009765625,4000.5,3861.25,3950.75,0.0,0.007535970926270563,0.00750771735398448,0.007368946192262924,0.00016580294105652524
2008-10-03,3953.550048828125,3969.550048828125,3804.85009765625,3818.300048828125,0.0,-0.033525267650920676,-0.034100124132218405,-0.034209760425339644,0.000708738550433462
2008-10-06,3817.300048828125,3820.85009765625,3581.60009765625,3602.35009765625,0.0,-0.05655656926127428,-0.05821887279271458,-0.05630941985759348,-0.00026189665223059415
2008-10-07,3606.949951171875,3732.64990234375,3537.0,3606.60009765625,0.0,0.0011797853858694918,0.0011790899859858098,-9.699428058638154e-05,0.0012769035187939514
2008-10-08,3604.39990234375,3604.39990234375,3329.449951171875,3513.64990234375,0.0,-0.025772248875860604,-0.026110171950808763,-0.02517756144122357,-0.0006100469286655311
2008-10-10,3502.050048828125,3502.050048828125,3198.949951171875,3279.949951171875,0.0,-0.06651201959990027,-0.06882719192674666,-0.06342002386018736,-0.003301368616118361
2008-10-13,3272.89990234375,3510.199951171875,3272.89990234375,3490.699951171875,0.0,0.06425402921916601,0.06227411168951559,0.06654650472877482,-0.002149437928345866
2008-10-14,3494.10009765625,3648.25,3491.5,3518.64990234375,0.0,0.008006976125946252,0.00797509038509584,0.007026073667427948,0.0009740586506822292
2008-10-15,3517.89990234375,3518.5,3324.550048828125,3338.39990234375,0.0,-0.05122703451682897,-0.052585744522390884,-0.05102476050566723,-0.0002131499355762646
2008-10-16,3333.85009765625,3333.85009765625,3099.89990234375,3269.300048828125,0.0,-0.020698494948766633,-0.020915711392244338,-0.019362012969180803,-0.0013628698839542183
2008-10-17,3269.050048828125,3335.949951171875,3046.60009765625,3074.35009765625,0.0,-0.059630486116364456,-0.0614823810853935,-0.059558571531099745,-7.646896775033301e-05
2008-10-20,3108.199951171875,3238.39990234375,3058.949951171875,3122.800048828125,0.0,0.015759412439335208,0.015636522334850276,0.004697283921758434,0.011010409498069413
2008-10-21,3125.39990234375,3254.85009765625,3117.35009765625,3234.89990234375,0.0,0.035897224209949785,0.03526793448565593,0.03503551654874165,0.0008325392196021746
2008-10-22,3234.699951171875,3235.75,3051.800048828125,3065.14990234375,0.0,-0.05247457575951975,-0.053901509414070264,-0.052416005004328144,-6.18106210118376e-05
2008-10-23,3064.800048828125,3085.10009765625,2917.14990234375,2943.14990234375,0.0,-0.03980229479371089,-0.04061607280037005,-0.03969268616100743,-0.00011413912101247852
2008-10-24,2936.25,2936.25,2525.050048828125,2584.0,0.0,-0.12202908932968193,-0.13014181725086665,-0.1199659429544487,-0.002344393786485468
2008-10-27,2583.75,2585.300048828125,2252.75,2524.199951171875,0.0,-0.023142433757014302,-0.023414424421962517,-0.023047914398887277,-9.674922600619196e-05
2008-10-29,2685.300048828125,2781.25,2631.89990234375,2697.050048828125,0.0,0.06847718128510505,0.06623443970916182,0.004375674891574126,0.06382224101599333
2008-10-31,2696.300048828125,2921.35009765625,2696.300048828125,2885.60009765625,0.0,0.06990973300997894,0.06757428324225186,0.07020733798169058,-0.00027808160264800307
2008-11-03,2885.39990234375,3062.050048828125,2885.39990234375,3043.85009765625,0.0,0.05484127898683333,0.05339030915184837,0.05491446616595302,-6.937735851291494e-05
2008-11-04,3050.25,3152.300048828125,2985.0,3142.10009765625,0.0,0.03227819926994835,0.03176820366711214,0.03011231789402508,0.002102568174654164
2008-11-05,3155.75,3240.550048828125,2971.0,2994.949951171875,0.0,-0.046831781900944836,-0.04796387663501306,-0.05095462214311178,0.004344197167344132
2008-11-06,2998.449951171875,3007.800048828125,2860.25,2892.64990234375,0.0,-0.034157515316106224,-0.0347545173986808,-0.035284914055935965,0.001168633886062272
2008-11-07,2893.25,3010.0,2860.10009765625,2973.0,0.0,0.027777332331557547,0.027398540780887326,0.027564157953858116,0.00020745602700270605
2008-11-10,2973.300048828125,3161.25,2973.300048828125,3148.25,0.0,0.05894719138916926,0.057275198887858175,0.05884032835529953,0.00010092459741843257
2008-11-11,3147.199951171875,3147.199951171875,2919.449951171875,2938.64990234375,0.0,-0.06657670059755416,-0.06889648391547641,-0.06626526819513656,-0.0003335341310648773
2008-11-12,2937.89990234375,2975.199951171875,2794.949951171875,2848.449951171875,0.0,-0.030694350864978848,-0.03117528944420671,-0.030446902258485755,-0.000255219241802785
2008-11-14,2848.0,2938.800048828125,2778.800048828125,2810.35009765625,0.0,-0.013375644357012662,-0.013465904045903586,-0.013219769081372894,-0.00015796351685585575
2008-11-17,2813.39990234375,2835.699951171875,2694.5,2799.550048828125,0.0,-0.003842954953239386,-0.0038503580772936584,-0.004922817230528496,0.001085204540901665
2008-11-18,2802.449951171875,2802.449951171875,2664.300048828125,2683.14990234375,0.0,-0.04157816236687728,-0.042467266370184525,-0.04256991236480009,0.001035845865646832
2008-11-19,2682.75,2772.39990234375,2617.89990234375,2635.0,0.0,-0.017945289714037527,-0.018108259057428137,-0.017798900382070635,-0.00014904211777384577
2008-11-20,2634.199951171875,2634.199951171875,2502.89990234375,2553.14990234375,0.0,-0.03106265565702082,-0.03155532930269107,-0.030768373825255105,-0.0003036238436907021
2008-11-21,2553.60009765625,2718.60009765625,2539.800048828125,2693.449951171875,0.0,0.05495174752541243,0.05349502893932693,0.0547657613437524,0.00017632936949245638
2008-11-24,2690.85009765625,2740.35009765625,2633.800048828125,2708.25,0.0,0.005494829715207983,0.005479788213578264,0.006466321687300768,-0.000965250352802675
2008-11-25,2708.300048828125,2790.699951171875,2638.199951171875,2654.0,0.0,-0.02003138558109485,-0.02023473393352405,-0.0200494951996255,1.84801359272593e-05
2008-11-26,2652.449951171875,2762.60009765625,2643.35009765625,2752.25,0.0,0.03701959306706848,0.03635082305835962,0.037625610535660624,-0.0005840425124811605
2008-11-28,2745.699951171875,2779.0,2690.300048828125,2755.10009765625,0.0,0.0010355518780089668,0.0010350160640398135,0.0034235883933213395,-0.0023798887557907166
2008-12-01,2755.14990234375,2832.85009765625,2669.5,2682.89990234375,0.0,-0.0262060153001048,-0.026555512393819494,-0.02622361851837477,1.8077269694254884e-05
2008-12-02,2672.89990234375,2672.89990234375,2570.699951171875,2657.800048828125,0.0,-0.009355493842203355,-0.009399531351692986,-0.005649240176328561,-0.003727310136045
2008-12-03,2657.5,2693.64990234375,2611.949951171875,2656.449951171875,0.0,-0.0005079756307647676,-0.0005081046940946947,-0.00039512655809031044,-0.00011289367996561565
2008-12-04,2656.5,2793.800048828125,2646.35009765625,2788.0,0.0,0.049520996535279194,0.04833386630546942,0.049501223414266896,1.8840493532701905e-05
2008-12-05,2786.64990234375,2821.14990234375,2701.35009765625,2714.39990234375,0.0,-0.02639888725116568,-0.026753594387498327,-0.025927189468340873,-0.00048425310482424675
2008-12-08,2714.699951171875,2861.550048828125,2714.699951171875,2784.0,0.0,0.025641062540620485,0.0253178439613942,0.02552770106258326,0.00011053965477449461
2008-12-10,2785.699951171875,2940.14990234375,2785.699951171875,2928.25,0.0,0.05181393678160928,0.05051623249567385,0.051172075717687296,0.0006106146450700431
2008-12-11,2934.050048828125,2945.300048828125,2861.550048828125,2920.14990234375,0.0,-0.002766190610859698,-0.0027700235862329696,-0.004737528758218283,0.001980721874199607
2008-12-12,2915.35009765625,2936.800048828125,2812.550048828125,2921.35009765625,0.0,0.0004110046924428179,0.000410920253150051,0.0020580718606741624,-0.0016436843477273598
2008-12-15,2917.89990234375,3012.10009765625,2917.89990234375,2981.199951171875,0.0,0.020487052737582445,0.020280016011956118,0.021693701273741567,-0.0011810276745906057
2008-12-16,2983.60009765625,3052.550048828125,2963.300048828125,3041.75,0.0,0.02031062988724508,0.02010712003870125,0.019489844630796643,0.0008050940975735392
2008-12-17,3040.449951171875,3076.199951171875,2943.5,2954.35009765625,0.0,-0.028733427251993127,-0.029154314127445423,-0.028318128861959953,-0.00042740160372318564
2008-12-18,2955.35009765625,3072.550048828125,2922.64990234375,3060.75,0.0,0.03601465595704423,0.03538129041391165,0.0356641003133056,0.00033848391928679056
2008-12-19,3063.0,3106.800048828125,3036.300048828125,3077.5,0.0,0.005472514906477155,0.005457595104583804,0.004733920992491022,0.0007351139426611125
2008-12-22,3077.25,3110.449951171875,3027.800048828125,3039.300048828125,0.0,-0.0124126567577173,-0.012490337265284769,-0.012332423810829475,-8.123476848090982e-05
2008-12-23,3039.25,3040.0,2957.050048828125,2968.64990234375,0.0,-0.023245531980830902,-0.023519970684070027,-0.02322944728345809,-1.6467221834283036e-05
2008-12-24,2967.39990234375,2968.0,2900.449951171875,2916.85009765625,0.0,-0.017448943591025667,-0.017602970778235815,-0.017035049656628384,-0.0004210668287335346
2008-12-26,2919.85009765625,2960.949951171875,2844.800048828125,2857.25,0.0,-0.020433034150140195,-0.02064467655331063,-0.021439490234960626,0.00102850674513941
2008-12-29,2857.14990234375,2931.800048828125,2812.89990234375,2922.199951171875,0.0,0.022731630474013498,0.02247711675090526,0.022767460949376078,-3.5032865955026686e-05
2008-12-30,2922.550048828125,2999.14990234375,2899.75,2979.5,0.0,0.019608531170205,0.019418760658421116,0.019486390385242715,0.00011980619468205867
2008-12-31,2979.800048828125,3002.64990234375,2937.35009765625,2959.14990234375,0.0,-0.00683003781045477,-0.006853469271492079,-0.006930044347269591,0.00010070442293169995
2009-01-02,3034.60009765625,3079.85009765625,3021.800048828125,3046.75,0.0,0.02960312946189969,0.029173416788070172,0.004003790269806517,0.025497253536477086
2009-01-05,3058.75,3131.949951171875,3056.449951171875,3121.449951171875,0.0,0.024517912914375994,0.024222173087035313,0.020498553713731098,0.003938623122999918
2009-01-06,3121.5,3141.800048828125,3056.10009765625,3112.800048828125,0.0,-0.0027711167819629567,-0.002774963434064196,-0.002787105933645683,1.6033839692419333e-05
2009-01-07,3112.800048828125,3147.199951171875,2888.199951171875,2920.39990234375,0.0,-0.061809349610106756,-0.06380209861399314,-0.06180934961010677,0.0
2009-01-09,2919.949951171875,2929.85009765625,2810.25,2873.0,0.0,-0.016230620438560273,-0.016363779763300036,-0.016079025995987498,-0.0001540717665118035
2009-01-12,2868.85009765625,2869.199951171875,2748.550048828125,2773.10009765625,0.0,-0.03477198132396453,-0.03539091677149253,-0.033375741757376724,-0.0014444491276540202
2009-01-13,2775.0,2802.60009765625,2720.800048828125,2744.949951171875,0.0,-0.010151146908893294,-0.010203021154655566,-0.01082884642454955,0.0006851185593176916
2009-01-14,2748.39990234375,2853.25,2748.39990234375,2835.300048828125,0.0,0.03291502550626757,0.0323849268374807,0.0316184505792877,0.001256835728608511
2009-01-15,2832.300048828125,2832.300048828125,2701.75,2736.699951171875,0.0,-0.03477589530497949,-0.03539497176044313,-0.03375352046327327,-0.0010580890728795875
2009-01-16,2737.0,2835.64990234375,2724.199951171875,2828.449951171875,0.0,0.03352577982131799,0.032976044019506844,0.033412477592939346,0.00010963892040722874
2009-01-19,2828.699951171875,2868.199951171875,2819.89990234375,2846.199951171875,0.0,0.006275522037307413,0.006255912944324117,0.006186587585137863,8.838763432827253e-05
2009-01-20,2842.89990234375,2842.89990234375,2758.0,2796.60009765625,0.0,-0.017426693263487336,-0.01758032556762567,-0.01628611849799193,-0.0011594578331597049
2009-01-21,2777.39990234375,2787.300048828125,2690.199951171875,2706.14990234375,0.0,-0.03234291359293873,-0.032877504046246994,-0.025653489776490103,-0.006865549110361232
2009-01-22,2714.699951171875,2744.85009765625,2681.39990234375,2713.800048828125,0.0,0.002826948528516171,0.002822960224243932,-0.00033149237850817816,0.0031594882533003622
2009-01-23,2705.449951171875,2765.550048828125,2661.64990234375,2678.550048828125,0.0,-0.012989166248715267,-0.01307426316382555,-0.009942857132543965,-0.003076902316313151
2009-01-27,2686.050048828125,2777.300048828125,2685.25,2771.35009765625,0.0,0.03464562809596394,0.03405897977599281,0.03175668631540945,0.002800022349136719
2009-01-28,2771.10009765625,2855.39990234375,2765.60009765625,2849.5,0.0,0.028199216840139263,0.027808938958505707,0.02829197776365398,-9.020873985261795e-05
2009-01-29,2849.35009765625,2873.85009765625,2795.35009765625,2823.949951171875,0.0,-0.008966502483988448,-0.009006943491818803,-0.008914364895092407,-5.2606542814528864e-05
2009-01-30,2824.050048828125,2881.0,2774.10009765625,2874.800048828125,0.0,0.018006727645845322,0.017846526795929192,0.017970644684947898,3.544597389499121e-05
2009-02-02,2872.35009765625,2873.449951171875,2760.699951171875,2766.64990234375,0.0,-0.03762005866406637,-0.038345956874768494,-0.036799203341802984,-0.0008522161994792267
2009-02-03,2773.5,2831.699951171875,2752.89990234375,2783.89990234375,0.0,0.006234977539220532,0.0062156204856254945,0.003749739442491437,0.0024759539146774526
2009-02-04,2780.699951171875,2842.199951171875,2780.699951171875,2803.050048828125,0.0,0.006878891898466799,0.0068553402659932376,0.008037579763624248,-0.0011494490765206675
2009-02-05,2802.75,2816.800048828125,2754.85009765625,2780.050048828125,0.0,-0.008205347603270852,-0.008239196757802842,-0.008099170875702435,-0.00010704369272694286
2009-02-06,2779.35009765625,2852.5,2778.64990234375,2843.10009765625,0.0,0.022679465376784336,0.02242610979455669,0.02293701684208788,-0.00025177646430144326
2009-02-09,2843.050048828125,2926.75,2840.14990234375,2919.89990234375,0.0,0.0270126981286416,0.026654295162721622,0.027030777578925032,-1.760361099008032e-05
2009-02-10,2919.699951171875,2957.39990234375,2891.75,2934.5,0.0,0.005000204851039802,0.0049877453428987,0.005069030748239979,-6.847877617808161e-05
2009-02-11,2933.0,2937.5,2877.60009765625,2925.699951171875,0.0,-0.002998823931887884,-0.0030033294140615428,-0.002488935843206614,-0.0005111603339580849
2009-02-12,2927.39990234375,2939.0,2886.550048828125,2893.050048828125,0.0,-0.011159689267066564,-0.011222425782679828,-0.011733912229799436,0.0005810408450101292
2009-02-13,2896.949951171875,2969.75,2896.85009765625,2948.35009765625,0.0,0.019114791619496918,0.018934399141738875,0.017742849324539626,0.001348024499379026
2009-02-16,2948.25,2953.199951171875,2839.10009765625,2848.5,0.0,-0.03386643185136817,-0.03445318502293645,-0.033833630119562454,-3.39503969795077e-05
2009-02-17,2853.85009765625,2854.64990234375,2757.300048828125,2770.5,0.0,-0.02738283307003686,-0.027764730613045917,-0.02920619331922935,0.0018782157824293489
2009-02-18,2755.14990234375,2806.5,2736.64990234375,2776.14990234375,0.0,0.002039307830265402,0.0020372312647437417,0.007622089811569137,-0.005540551400920412
2009-02-19,2776.699951171875,2802.14990234375,2767.60009765625,2789.35009765625,0.0,0.004754856825762932,0.004743588200394986,0.004555820472801228,0.0001981336914338178
2009-02-20,2789.300048828125,2789.300048828125,2709.300048828125,2736.449951171875,0.0,-0.01896504369559937,-0.019147186713807076,-0.01894744083859104,-1.7942827674107133e-05
2009-02-24,2737.25,2746.199951171875,2677.550048828125,2733.89990234375,0.0,-0.0009318821369390662,-0.0009323166090364684,-0.001223891736688282,0.000292367425825706
2009-02-25,2733.449951171875,2789.35009765625,2733.449951171875,2762.5,0.0,0.010461281933450195,0.010406941376308907,0.010627613216649812,-0.0001645821675801885
2009-02-26,2762.199951171875,2797.800048828125,2731.89990234375,2785.64990234375,0.0,0.008380055147058751,0.008345137424263965,0.008489592204187196,-0.00010861496040723982
2009-02-27,2785.699951171875,2787.199951171875,2708.449951171875,2763.64990234375,0.0,-0.007897618427028408,-0.00792896979194595,-0.007915442874186465,1.7966661238689987e-05
2009-03-02,2764.60009765625,2764.60009765625,2659.550048828125,2674.60009765625,0.0,-0.032221810950793794,-0.03275236150716165,-0.03255443710513483,0.00034381898796015164
2009-03-03,2672.14990234375,2688.5,2611.550048828125,2622.39990234375,0.0,-0.019517009424415588,-0.019709981200865638,-0.0186179674861669,-0.0009160978176315421
2009-03-04,2611.949951171875,2655.699951171875,2611.949951171875,2645.199951171875,0.0,0.008694344751823513,0.008656766591065127,0.012729952955293836,-0.003984880857620317
2009-03-05,2645.89990234375,2663.89990234375,2564.10009765625,2576.699951171875,0.0,-0.025895962976127063,-0.026237166850943634,-0.0261536542295411,0.00026461181944484314
2009-03-06,2576.75,2628.10009765625,2539.449951171875,2620.14990234375,0.0,0.016862635151645877,0.016722039263046325,0.016842884386824488,1.942361511756072e-05
2009-03-09,2620.10009765625,2621.25,2555.60009765625,2573.14990234375,0.0,-0.01793790498702308,-0.018100739416035568,-0.017919237266735805,-1.900833515496545e-05
2009-03-12,2574.5,2646.10009765625,2574.5,2617.449951171875,0.0,0.017216272082622996,0.017069751373213142,0.016682832072975336,0.0005246867487278007
2009-03-13,2616.60009765625,2726.14990234375,2616.60009765625,2719.25,0.0,0.03889283490694728,0.038155564263315164,0.03923026007516239,-0.000324687589630704
2009-03-16,2716.050048828125,2781.949951171875,2701.949951171875,2777.25,0.0,0.021329410683092798,0.02110512248787214,0.022532703768945832,-0.0011767771157028593
2009-03-17,2776.35009765625,2805.60009765625,2738.699951171875,2757.449951171875,0.0,-0.007129372158835134,-0.007154907572551497,-0.0068075515765573654,-0.00032402640876766587
2009-03-18,2757.64990234375,2836.050048828125,2752.25,2794.699951171875,0.0,0.013508858060748974,0.013418426941530072,0.013435370746894248,7.251307382388708e-05
2009-03-19,2797.050048828125,2822.25,2771.35009765625,2807.14990234375,0.0,0.004454843593014068,0.004444950148910318,0.003610894813933171,0.0008409123330984265
2009-03-20,2807.35009765625,2816.10009765625,2773.64990234375,2807.050048828125,0.0,-3.5571137665835195e-05,-3.5571770333755804e-05,-0.00010687973273283563,7.131621732521396e-05
2009-03-23,2807.25,2949.75,2807.25,2939.89990234375,0.0,0.04732721227079173,0.04624140672188046,0.047252614602814144,7.123178012393286e-05
2009-03-24,2923.800048828125,3017.39990234375,2914.5,2938.699951171875,0.0,-0.0004081605536699895,-0.00040824387386155725,0.005096074319350929,-0.005476327103106421
2009-03-25,2938.800048828125,2996.5,2923.300048828125,2984.35009765625,0.0,0.0155341297998699,0.01541471033603829,0.015499539972543734,3.406188379663726e-05
2009-03-26,2982.25,3103.35009765625,2982.25,3082.25,0.0,0.03280442948722251,0.032277849355218144,0.03353172939894375,-0.0007037035158506721
2009-03-27,3079.39990234375,3123.35009765625,3055.89990234375,3108.64990234375,0.0,0.008565139863330407,0.008528667167411222,0.009498603925309488,-0.0009246808844999595
2009-03-30,3108.75,3110.199951171875,2962.39990234375,2978.14990234375,0.0,-0.041979638781970974,-0.04288624735610465,-0.04201048577603538,3.219971994097241e-05
2009-03-31,2981.699951171875,3054.300048828125,2966.39990234375,3020.949951171875,0.0,0.014371354777824363,0.014269065715578424,0.013163631700961013,0.0011920316117503607
2009-04-01,3023.85009765625,3069.300048828125,2965.699951171875,3060.35009765625,0.0,0.013042303620121487,0.012957985125214675,0.01207070417554452,0.0009600114305932102
2009-04-02,3061.050048828125,3228.75,3061.050048828125,3211.050048828125,0.0,0.04924271614783149,0.04806868124685913,0.04900279237754546,0.0002287160453998558
2009-04-06,3211.35009765625,3303.89990234375,3211.35009765625,3256.60009765625,0.0,0.014185406062029005,0.014085734669678393,0.014090646807093675,9.344258842508638e-05
2009-04-08,3255.35009765625,3357.050048828125,3149.25,3342.949951171875,0.0,0.026515338367081087,0.026169899758864138,0.02690950309114038,-0.000383835890964818
2009-04-09,3346.0,3401.14990234375,3307.050048828125,3342.050048828125,0.0,-0.0002691940821413219,-0.0002692303213719887,-0.001180499453638673,0.0009123824384674984
2009-04-13,3342.199951171875,3417.800048828125,3334.14990234375,3382.60009765625,0.0,0.012133285928002113,0.012060267655323522,0.01208789033409252,4.485341079872894e-05
2009-04-15,3381.449951171875,3497.550048828125,3311.800048828125,3484.14990234375,0.0,0.03002122679469621,0.0295794105677314,0.03037157215243813,-0.0003400184624756318
2009-04-16,3484.35009765625,3511.25,3354.199951171875,3369.5,0.0,-0.03290613365016992,-0.03345971859157479,-0.03296169857716191,5.745886890955259e-05
2009-04-17,3369.5,3489.85009765625,3359.25,3384.39990234375,0.0,0.004421992088959881,0.004412243809254642,0.004421992088959786,0.0
2009-04-20,3384.75,3441.10009765625,3339.449951171875,3377.10009765625,0.0,-0.0021568977952176605,-0.0021592272494664116,-0.002260108529064185,0.00010344452971043755
2009-04-21,3376.85009765625,3414.699951171875,3309.35009765625,3365.300048828125,0.0,-0.0034941365333868157,-0.003500255285772585,-0.003420361725899966,-7.40280100591342e-05
2009-04-22,3364.60009765625,3401.10009765625,3296.89990234375,3330.300048828125,0.0,-0.010400261341388495,-0.010454721991796463,-0.01019439096254503,-0.00020799071753460413
2009-04-23,3330.5,3439.89990234375,3310.5,3423.699951171875,0.0,0.028045491689740132,0.027659418670333946,0.027983771557386277,6.0039987071242836e-05
2009-04-24,3423.60009765625,3491.35009765625,3402.89990234375,3480.75,0.0,0.01666327354667807,0.016525964450570363,0.01669292578384784,-2.9165381619035224e-05
2009-04-27,3481.300048828125,3517.25,3435.300048828125,3470.0,0.0,-0.0030884148531207245,-0.003093193848489998,-0.0032459278630489843,0.00015802595076492136
2009-04-28,3469.5,3471.949951171875,3351.5,3362.35009765625,0.0,-0.031023026612031712,-0.031514430647232416,-0.03088338444840755,-0.00014409221902017292
2009-04-29,3371.64990234375,3486.39990234375,3366.699951171875,3473.949951171875,0.0,0.033191027190599964,0.03265209771732386,0.03034124294963505,0.0027658644749642505
2009-05-04,3478.699951171875,3664.5,3478.699951171875,3654.0,0.0,0.051828624867605866,0.05053019692695566,0.050392402704657356,0.0013673196409745834
2009-05-05,3664.5,3682.199951171875,3618.75,3661.89990234375,0.0,0.002161987505131302,0.002159653773205986,-0.0007095368143675808,0.0028735632183908046
2009-05-06,3662.0,3717.050048828125,3608.64990234375,3625.050048828125,0.0,-0.01006304227268462,-0.010114016944416868,-0.010090101357693884,2.733489688943541e-05
2009-05-07,3617.14990234375,3692.050048828125,3617.14990234375,3683.89990234375,0.0,0.016234218210214646,0.016103852322857194,0.01845375552634659,-0.0021793206653598868
2009-05-08,3681.800048828125,3711.25,3582.85009765625,3620.699951171875,0.0,-0.01715571889770029,-0.017304583283461062,-0.016595169983687045,-0.0005700082986209921
2009-05-11,3615.75,3660.199951171875,3534.550048828125,3554.60009765625,0.0,-0.018256098104520113,-0.018424797007042516,-0.01691209357498444,-0.0013671254836438186
2009-05-12,3554.64990234375,3691.64990234375,3534.199951171875,3681.10009765625,0.0,0.03558768821376246,0.03496908027085117,0.035573178452574294,1.4011333520425846e-05
2009-05-13,3668.75,3709.60009765625,3610.199951171875,3635.25,0.0,-0.012455542212895132,-0.012533762676350726,-0.009131175468483816,-0.003355001855046888
2009-05-14,3631.89990234375,3631.89990234375,3537.60009765625,3593.449951171875,0.0,-0.011498534854033404,-0.011565154181398902,-0.01058673207019344,-0.0009215590829378998
2009-05-15,3597.85009765625,3686.25,3597.85009765625,3671.64990234375,0.0,0.0217618033462168,0.021528395483821135,0.020512195529095407,0.0012244908219578932
2009-05-18,3673.14990234375,4384.2998046875,3673.14990234375,4323.14990234375,0.0,0.17744066491310173,0.16334315490680712,0.17695983482330802,0.00040853568283906764
2009-05-19,4324.9501953125,4509.39990234375,4167.64990234375,4318.4501953125,0.0,-0.0010871024917969985,-0.001087693816303243,-0.0015029074801936168,0.0004164308454291604
2009-05-20,4318.75,4362.85009765625,4244.7001953125,4270.2998046875,0.0,-0.0111499238030498,-0.011212550157980046,-0.011218569102749638,6.942413920286163e-05
2009-05-21,4270.35009765625,4319.0,4199.2001953125,4210.89990234375,0.0,-0.013910007507797695,-0.014007658268312618,-0.013921620933405156,1.1777385909718448e-05
2009-05-22,4211.85009765625,4249.5,4155.85009765625,4238.5,0.0,0.0065544416386835724,0.00653305468823182,0.006327362495303372,0.00022565136539368452
2009-05-25,4238.10009765625,4270.0498046875,4205.10009765625,4237.5498046875,0.0,-0.0002241819777043519,-0.00022420711024016018,-0.00012984425947238067,-9.434996903385632e-05
2009-05-26,4239.5498046875,4256.0498046875,4092.25,4116.7001953125,0.0,-0.028518746668491857,-0.02893330697304976,-0.02897704120356603,0.00047197085395613204
2009-05-27,4117.2998046875,4286.4501953125,4115.25,4276.0498046875,0.0,0.03870809187330293,0.03797772160667217,0.03855682304680968,0.00014565291290406527
2009-05-28,4276.14990234375,4354.85009765625,4254.85009765625,4337.10009765625,0.0,0.014277264240894816,0.014176303927149506,0.014253521673572132,2.3408907945896876e-05
2009-05-29,4340.75,4488.0498046875,4340.75,4448.9501953125,0.0,0.02578914369919505,0.025462212664147377,0.024926612984507285,0.0008415536329729607
2009-06-01,4450.39990234375,4545.39990234375,4450.39990234375,4529.89990234375,0.0,0.01819523786005517,0.018031685456947947,0.017863563217798084,0.0003258537334891812
2009-06-02,4530.4501953125,4586.39990234375,4451.2998046875,4525.25,0.0,-0.0010264911905325524,-0.0010270183934249677,-0.0011478319125724993,0.00012148016084533808
2009-06-03,4525.5,4574.89990234375,4478.60009765625,4530.7001953125,0.0,0.0012043965112424893,0.0012036718075930097,0.0011490874627113027,5.52455665432849e-05
2009-06-04,4530.2998046875,4582.2001953125,4453.4501953125,4572.64990234375,0.0,0.00925898983001594,0.009216388147472976,0.009348188747338611,-8.837279178486528e-05
2009-06-05,4573.2998046875,4636.85009765625,4561.9501953125,4586.89990234375,0.0,0.0031163549154935577,0.003111509146328134,0.0029738040883106535,0.00014212816586218138
2009-06-08,4582.35009765625,4611.39990234375,4404.64990234375,4429.89990234375,0.0,-0.034227910646094206,-0.03482740495188661,-0.03326899779885308,-0.0009919127917256717
2009-06-09,4427.75,4562.4501953125,4365.10009765625,4550.9501953125,0.0,0.027325740002546173,0.02695905690062911,0.0278245599486195,-0.0004853162353877432
2009-06-10,4551.7001953125,4688.9501953125,4551.7001953125,4655.25,0.0,0.02291824788478891,0.022659569685072888,0.022749697968714903,0.00016480074881340242
2009-06-11,4657.39990234375,4679.5498046875,4586.14990234375,4637.7001953125,0.0,-0.0037698952123945695,-0.0037770191773879485,-0.0042297649856814935,0.0004618231767896461
2009-06-12,4637.5498046875,4693.2001953125,4566.14990234375,4583.39990234375,0.0,-0.011708452612705145,-0.011777536315623243,-0.011676403407898037,-3.242784541182837e-05
2009-06-15,4584.64990234375,4601.0498046875,4469.60009765625,4484.0,0.0,-0.021686936436186022,-0.02192555427681002,-0.021953672469580736,0.0002727233116536056
2009-06-16,4478.10009765625,4537.9501953125,4405.9501953125,4517.7998046875,0.0,0.007537869020405985,0.007509601249351286,0.008865301392442758,-0.0013157676948595005
2009-06-17,4515.35009765625,4517.7998046875,4332.7998046875,4356.14990234375,0.0,-0.03578066964720927,-0.03643648913774111,-0.03525755298468105,-0.0005422345250243882
2009-06-18,4352.9501953125,4375.2998046875,4222.14990234375,4251.39990234375,0.0,-0.024046463585571498,-0.02434029983501015,-0.023329073022270053,-0.0007345263829255402
2009-06-19,4251.10009765625,4326.2001953125,4206.7001953125,4313.60009765625,0.0,0.01463052094398587,0.01452452744843538,0.014702076771717983,-7.051905122703724e-05
2009-06-22,4314.2001953125,4352.25,4221.89990234375,4235.25,0.0,-0.018163505165632032,-0.018330486696030126,-0.01830007689450332,0.00013911759149302154
2009-06-23,4223.2998046875,4267.4501953125,4143.25,4247.0,0.0,0.00277433445487274,0.0027704930922153406,0.005611771933925889,-0.0028216032849300516
2009-06-24,4247.2998046875,4307.0,4218.25,4292.9501953125,0.0,0.010819447919119485,0.010761336472574526,0.010748097079141504,7.05921091358606e-05
2009-06-25,4293.85009765625,4337.9501953125,4221.14990234375,4241.85009765625,0.0,-0.01190325890853483,-0.011974669943257217,-0.012110343588469383,0.00020962329000057098
2009-06-26,4243.9501953125,4383.75,4243.9501953125,4375.5,0.0,0.03150745530060006,0.03102128113329754,0.03099701896426554,0.0004950900215475241
2009-06-29,4375.39990234375,4439.9501953125,4350.89990234375,4390.9501953125,0.0,0.003531069663466946,0.003524850073885381,0.0035540278182161697,-2.287684978859559e-05
2009-06-30,4391.5,4426.75,4267.35009765625,4291.10009765625,0.0,-0.022739974997403434,-0.02300251598093086,-0.022862325479619718,0.000125213145912458
2009-07-01,4292.2998046875,4362.2998046875,4249.7001953125,4340.89990234375,0.0,0.011605370080903121,0.011538544301859693,0.011322624203270983,0.0002795802950169506
2009-07-02,4373.5,4383.64990234375,4288.75,4348.85009765625,0.0,0.0018314624827464598,0.001829787400255588,-0.00563619580284669,0.007509986037376367
2009-07-03,4347.2998046875,4434.4501953125,4298.9501953125,4424.25,0.0,0.017337894075582394,0.01718930778033886,0.0177006875002106,-0.0003564834229594412
2009-07-06,4429.60009765625,4479.7998046875,4133.7001953125,4165.7001953125,0.0,-0.05843923934847717,-0.06021639695929826,-0.05957646210171034,0.0012092665776685314
2009-07-07,4166.0,4231.7998046875,4155.5,4202.14990234375,0.0,0.008749959267895902,0.008711900223230998,0.008677364940890542,7.19698186243356e-05
2009-07-08,4201.85009765625,4201.85009765625,4061.10009765625,4078.89990234375,0.0,-0.029330224495622392,-0.02976895555269576,-0.029260966587332658,-7.134554798551663e-05
2009-07-09,4078.75,4114.89990234375,4039.85009765625,4080.949951171875,0.0,0.0005025984645876669,0.0005024722042830826,0.0005393689664419246,-3.6750679678083196e-05
2009-07-10,4081.39990234375,4129.9501953125,3976.800048828125,4003.89990234375,0.0,-0.018880419938989812,-0.019060930758841594,-0.01898858280353648,0.00011025647882444458
2009-07-13,4003.39990234375,4003.39990234375,3918.75,3974.050048828125,0.0,-0.0074551947460405055,-0.007483123607038943,-0.007331232010682327,-0.00012487824675819608
2009-07-14,3974.10009765625,4128.89990234375,3974.10009765625,4111.39990234375,0.0,0.034561681868130245,0.03397784123808458,0.03454865285564231,1.259390986778299e-05
2009-07-15,4120.7998046875,4249.5498046875,4118.75,4233.5,0.0,0.02969793757757433,0.029265494743313428,0.027349107128257253,0.0022863021275044246
2009-07-16,4223.5,4305.0,4205.5,4231.39990234375,0.0,-0.0004960665303531675,-0.000496189612060596,0.0018704634411625429,-0.002362111727884729
2009-07-17,4231.4501953125,4390.39990234375,4230.14990234375,4374.9501953125,0.0,0.03392501211933152,0.03336225132807462,0.03391272338711818,1.1885657208183749e-05
2009-07-20,4377.89990234375,4510.2998046875,4377.89990234375,4502.25,0.0,0.02909742945734428,0.028682136001716218,0.0284040522693719,0.0006742264253454671
2009-07-21,4501.5,4524.0,4436.60009765625,4469.10009765625,0.0,-0.007362963483536045,-0.0073902038949700795,-0.0071975791055759195,-0.0001665833749791771
2009-07-22,4469.2998046875,4557.9501953125,4380.4501953125,4398.89990234375,0.0,-0.015707904002713047,-0.015832580454101436,-0.015751886295457967,4.468618444118834e-05
2009-07-23,4409.7001953125,4532.39990234375,4405.9501953125,4523.75,0.0,0.028382118354120633,0.02798680842696153,0.025863391984955044,0.0024552258993198652
2009-07-24,4524.7998046875,4578.75,4504.85009765625,4568.5498046875,0.0,0.009903245026250396,0.009854529260629578,0.00966893606092293,0.000232065142304504
2009-07-27,4568.64990234375,4596.75,4528.5,4572.2998046875,0.0,0.0008208294010831896,0.0008204927048645212,0.0007989017372238512,2.191015979453614e-05
2009-07-28,4572.7998046875,4599.89990234375,4529.14990234375,4564.10009765625,0.0,-0.0017933441334804234,-0.0017949541001751161,-0.0019024902472949017,0.00010935415903554757
2009-07-29,4565.7998046875,4573.85009765625,4420.7998046875,4513.5,0.0,-0.011086544241708074,-0.011148458005061479,-0.011454686347352803,0.0003724079215797285
2009-07-30,4513.10009765625,4582.35009765625,4474.5,4571.4501953125,0.0,0.01283930327074323,0.012757578201762492,0.012929050185825141,-8.860138334995015e-05
2009-07-31,4571.60009765625,4669.75,4571.60009765625,4636.4501953125,0.0,0.014218682742436872,0.014118545371051477,0.014185426605773566,3.27909825865997e-05
2009-08-03,4633.7998046875,4723.75,4617.75,4711.39990234375,0.0,0.01616532128545778,0.016036053719832168,0.01674653652014716,-0.0005716422075836322
2009-08-04,4706.25,4731.4501953125,4642.60009765625,4680.5,0.0,-0.006558539496589577,-0.0065801412190565145,-0.005471447543160691,-0.0010930726430562838
2009-08-05,4680.9501953125,4717.2001953125,4629.85009765625,4694.14990234375,0.0,0.002916334225777195,0.002912089972889983,0.0028198776915994914,9.618530338639034e-05
2009-08-06,4694.35009765625,4718.14990234375,4559.2001953125,4585.5,0.0,-0.02314581012623862,-0.02341788078569043,-0.023187469062138255,4.2647831165349905e-05
2009-08-07,4591.89990234375,4591.89990234375,4463.9501953125,4481.39990234375,0.0,-0.022702016717097373,-0.022963675199383395,-0.024064113406217703,0.0013956825523388943
2009-08-10,4486.5,4562.5,4399.85009765625,4437.64990234375,0.0,-0.009762574408304636,-0.009810540776643808,-0.010888241982893124,0.0011380590367716735
2009-08-11,4435.0,4510.7998046875,4398.89990234375,4471.35009765625,0.0,0.007594153674606252,0.007565463251027612,0.008196188874013528,-0.0005971409196454301
2009-08-12,4473.7998046875,4473.7998046875,4359.39990234375,4457.5,0.0,-0.0030975202911330824,-0.0031023275367038786,-0.0036433916131923478,0.0005478674176137682
2009-08-13,4458.5498046875,4614.14990234375,4458.5498046875,4605.0,0.0,0.033090297251822776,0.03255459895211175,0.032847047073137875,0.00023551423163208077
2009-08-14,4605.14990234375,4619.0,4559.35009765625,4580.0498046875,0.0,-0.005418066300217128,-0.005432797254385226,-0.005450440960342144,3.255208333333333e-05
2009-08-17,4578.7998046875,4578.7998046875,4374.60009765625,4387.89990234375,0.0,-0.041953670928882025,-0.042859141981096416,-0.04169212686440629,-0.00027292279632432694
2009-08-18,4389.5,4491.4501953125,4372.64990234375,4458.89990234375,0.0,0.016180861364243126,0.016051346467611378,0.015810434524148535,0.0003646613851412893
2009-08-19,4457.75,4477.5498046875,4353.4501953125,4394.10009765625,0.0,-0.014532688803675309,-0.014639322704762736,-0.014278481822387976,-0.00025788924823039243
2009-08-20,4394.35009765625,4492.7998046875,4394.35009765625,4453.4501953125,0.0,0.013506769608618185,0.013416366323839432,0.013449109957754925,5.689447086864189e-05
2009-08-21,4453.4501953125,4538.7001953125,4400.89990234375,4528.7998046875,0.0,0.016919378475212188,0.016777840055069108,0.016919378475212226,0.0
2009-08-24,4536.9501953125,4656.2998046875,4536.9501953125,4642.7998046875,0.0,0.02517223214018105,0.024860629830958582,0.023330564546280897,0.001799680042505743
2009-08-25,4641.64990234375,4672.89990234375,4582.5,4659.35009765625,0.0,0.003564722509042939,0.0035583839447752407,0.0038133413085641122,-0.000247674332756934
2009-08-26,4659.4501953125,4697.7998046875,4659.10009765625,4680.85009765625,0.0,0.0046143774452180875,0.004603763843200937,0.00459279559748889,2.1483179875311624e-05
2009-08-27,4679.0,4707.89990234375,4645.14990234375,4688.2001953125,0.0,0.0015702484597681643,0.0015690169087143328,0.001966273843235734,-0.000395248217236515
2009-08-28,4688.39990234375,4743.75,4651.39990234375,4732.35009765625,0.0,0.009417239133237887,0.009373173372637477,0.009374242007497936,4.2597803619750964e-05
2009-08-31,4730.85009765625,4730.85009765625,4635.0,4662.10009765625,0.0,-0.014844632909723265,-0.014955917162028142,-0.014532271913257198,-0.0003169672507414217
2009-09-01,4662.2001953125,4735.89990234375,4600.64990234375,4625.35009765625,0.0,-0.007882713633384886,-0.007913946461732439,-0.007904014437925697,2.1470507743993205e-05
2009-09-02,4624.0,4650.4501953125,4576.60009765625,4608.35009765625,0.0,-0.003675397459883989,-0.0036821683286419565,-0.0033844944515030277,-0.0002918909115515644
2009-09-03,4608.75,4647.35009765625,4581.0498046875,4593.5498046875,0.0,-0.0032116251272396035,-0.0032167934640254477,-0.0032981166937889883,8.677776976045839e-05
2009-09-04,4608.7001953125,4697.2001953125,4580.35009765625,4680.39990234375,0.0,0.018906967671847852,0.018730452400324605,0.0155574682649515,0.003298187952493678
2009-09-07,4682.39990234375,4790.0,4679.2998046875,4782.89990234375,0.0,0.021899838077654943,0.02166348118377279,0.021463352574754513,0.0004273139137103398
2009-09-08,4782.85009765625,4842.2001953125,4782.64990234375,4805.25,0.0,0.004672917709462876,0.004662033523602062,0.00468337955118574,-1.041307334815733e-05
2009-09-09,4804.89990234375,4825.0498046875,4783.5,4814.25,0.0,0.0018729514593414098,0.0018711996727566542,0.001945950560112434,-7.285732402060246e-05
2009-09-10,4814.35009765625,4889.0498046875,4807.89990234375,4819.39990234375,0.0,0.0010697205886172068,0.0010691488452491261,0.0010489068275193313,2.0791952277094044e-05
2009-09-11,4819.39990234375,4856.14990234375,4791.5498046875,4829.5498046875,0.0,0.0021060510747019645,0.002103836457989509,0.002106051074702048,0.0
2009-09-14,4830.35009765625,4832.25,4786.25,4808.60009765625,0.0,-0.004337817783950926,-0.004347253412091281,-0.004502779210673237,0.0001657075713295773
2009-09-15,4808.35009765625,4899.4501953125,4808.35009765625,4892.10009765625,0.0,0.017364721187918875,0.017215677346227053,0.017417616916210518,-5.199018319736174e-05
2009-09-16,4894.64990234375,4966.2998046875,4894.64990234375,4958.39990234375,0.0,0.013552421938231252,0.013461409240998598,0.01302442488674706,0.0005212086091046221
2009-09-17,4958.5498046875,5003.0498046875,4944.14990234375,4965.5498046875,0.0,0.001441977751808654,0.0014409391002453732,0.0014117030736250026,3.023199957694896e-05
2009-09-18,4963.9501953125,4980.85009765625,4931.89990234375,4976.0498046875,0.0,0.002114569466222571,0.0021123369109170504,0.0024374961268599678,-0.0003221414421198559
2009-09-22,4977.10009765625,5036.2998046875,4977.10009765625,5020.2001953125,0.0,0.00887257812078368,0.008833448085396973,0.00865968069972033,0.00021106962550105732
2009-09-23,5019.9501953125,5030.75,4957.0498046875,4969.9501953125,0.0,-0.010009560982631727,-0.010059993458349821,-0.009960258180786078,-4.9798810858864136e-05
2009-09-24,4977.14990234375,5016.7001953125,4904.0498046875,4986.5498046875,0.0,0.0033399951151735774,0.0033344297203069546,0.0018886114600091845,0.0014486477224742687
2009-09-25,4985.10009765625,4994.35009765625,4931.25,4958.9501953125,0.0,-0.005534810732072848,-0.005550184550685771,-0.0052456122909235875,-0.0002907234637238023
2009-09-29,4959.14990234375,5020.25,4959.10009765625,5006.85009765625,0.0,0.009659282803248903,0.009612930180802755,0.009618623403570913,4.02720381097546e-05
2009-09-30,5007.64990234375,5087.60009765625,5004.35009765625,5083.9501953125,0.0,0.01539892270638199,0.01528156257568173,0.015236746668939231,0.00015974208771986115
2009-10-01,5087.2001953125,5110.5,5057.0498046875,5083.39990234375,0.0,-0.00010824121944730258,-0.0001082470779508545,-0.0007470303551748769,0.0006392666873480709
2009-10-05,5076.0498046875,5076.0498046875,4991.9501953125,5003.2001953125,0.0,-0.01577678494156498,-0.01590256308364279,-0.01435163408123512,-0.00144590191553908
2009-10-06,5003.64990234375,5034.7001953125,4921.0498046875,5027.39990234375,0.0,0.004836845636103648,0.004825185681401467,0.004746535122066655,8.988387705759419e-05
2009-10-07,5031.7001953125,5077.0,4972.9501953125,4985.75,0.0,-0.008284581125987844,-0.00831908898916255,-0.009132140932265184,0.0008553711764097429
2009-10-08,5011.25,5035.10009765625,4980.7001953125,5002.25,0.0,0.003309431880860414,0.003303967763271161,-0.0017959590920429034,0.005114576543147972
2009-10-09,4993.0,5032.60009765625,4934.5498046875,4945.2001953125,0.0,-0.011404828764555952,-0.011470362568461737,-0.009573363646605248,-0.0018491678744564945
2009-10-12,4945.4501953125,5068.0498046875,4945.4501953125,5054.25,0.0,0.022051646117555945,0.021812024866295583,0.02199997985838072,5.055407063943988e-05
2009-10-14,5054.35009765625,5127.39990234375,5054.35009765625,5118.2001953125,0.0,0.012652756652816954,0.012573379386921655,0.012632701815780014,1.9804650788940003e-05
2009-10-15,5118.5498046875,5152.25,5077.10009765625,5108.85009765625,0.0,-0.001826833124818572,-0.0018285038194818342,-0.001895010774803273,6.830709266124242e-05
2009-10-16,5108.64990234375,5149.64990234375,5093.2001953125,5142.14990234375,0.0,0.0065180625876606335,0.00649691187573945,0.006557505532847504,-3.9185982887194545e-05
2009-10-20,5145.60009765625,5181.9501953125,5102.64990234375,5114.4501953125,0.0,-0.005386794931556693,-0.00540135602667101,-0.006053696702535891,0.0006709635809970123
2009-10-21,5114.85009765625,5117.4501953125,5051.64990234375,5063.60009765625,0.0,-0.009942436765315477,-0.009992192862338394,-0.010019843987897906,7.819068100741675e-05
2009-10-22,5063.35009765625,5064.25,4968.4501953125,4988.60009765625,0.0,-0.014811596206958488,-0.014922383214037875,-0.014762953095935569,-4.937198735652833e-05
2009-10-23,4986.5498046875,5054.9501953125,4983.25,4997.0498046875,0.0,0.0016938032445654727,0.0016923703776181042,0.0021056643192713526,-0.0004109956558180062
2009-10-26,4997.14990234375,5033.75,4961.35009765625,4970.89990234375,0.0,-0.005233068183394973,-0.00524680864216922,-0.005252994309353877,2.003135052928691e-05
2009-10-27,4970.5498046875,4970.5498046875,4829.5,4846.7001953125,0.0,-0.024985356670065073,-0.025302789297137664,-0.024916682105911716,-7.042943191934544e-05
2009-10-28,4846.5498046875,4867.0,4784.10009765625,4826.14990234375,0.0,-0.004240058625583076,-0.004249073164630616,-0.00420915974576792,-3.102948788651106e-05
2009-10-29,4826.10009765625,4826.10009765625,4738.39990234375,4750.5498046875,0.0,-0.01566468078820671,-0.0157886684226227,-0.015654522583449997,-1.0319755603905522e-05
2009-10-30,4751.10009765625,4853.64990234375,4687.5,4711.7001953125,0.0,-0.008177918550957175,-0.008211541160985762,-0.008292795675508129,0.00011583774328752655
2009-11-03,4712.25,4729.85009765625,4538.5,4563.89990234375,0.0,-0.03136878129805265,-0.03187131878499145,-0.0314817969454613,0.00011668923418492985
2009-11-04,4567.2998046875,4717.7998046875,4565.0,4710.7998046875,0.0,0.03218736288854873,0.03168020376716393,0.03141900162821005,0.0007449555022019678
2009-11-05,4711.64990234375,4776.35009765625,4610.60009765625,4765.5498046875,0.0,0.011622230251754795,0.01155521091005473,0.011439708692476956,0.00018045718168793905
2009-11-06,4767.5,4836.2001953125,4764.85009765625,4796.14990234375,0.0,0.006421105414982975,0.006400577943453908,0.006009418425537493,0.00040922776855290547
2009-11-09,4796.14990234375,4905.25,4789.89990234375,4898.39990234375,0.0,0.021319183528861974,0.0210951088670664,0.021319183528862008,0.0
2009-11-10,4898.89990234375,4947.7001953125,4860.10009765625,4881.7001953125,0.0,-0.0034092167573455123,-0.0034150413788274323,-0.00351093253059146,0.00010207414869512056
2009-11-11,4882.2998046875,5016.7001953125,4870.0498046875,5003.9501953125,0.0,0.025042504682566635,0.024734079713590304,0.024916616244705696,0.00012282798021389271
2009-11-12,5004.39990234375,5014.39990234375,4924.75,4952.64990234375,0.0,-0.010251959145557876,-0.010304872432620345,-0.010340900209786095,8.987040511939298e-05
2009-11-13,4952.35009765625,5017.89990234375,4942.64990234375,4998.9501953125,0.0,0.009348589922909545,0.009305162304323626,0.009409693728701445,-6.053419753294554e-05
2009-11-16,4996.5,5073.2001953125,4994.0,5058.0498046875,0.0,0.011822404118052132,0.0117530654631769,0.012318583946262384,-0.0004901419731681945
2009-11-17,5058.9501953125,5074.0,5010.14990234375,5062.25,0.0,0.0008303981721586862,0.0008300535823478282,0.0006522706411613853,0.0001780114193746316
2009-11-18,5061.5,5079.2998046875,5041.64990234375,5054.7001953125,0.0,-0.0014913930934861153,-0.0014925063271494336,-0.0013434366665020252,-0.0001481554644673811
2009-11-19,5043.9501953125,5053.4501953125,4963.7001953125,4989.0,0.0,-0.012997842161524664,-0.013083053291191901,-0.01089427793390326,-0.0021267334529492103
2009-11-20,4988.75,5063.2998046875,4932.7998046875,5052.4501953125,0.0,0.01271801870364797,0.01263782393371543,0.012768768792282635,-5.0110242533573865e-05
2009-11-23,5052.9501953125,5113.10009765625,5052.10009765625,5103.5498046875,0.0,0.010113827430185962,0.010063024928878886,0.010013874552323915,9.896188595067871e-05
2009-11-24,5105.0,5112.85009765625,5053.5,5090.5498046875,0.0,-0.0025472466219610412,-0.0025504963744246104,-0.0028305965352595493,0.0002841542393037934
2009-11-25,5091.5498046875,5138.0,5078.35009765625,5108.14990234375,0.0,0.0034574060428684827,0.003451442955186688,0.003260323141878576,0.00019644243517255762
2009-11-26,5116.4501953125,5116.4501953125,4986.0498046875,5005.5498046875,0.0,-0.02008556906467729,-0.020290026501848146,-0.02167526046214674,0.001624911783607136
2009-11-27,5005.0498046875,5005.0498046875,4806.7001953125,4941.75,0.0,-0.012745813582306975,-0.012827738340506812,-0.012647187771881173,-9.988912697098123e-05
2009-11-30,4942.25,5066.35009765625,4942.25,5032.7001953125,0.0,0.01840445091566756,0.018237138750004357,0.01830142046891598,0.00010117873223048515
2009-12-01,5039.7001953125,5130.35009765625,5038.85009765625,5122.0,0.0,0.01774391504001671,0.01758832954742736,0.016330297735577263,0.001390903437188621
2009-12-02,5122.75,5161.75,5111.75,5123.25,0.0,0.00024404529480670512,0.00024401552059781837,9.760382606998194e-05,0.00014642717688402967
2009-12-03,5124.5498046875,5181.0,5106.60009765625,5131.7001953125,0.0,0.001649381801102745,0.0016480230647846364,0.001395320739874444,0.00025370705850778313
2009-12-04,5131.7001953125,5161.7998046875,5081.85009765625,5108.89990234375,0.0,-0.004443029035401724,-0.004452928622557845,-0.0044430290354016974,0.0
2009-12-07,5108.85009765625,5131.2998046875,5051.5498046875,5066.7001953125,0.0,-0.0082600379412191,-0.008294341082044564,-0.008250369757978769,-9.748612901409889e-06
2009-12-08,5068.5498046875,5152.5498046875,5058.89990234375,5147.9501953125,0.0,0.016036078091845374,0.01590885845874608,0.015665307372844373,0.0003650520661773478
2009-12-09,5147.64990234375,5147.64990234375,5090.60009765625,5112.0,0.0,-0.006983399984179073,-0.007007898041626141,-0.006925471432608194,-5.8332531853830626e-05
2009-12-10,5112.39990234375,5146.4501953125,5084.64990234375,5134.64990234375,0.0,0.004430732070373589,0.00442094527483114,0.004352163450632963,7.822815801056338e-05
2009-12-11,5136.0498046875,5182.5498046875,5088.39990234375,5117.2998046875,0.0,-0.003379022520762387,-0.00338474431036693,-0.0036506655334392407,0.00027263832400939425
2009-12-14,5117.4501953125,5156.7001953125,5090.14990234375,5105.7001953125,0.0,-0.002266744145882349,-0.0022693170992805064,-0.0022960653355772387,2.9388667996790146e-05
2009-12-15,5105.75,5129.4501953125,5018.25,5033.0498046875,0.0,-0.014229270784778869,-0.014331477568789911,-0.014238886610684032,9.754722289750828e-06
2009-12-16,5032.9501953125,5067.25,5001.7998046875,5042.0498046875,0.0,0.001788180198737166,0.0017865833079278638,0.0018080070379943424,-1.9791056887064663e-05
2009-12-17,5046.64990234375,5064.2001953125,5013.14990234375,5041.75,0.0,-5.946087387342924e-05,-5.94626417412698e-05,-0.0009709217874365333,0.000912346730881828
2009-12-18,5042.0,5043.39990234375,4979.0498046875,4987.7001953125,0.0,-0.010720445219913666,-0.010778323216369252,-0.010769497161344704,4.958595725690485e-05
2009-12-21,4983.64990234375,4997.85009765625,4943.9501953125,4952.60009765625,0.0,-0.007037331090837706,-0.007062209894237859,-0.00623033425219088,-0.0008120562203310683
2009-12-22,4953.35009765625,4997.2998046875,4953.35009765625,4985.85009765625,0.0,0.0067136452256129076,0.006691209072439182,0.006561216017292589,0.00015143560659277279
2009-12-23,4990.0498046875,5150.60009765625,4990.0498046875,5144.60009765625,0.0,0.03184010688059491,0.031343719862452074,0.030971693473594228,0.0008423251700295201
2009-12-24,5144.7998046875,5197.89990234375,5129.0498046875,5178.39990234375,0.0,0.00656995763439383,0.006548469528681985,0.00653088534672165,3.881876675720266e-05
2009-12-29,5180.75,5214.60009765625,5175.85009765625,5187.9501953125,0.0,0.0018442555903084301,0.0018425570390217326,0.0013897978695169618,0.00045382699300344553
2009-12-30,5188.75,5197.0498046875,5160.10009765625,5169.4501953125,0.0,-0.003565955590073999,-0.0035723287651930414,-0.0037195480004818117,0.0001541658376409728
2009-12-31,5171.2001953125,5221.85009765625,5168.75,5201.0498046875,0.0,0.00611276019327045,0.006094153063461107,0.005772278822633392,0.00033852729669140574
2010-01-04,5200.89990234375,5238.4501953125,5167.10009765625,5232.2001953125,0.0,0.005989250592625561,0.005971386324858452,0.006018245602966659,-2.8821555143521018e-05
2010-01-05,5277.14990234375,5288.35009765625,5242.39990234375,5277.89990234375,0.0,0.008734319277804437,0.0086963957751834,0.0001421221708458388,0.008590976138780048
2010-01-06,5278.14990234375,5310.85009765625,5260.0498046875,5281.7998046875,0.0,0.0007389117671630085,0.0007386389062683265,0.0006915116871025716,4.736732500155655e-05
2010-01-07,5281.7998046875,5302.5498046875,5244.75,5263.10009765625,0.0,-0.0035404043550939512,-0.0035466864183382987,-0.00354040435509395,0.0
2010-01-08,5264.25,5276.75,5234.7001953125,5244.75,0.0,-0.003486556842120736,-0.003492649046092997,-0.003704231371990312,0.00021848384458089093
2010-01-11,5263.7998046875,5287.2001953125,5227.7998046875,5249.39990234375,0.0,0.0008865822667905032,0.0008861894848711219,-0.0027356477977993486,0.0036321663925830594
2010-01-12,5251.10009765625,5300.5,5200.9501953125,5210.39990234375,0.0,-0.007429420643412454,-0.0074571562473284584,-0.007750794034694925,0.0003238837475005281
2010-01-13,5212.60009765625,5239.2001953125,5169.5498046875,5233.9501953125,0.0,0.0045198628531673,0.004509678948100578,0.004095863341952835,0.00042226995120092506
2010-01-14,5234.5,5272.85009765625,5232.5,5259.89990234375,0.0,0.004957958341768487,0.004945708140283072,0.0048524027784411115,0.00010504583860817063
2010-01-15,5259.89990234375,5279.85009765625,5242.4501953125,5252.2001953125,0.0,-0.0014638504865499558,-0.0014649229624307774,-0.0014638504865499627,0.0
2010-01-18,5253.64990234375,5292.5,5228.9501953125,5274.85009765625,0.0,0.004312459826638859,0.004303187818976659,0.00403532700247921,0.0002760189972468755
2010-01-19,5274.2001953125,5287.7998046875,5218.64990234375,5225.64990234375,0.0,-0.009327316303142097,-0.00937108811281388,-0.009205242723228363,-0.00012320773703858773
2010-01-20,5226.10009765625,5256.7001953125,5201.39990234375,5221.7001953125,0.0,-0.0007558307780011209,-0.0007561165620956245,-0.0008419093131651315,8.615106654926948e-05
2010-01-21,5220.2001953125,5220.35009765625,5085.4501953125,5094.14990234375,0.0,-0.024426965968527115,-0.024730253416518803,-0.024146639640743543,-0.00028726275808529646
2010-01-22,5094.14990234375,5094.14990234375,4954.85009765625,5036.0,0.0,-0.011415035571881393,-0.011480687178891941,-0.011415035571881386,0.0
2010-01-25,5034.5498046875,5035.7001953125,4983.0498046875,5007.89990234375,0.0,-0.005579844649771681,-0.005595470135225262,-0.005293403259003848,-0.0002879657093923749
2010-01-27,5008.5,5008.5,4833.0498046875,4853.10009765625,0.0,-0.030911121968522637,-0.03139894990280727,-0.03102723417065988,0.0001198302018714767
2010-01-28,4863.0,4929.89990234375,4824.9501953125,4867.25,0.0,0.0029156419729696736,0.002911399732814308,0.000873946123791898,0.002039913075053005
2010-01-29,4866.14990234375,4893.7001953125,4766.0,4882.0498046875,0.0,0.0030406912912834816,0.003036077739411096,0.003267450173717812,-0.0002260203721300529
2010-02-01,4882.0498046875,4918.7998046875,4827.14990234375,4899.7001953125,0.0,0.0036153647199692607,0.0036088449983292152,0.0036153647199692594,0.0
2010-02-02,4907.85009765625,4951.14990234375,4814.10009765625,4830.10009765625,0.0,-0.014204970688377228,-0.01430682701245135,-0.015841967145070225,0.0016633471475554647
2010-02-03,4831.0,4949.14990234375,4831.0,4931.85009765625,0.0,0.02106581601680957,0.020846999413257735,0.02087561532938315,0.00018631132389713149
2010-02-04,4931.2998046875,4931.2998046875,4832.35009765625,4845.35009765625,0.0,-0.017539057004410386,-0.017694688705123994,-0.01742942235017826,-0.00011157941905239867
2010-02-05,4819.64990234375,4827.0,4692.35009765625,4718.64990234375,0.0,-0.026148821603992345,-0.026496781268445523,-0.020955878963508253,-0.0053040946050382344
2010-02-08,4755.35009765625,4799.0498046875,4675.39990234375,4760.39990234375,0.0,0.008847869806840825,0.008808956769992533,0.0010619206964359736,0.007777689820613952
2010-02-09,4760.5498046875,4810.39990234375,4739.35009765625,4792.64990234375,0.0,0.006774640925465425,0.006751796164294356,0.0067429391505667,3.148944349742479e-05
2010-02-10,4793.0,4826.85009765625,4748.10009765625,4757.2001953125,0.0,-0.0073966819512341075,-0.007424173049006029,-0.007469185204986438,7.304886928602728e-05
2010-02-11,4757.25,4843.7998046875,4757.25,4826.85009765625,0.0,0.014640944144494794,0.014534800298261869,0.01463032164722266,1.0469327641303592e-05
2010-02-15,4827.89990234375,4845.60009765625,4783.89990234375,4801.9501953125,0.0,-0.005158623499793458,-0.005171975135166793,-0.005374947193634331,0.00021749270564871043
2010-02-16,4801.7998046875,4880.0,4791.35009765625,4855.75,0.0,0.011203740667701467,0.011141443639869172,0.011235411201407024,-3.131865573008362e-05
2010-02-17,4858.64990234375,4929.7001953125,4857.60009765625,4914.0,0.0,0.011996087113216314,0.011924704368882228,0.011392073676588598,0.0005972099765741647
2010-02-18,4915.10009765625,4922.0498046875,4873.7001953125,4887.75,0.0,-0.005341880341880323,-0.005356199200524958,-0.005564504712588012,0.0002238700969169719
2010-02-19,4887.2998046875,4887.2998046875,4805.5498046875,4844.89990234375,0.0,-0.008766834976471793,-0.008805489760123469,-0.00867552719051192,-9.210686154160912e-05
2010-02-22,4849.35009765625,4912.0498046875,4845.89990234375,4856.39990234375,0.0,0.0023736300505272645,0.002370817440569972,0.0014537627817194012,0.0009185319412578969
2010-02-23,4856.60009765625,4884.10009765625,4833.14990234375,4870.0498046875,0.0,0.002810703940827164,0.0028067612985113975,0.0027693667917481415,4.122298750631793e-05
2010-02-24,4869.5498046875,4880.5498046875,4834.64990234375,4858.60009765625,0.0,-0.0023510451618440342,-0.002353813207905825,-0.0022486076681482244,-0.00010266835454511001
2010-02-25,4859.0,4880.14990234375,4835.60009765625,4859.75,0.0,0.00023667359334722526,0.00023664559057058937,0.00015435274747890512,8.23081413806643e-05
2010-02-26,4858.5,4992.0,4858.4501953125,4922.2998046875,0.0,0.012870992270692883,0.012788865005232845,0.013131584786971287,-0.00025721487730850353
2010-03-02,4935.60009765625,5029.4501953125,4935.35009765625,5017.0,0.0,0.01923901409302964,0.01905628423679781,0.01649240228810354,0.0027020485335095086
2010-03-03,5015.7998046875,5093.25,5015.10009765625,5088.10009765625,0.0,0.014171835291259649,0.014072353623684244,0.01441450930740537,-0.0002392256951365358
2010-03-04,5096.9501953125,5096.9501953125,5049.0,5080.25,0.0,-0.001542834752772615,-0.0015440261478846663,-0.003276507454959758,0.001739371766747799
2010-03-05,5080.5498046875,5118.64990234375,5068.0498046875,5088.7001953125,0.0,0.0016633424167118438,0.0016619605947973564,0.0016042339782753735,5.9013766546921904e-05
2010-03-08,5092.14990234375,5147.10009765625,5092.14990234375,5124.0,0.0,0.0069369000594723396,0.006912950461775033,0.006254744708436498,0.0006779151647463388
2010-03-09,5121.0498046875,5131.7998046875,5094.35009765625,5101.5,0.0,-0.0043911007025760895,-0.004400769901265003,-0.0038175384800212815,-0.0005757602093091335
2010-03-10,5101.60009765625,5137.39990234375,5092.0498046875,5116.25,0.0,0.002891306478486788,0.002887134691252988,0.0028716289131483237,1.9621220474370284e-05
2010-03-11,5116.35009765625,5152.60009765625,5102.10009765625,5133.39990234375,0.0,0.0033520454129001287,0.0033464398319566976,0.003332415562279514,1.9564653066210604e-05
2010-03-12,5131.7998046875,5158.10009765625,5122.10009765625,5137.0,0.0,0.0007013086306808525,0.0007010628286984394,0.0010133277817560276,-0.0003117032934682228
2010-03-15,5134.4501953125,5151.0498046875,5101.2001953125,5128.89990234375,0.0,-0.0015768148055771425,-0.0015780592864252823,-0.0010809907112970234,-0.0004963606555382519
2010-03-16,5128.9501953125,5209.25,5125.7001953125,5198.10009765625,0.0,0.01349221014839408,0.013402000790980504,0.01348227214351743,9.805800407026399e-06
2010-03-17,5198.4501953125,5260.5,5177.14990234375,5231.89990234375,0.0,0.006502338172121647,0.006481289167163449,0.006434553717839207,6.735108013942519e-05
2010-03-18,5232.5498046875,5255.64990234375,5214.39990234375,5245.89990234375,0.0,0.002675892173267469,0.0026723183478340206,0.0025513560605367803,0.00012421918535919643
2010-03-19,5246.7998046875,5269.9501953125,5237.10009765625,5262.7998046875,0.0,0.003221544950981592,0.0032163668929633504,0.00304947789044773,0.00017154394107823977
2010-03-22,5260.9501953125,5260.9501953125,5187.0498046875,5205.2001953125,0.0,-0.010944670424988812,-0.011005003954608747,-0.010596945025192062,-0.0003514496928711937
2010-03-23,5205.85009765625,5243.60009765625,5193.39990234375,5225.2998046875,0.0,0.003861447902253623,0.003854011649290952,0.0037361250643783506,0.00012485635890340283
2010-03-25,5225.2998046875,5267.2998046875,5202.9501953125,5260.39990234375,0.0,0.006717336606171909,0.006694875828928294,0.0067173366061718575,0.0
2010-03-26,5260.5498046875,5293.75,5260.5498046875,5282.0,0.0,0.004106170264094544,0.004097762953683076,0.004077557690526273,2.8496377943283667e-05
2010-03-29,5283.89990234375,5329.5498046875,5242.14990234375,5302.85009765625,0.0,0.003947386909551209,0.003939616419884685,0.003586403161061845,0.0003596937417171526
2010-03-30,5302.9501953125,5325.0,5251.35009765625,5262.4501953125,0.0,-0.007618526188701069,-0.007647695404744314,-0.007637258225770185,1.8876199478887984e-05
2010-03-31,5260.39990234375,5293.89990234375,5235.14990234375,5249.10009765625,0.0,-0.0025368596681716316,-0.0025400829491546485,-0.00214808852887124,-0.00038960805188736756
2010-04-01,5249.2001953125,5298.60009765625,5249.2001953125,5290.5,0.0,0.007887047603118758,0.00785610742115299,0.007867828078719582,1.9069488938626663e-05
2010-04-05,5291.39990234375,5377.5498046875,5291.39990234375,5368.39990234375,0.0,0.014724487731547109,0.014617134988492871,0.014551914695748841,0.00017009778730743785
2010-04-06,5369.64990234375,5388.64990234375,5351.7001953125,5366.0,0.0,-0.00044704239389881106,-0.0004471423471397832,-0.0006797281778383517,0.00023284405460447752
2010-04-07,5365.7001953125,5399.64990234375,5345.0498046875,5374.64990234375,0.0,0.0016119832917909083,0.0016106854412794307,0.0016679476499765129,-5.58711680022363e-05
2010-04-08,5376.2998046875,5383.64990234375,5290.25,5304.4501953125,0.0,-0.013061261348508935,-0.013147309710539474,-0.01336413741517086,0.0003069785704610302
2010-04-09,5302.39990234375,5377.4501953125,5302.25,5361.75,0.0,0.010802213722005627,0.010744286598761555,0.011193063282536699,-0.0003865231820937498
2010-04-12,5354.14990234375,5382.14990234375,5324.89990234375,5339.7001953125,0.0,-0.0041124268545716935,-0.004120906136825128,-0.0026987864170416147,-0.0014174658751806778
2010-04-13,5340.85009765625,5356.5,5301.7001953125,5322.9501953125,0.0,-0.0031368802343442193,-0.0031418105563994977,-0.003351508096361869,0.00021534960797226993
2010-04-15,5323.2998046875,5373.14990234375,5265.2998046875,5273.60009765625,0.0,-0.009271192824555907,-0.009314437828800527,-0.00933625924797365,6.567962542799541e-05
2010-04-16,5273.39990234375,5283.0498046875,5237.5498046875,5262.60009765625,0.0,-0.0020858616118595297,-0.0020880400510003044,-0.002047977564284486,-3.796179247436167e-05
2010-04-19,5279.0498046875,5279.0498046875,5160.89990234375,5203.64990234375,0.0,-0.01120172428430466,-0.011264936095264202,-0.014282854894984912,0.0031257756101543866
2010-04-20,5208.2998046875,5257.25,5208.2998046875,5230.10009765625,0.0,0.0050830082363124696,0.005070133360250802,0.00418568319533557,0.0008935847781872606
2010-04-21,5230.2998046875,5266.2998046875,5230.2998046875,5244.89990234375,0.0,0.0028297364125271507,0.0028257402454029998,0.002791445653491048,3.818417000077955e-05
2010-04-22,5248.60009765625,5331.7998046875,5221.10009765625,5269.35009765625,0.0,0.004661708663224351,0.004650876550451328,0.003953435128209875,0.0007054844480152082
2010-04-23,5269.64990234375,5311.0498046875,5269.64990234375,5304.10009765625,0.0,0.006594741164656526,0.006573090991872485,0.0065374732574127545,5.689595148239436e-05
2010-04-26,5299.35009765625,5342.35009765625,5299.35009765625,5322.4501953125,0.0,0.003459606213758848,0.0034536355429986695,0.004359043511102712,-0.0008955336272969107
2010-04-27,5322.10009765625,5330.5498046875,5301.39990234375,5308.35009765625,0.0,-0.0026491741846016437,-0.002652689456282345,-0.002583566589823298,-6.57775354212487e-05
2010-04-28,5308.2001953125,5308.25,5202.4501953125,5215.4501953125,0.0,-0.017500711263329638,-0.017655659171124917,-0.017472965711034134,-2.8238970865200675e-05
2010-04-29,5215.25,5264.75,5214.7998046875,5254.14990234375,0.0,0.0074202045043076925,0.007392810217539679,0.0074588758628541295,-3.838504922929375e-05
2010-04-30,5254.2001953125,5294.7998046875,5254.2001953125,5278.0,0.0,0.0045392876296908025,0.004529016135379945,0.004529672224658063,9.572046798201459e-06
2010-05-03,5278.39990234375,5278.7001953125,5210.0498046875,5222.75,0.0,-0.010467980295566504,-0.010523154984110675,-0.010542949259877026,7.57677801724138e-05
2010-05-04,5223.89990234375,5250.14990234375,5134.85009765625,5148.5,0.0,-0.014216648317457281,-0.014318672982353193,-0.014433642250671983,0.00022017181441769183
2010-05-05,5148.35009765625,5148.35009765625,5056.5,5124.89990234375,0.0,-0.004583878344420755,-0.004594416530933983,-0.004554895232003654,-2.911573152374478e-05
2010-05-06,5124.39990234375,5124.89990234375,5037.75,5090.85009765625,0.0,-0.006643994094778005,-0.006666163674476285,-0.006547069964651921,-9.756288113477826e-05
2010-05-07,5072.2998046875,5085.64990234375,4984.60009765625,5018.0498046875,0.0,-0.014300223257853517,-0.014403456807526558,-0.010695345718694618,-0.0036438497722198248
2010-05-10,5026.60009765625,5203.2998046875,5026.60009765625,5193.60009765625,0.0,0.034983768555816974,0.03438574403959364,0.033223251652318035,0.0017039075540388087
2010-05-11,5189.75,5206.7001953125,5126.5,5136.14990234375,0.0,-0.011061728710769603,-0.011123364586176314,-0.01032806930126692,-0.0007413157701509323
2010-05-12,5133.75,5172.85009765625,5098.7998046875,5156.64990234375,0.0,0.003991316528874078,0.003983372356512285,0.004460657870708547,-0.00046725706791674173
2010-05-13,5157.5498046875,5212.7001953125,5147.9501953125,5178.89990234375,0.0,0.004314816871684002,0.004305534740252186,0.00413958148050179,0.0001745129804800177
2010-05-14,5180.5498046875,5192.75,5070.9501953125,5093.5,0.0,-0.01648996967581895,-0.016627442603929482,-0.016803198110118545,0.00031858162444949446
2010-05-17,5093.89990234375,5094.5498046875,4966.25,5059.89990234375,0.0,-0.0065966619527338954,-0.0066185160897830105,-0.006674650199615483,7.851228894669677e-05
2010-05-18,5059.5498046875,5105.2001953125,5024.25,5066.2001953125,0.0,0.001245141819076645,0.0012443672728817412,0.0013144233937253944,-6.919062886754626e-05
2010-05-19,5065.10009765625,5065.10009765625,4908.14990234375,4919.64990234375,0.0,-0.028927063147710874,-0.02935369831893425,-0.02871615417428838,-0.00021714452920116835
2010-05-20,4924.2998046875,4980.25,4924.2998046875,4947.60009765625,0.0,0.005681338279617032,0.005665260344674226,0.004731696666106757,0.0009451693588063572
2010-05-21,4946.7001953125,4946.7001953125,4842.2998046875,4931.14990234375,0.0,-0.003324883779570742,-0.0033304234883113635,-0.0031435689155945774,-0.00018188663715491008
2010-05-24,4944.2998046875,5029.5498046875,4923.4501953125,4943.9501953125,0.0,0.0025958028496895214,0.002592439572484712,-7.07095825112686e-05,0.002666700993514701
2010-05-25,4945.2998046875,4946.60009765625,4786.4501953125,4806.75,0.0,-0.027751128124750002,-0.02814346627068717,-0.028016462127568652,0.00027298199247225487
2010-05-26,4807.2998046875,4925.4501953125,4807.2998046875,4917.39990234375,0.0,0.02301969154704331,0.022758735608322447,0.022902690102434144,0.000114381793831591
2010-05-27,4915.14990234375,5016.60009765625,4897.60009765625,5003.10009765625,0.0,0.01742794912239165,0.01727782415402294,0.017893695423319977,-0.000457558881661749
2010-05-28,5005.60009765625,5077.25,5005.60009765625,5066.5498046875,0.0,0.012682078270025654,0.012602334221159585,0.012176303708278297,0.0004996901823273831
2010-05-31,5076.10009765625,5097.60009765625,5038.5498046875,5086.2998046875,0.0,0.003898116225311332,0.0038905382570750065,0.0020093589241787085,0.001884969720403065
2010-06-01,5086.25,5086.9501953125,4961.0498046875,4970.2001953125,0.0,-0.02282594692275186,-0.023090492266616938,-0.022816378409928728,-9.791929184768136e-06
2010-06-02,4970.75,5031.2001953125,4967.0498046875,5019.85009765625,0.0,0.009989517603451015,0.009939952188865392,0.00987780468867877,0.00011062022974819652
2010-06-03,5020.14990234375,5125.7001953125,5020.14990234375,5110.5,0.0,0.018058288709870807,0.01789717455385668,0.01799748999807125,5.97238327176299e-05
2010-06-04,5112.60009765625,5147.89990234375,5091.60009765625,5135.5,0.0,0.004891889247627512,0.004879962836728166,0.0044791108059180915,0.000410937805743078
2010-06-07,5132.9501953125,5132.9501953125,5004.25,5034.0,0.0,-0.01976438516210688,-0.019962312910597833,-0.01927745089030146,-0.0004965056347970013
2010-06-08,5036.7001953125,5071.35009765625,4967.2998046875,4987.10009765625,0.0,-0.009316627402413569,-0.009360298632856782,-0.00984773675876346,0.0005363915996225665
2010-06-09,4985.0498046875,5050.60009765625,4980.10009765625,5000.2998046875,0.0,0.0026467700212100542,0.0026432734937479525,0.003059146968935044,-0.00041111927344581687
2010-06-10,4999.60009765625,5085.2001953125,4997.60009765625,5078.60009765625,0.0,0.01565911965825495,0.015537780712110243,0.015801263792484966,-0.00013993301573518932
2010-06-11,5078.75,5139.0498046875,5078.75,5119.35009765625,0.0,0.008023864690351656,0.007991844656968942,0.00799411226310608,2.951646927648019e-05
2010-06-14,5120.14990234375,5201.25,5120.14990234375,5197.7001953125,0.0,0.015304696135574059,0.01518876068179503,0.015146098151003613,0.00015623168414798745
2010-06-15,5201.2998046875,5231.4501953125,5171.0498046875,5222.35009765625,0.0,0.004742463285200671,0.004731253234392907,0.0040471216348227255,0.000692538861369164
2010-06-16,5225.0498046875,5255.64990234375,5214.89990234375,5233.35009765625,0.0,0.002106331401438677,0.0021041161955454323,0.0015885576748576895,0.0005169525176915289
2010-06-17,5233.64990234375,5285.5498046875,5206.5498046875,5274.85009765625,0.0,0.00792991090326356,0.007898634397593373,0.00787217259107255,5.72873363917058e-05
2010-06-18,5274.9501953125,5302.2998046875,5245.5,5262.60009765625,0.0,-0.0023223408766521736,-0.002325041692512812,-0.002341272845992881,1.8976398266649497e-05
2010-06-21,5266.5,5366.75,5266.5,5353.2998046875,0.0,0.017234770901867202,0.017087936936644132,0.016481497139941136,0.0007410599839206592
2010-06-22,5353.9501953125,5354.35009765625,5311.0498046875,5316.5498046875,0.0,-0.006864924689594432,-0.006888596684940277,-0.00698556939467701,0.00012149340569913527
2010-06-23,5316.14990234375,5333.2998046875,5288.14990234375,5323.14990234375,0.0,0.0012414249651966358,0.001240655034366222,0.0013167424035416843,-7.521839509476875e-05
2010-06-24,5323.25,5348.2998046875,5284.5498046875,5320.60009765625,0.0,-0.00047900298399961017,-0.00047911774257688094,-0.0004977978384915231,1.8804215189568047e-05
2010-06-25,5320.5,5320.5,5259.89990234375,5269.0498046875,0.0,-0.009688811792387453,-0.009736053722463615,-0.009670180492904802,-1.8813226781334967e-05
2010-06-28,5271.10009765625,5339.4501953125,5270.75,5333.5,0.0,0.012231844013917526,0.01215763950246269,0.011838117506342857,0.00038912005859690295
2010-06-29,5333.5498046875,5334.14990234375,5235.7998046875,5256.14990234375,0.0,-0.014502690101481197,-0.014608882074956035,-0.014511892675254575,9.338087091028406e-06
2010-06-30,5254.25,5320.35009765625,5210.0,5312.5,0.0,0.010720793490140546,0.01066373324209074,0.0110862635009754,-0.0003614627396571817
2010-07-01,5312.0498046875,5312.5498046875,5232.10009765625,5251.39990234375,0.0,-0.01150119485294121,-0.011567845125803692,-0.011417419748254401,-8.474264705882352e-05
2010-07-02,5251.25,5277.25,5225.60009765625,5237.10009765625,0.0,-0.002723046226420056,-0.002726760461016281,-0.0026945779278743157,-2.8545215854366213e-05
2010-07-05,5237.0,5252.75,5225.85009765625,5235.89990234375,0.0,-0.0002291717343797517,-0.00022919799823436973,-0.00021006256563872445,-1.9113183705386215e-05
2010-07-06,5236.10009765625,5297.4501953125,5231.5,5289.0498046875,0.0,0.010151053942027977,0.010099878028875301,0.010112432162049578,3.8235129821787925e-05
2010-07-07,5293.10009765625,5296.75,5233.4501953125,5241.10009765625,0.0,-0.009065845246674309,-0.009107190095395111,-0.009824110453347606,0.000765788396464024
2010-07-08,5242.0,5320.5,5242.0,5296.85009765625,0.0,0.010637079804091343,0.010580904083332588,0.0104635821549504,0.00017170104119026926
2010-07-09,5297.2001953125,5359.0498046875,5297.2001953125,5352.4501953125,0.0,0.010496822947821727,0.010442113816835361,0.010430038126346594,6.60954434796845e-05
2010-07-12,5352.25,5402.7001953125,5351.60009765625,5383.0,0.0,0.00570762988402107,0.005691403079691351,0.00574524732589098,-3.7402554941160304e-05
2010-07-13,5370.2001953125,5406.2001953125,5357.85009765625,5400.64990234375,0.0,0.0032788226534925524,0.0032734590355328547,0.0056701251208155536,-0.002377819930800669
2010-07-14,5402.0,5453.4501953125,5371.7001953125,5386.14990234375,0.0,-0.002684862055899462,-0.0026884727623095483,-0.0029341165598389487,0.00024998799786375535
2010-07-15,5387.10009765625,5399.2001953125,5360.60009765625,5378.75,0.0,-0.001373876048368028,-0.0013748206813710688,-0.0015500171715544793,0.00017641456879737572
2010-07-16,5376.64990234375,5401.35009765625,5374.39990234375,5393.89990234375,0.0,0.0028166213978619847,0.002812662152533556,0.0032083175050100447,-0.0003904434406228213
2010-07-19,5392.7001953125,5409.10009765625,5361.5,5386.4501953125,0.0,-0.001381135572800063,-0.0013820902196343338,-0.0011589741268080676,-0.00022241922411810145
2010-07-20,5387.0,5416.4501953125,5353.60009765625,5368.0,0.0,-0.0034252976716568906,-0.0034311774341907633,-0.0035270094672359385,0.00010207180379732492
2010-07-21,5368.85009765625,5409.10009765625,5368.85009765625,5399.35009765625,0.0,0.0058401821267231036,0.005823194372050832,0.005680918529149222,0.00015836394490499254
2010-07-22,5399.14990234375,5447.14990234375,5372.2001953125,5441.9501953125,0.0,0.007889856535648887,0.007858894368978778,0.00792722812718546,-3.7077668400665624e-05
2010-07-23,5441.89990234375,5477.5,5435.14990234375,5449.10009765625,0.0,0.0013138492796036516,0.0013129869348835793,0.0013231032252906704,-9.241717940256151e-06
2010-07-26,5446.5498046875,5466.25,5409.2001953125,5418.60009765625,0.0,-0.0055972544921900624,-0.005612977820209495,-0.005131635261499942,-0.0004680209434667798
2010-07-27,5420.2001953125,5450.9501953125,5407.2001953125,5430.60009765625,0.0,0.002214594135705017,0.0022121455365479116,0.001918730299435074,0.000295297240507212
2010-07-28,5436.10009765625,5447.85009765625,5386.25,5397.5498046875,0.0,-0.006085937534419772,-0.006104532335174015,-0.007091534790790697,0.0010127794168408207
2010-07-29,5397.85009765625,5415.85009765625,5381.5498046875,5408.89990234375,0.0,0.0021028240714691115,0.002100616231522225,0.002047075129466421,5.5635052869583655e-05
2010-07-30,5408.39990234375,5413.25,5349.2001953125,5367.60009765625,0.0,-0.007635527636516981,-0.00766482751966219,-0.007543784746726893,-9.244023905551352e-05
2010-08-02,5369.5498046875,5438.85009765625,5351.2998046875,5431.64990234375,0.0,0.011932670750838481,0.011862037773378627,0.011565233569867992,0.00036323626868203817
2010-08-03,5432.5,5459.2001953125,5426.39990234375,5439.5498046875,0.0,0.0014544203852941973,0.0014533637403788082,0.0012977091003221353,0.00015650818287886778
2010-08-04,5441.35009765625,5481.89990234375,5428.39990234375,5467.85009765625,0.0,0.0052026902932964525,0.005189203059859094,0.004870114865686428,0.00033096359687682394
2010-08-05,5470.14990234375,5487.14990234375,5443.10009765625,5447.10009765625,0.0,-0.0037949101803090857,-0.003802129121223046,-0.0042137427856637055,0.0004206049263285021
2010-08-06,5448.25,5471.89990234375,5431.35009765625,5439.25,0.0,-0.0014411517166037502,-0.0014421911745366375,-0.0016519065755058965,0.00021110358229781275
2010-08-09,5439.7998046875,5492.2998046875,5433.25,5486.14990234375,0.0,0.008622494340901676,0.008585532950855656,0.00852055210125746,0.0001010809739394218
2010-08-10,5486.7998046875,5491.4501953125,5445.35009765625,5460.7001953125,0.0,-0.004638901139098928,-0.004649694232652821,-0.004756800011675749,0.0001184623744007348
2010-08-11,5460.7001953125,5474.60009765625,5412.0,5420.60009765625,0.0,-0.007343398506050924,-0.007370493986963361,-0.007343398506050961,0.0
2010-08-12,5418.7001953125,5431.10009765625,5372.4501953125,5416.4501953125,0.0,-0.0007655798747345788,-0.0007658730806648022,-0.00041522872993534217,-0.0003504966810909878
2010-08-13,5420.64990234375,5476.5,5415.5,5452.10009765625,0.0,0.006581783466707014,0.006560218103885612,0.00580192336326715,0.0007753615153490209
2010-08-16,5452.10009765625,5465.25,5397.39990234375,5418.2998046875,0.0,-0.0061994997089800385,-0.006218796401868112,-0.0061994997089800455,0.0
2010-08-17,5422.14990234375,5443.5498046875,5408.7998046875,5414.14990234375,0.0,-0.0007659048951407232,-0.000766198350143573,-0.001475429514876002,0.0007105730201417037
2010-08-18,5416.25,5487.9501953125,5416.25,5479.14990234375,0.0,0.012005578192776367,0.011934082898280511,0.011613182985229634,0.00038789056345500916
2010-08-19,5478.25,5544.7001953125,5478.10009765625,5540.2001953125,0.0,0.011142292884273042,0.0110806748273832,0.011308391422899649,-0.00016424123445957548
2010-08-20,5540.7998046875,5546.60009765625,5513.35009765625,5530.64990234375,0.0,-0.001723817304802533,-0.0017253047875308014,-0.0018318478742298564,0.00010822882817615917
2010-08-23,5531.14990234375,5549.7998046875,5519.39990234375,5543.5,0.0,0.0023234335716684207,0.0023207385735129846,0.0022328264238538923,9.04052884974897e-05
2010-08-24,5541.10009765625,5547.25,5488.4501953125,5505.10009765625,0.0,-0.006927014042346857,-0.006951117177111686,-0.006496904832169901,-0.0004329218623162262
2010-08-25,5505.2998046875,5506.14990234375,5452.5498046875,5462.35009765625,0.0,-0.0077655263740255,-0.007795835084648713,-0.0078015200906370935,3.6276730251466924e-05
2010-08-26,5462.10009765625,5486.5498046875,5454.7001953125,5477.89990234375,0.0,0.0028467242870742204,0.002842680040908752,0.0028926245226226425,-4.5767846353764176e-05
2010-08-27,5489.60009765625,5495.2001953125,5391.9501953125,5408.7001953125,0.0,-0.012632524921027177,-0.012712993664487983,-0.014736939103868368,0.002135890673630967
2010-08-30,5408.89990234375,5469.0,5390.35009765625,5415.4501953125,0.0,0.0012479893054249125,0.0012472112140708633,0.0012110212958297987,3.6923294698988484e-05
2010-08-31,5413.5498046875,5413.89990234375,5348.89990234375,5402.39990234375,0.0,-0.0024098260528822024,-0.00241273435696224,-0.002059628662526664,-0.00035092015556618695
2010-09-01,5403.0498046875,5478.60009765625,5403.0498046875,5471.85009765625,0.0,0.012855433986360465,0.012773504308811986,0.012733603326969378,0.00012029882191210052
2010-09-02,5471.89990234375,5513.9501953125,5471.85009765625,5486.14990234375,0.0,0.0026133399914638478,0.002609931156180491,0.00260421430477856,9.101983170433118e-06
2010-09-03,5486.2998046875,5510.39990234375,5473.64990234375,5479.39990234375,0.0,-0.0012303710471193163,-0.0012311285750001095,-0.0012576604614014562,2.7323778317825384e-05
2010-09-06,5479.5498046875,5589.39990234375,5479.5498046875,5576.9501953125,0.0,0.01780309791351864,0.017646478902998107,0.017775254189984456,2.7357438117608645e-05
2010-09-07,5575.89990234375,5625.5,5571.64990234375,5604.0,0.0,0.004850286220995148,0.004838561479732106,0.005039562787782206,-0.00018832747863389295
2010-09-08,5604.25,5625.2998046875,5567.75,5607.85009765625,0.0,0.0006870267052552226,0.0006867908104461945,0.0006423870555828166,4.461099214846538e-05
2010-09-09,5608.2998046875,5647.4501953125,5608.10009765625,5640.0498046875,0.0,0.0057418986724890875,0.005725476804122235,0.005661252269977236,8.019241303150221e-05
2010-09-13,5639.2001953125,5770.60009765625,5639.2001953125,5760.0,0.0,0.02126757732047113,0.021044578618470873,0.021421442847145773,-0.00015063862987413362
2010-09-14,5760.2998046875,5838.4501953125,5760.2998046875,5795.5498046875,0.0,0.006171841091579866,0.006152873284535868,0.006119473151608354,5.204942491319444e-05
2010-09-15,5795.25,5869.4501953125,5792.2001953125,5860.9501953125,0.0,0.011284587800816315,0.011221391822531002,0.011336904415253871,-5.1730154619241626e-05
2010-09-16,5861.10009765625,5901.64990234375,5815.7998046875,5828.7001953125,0.0,-0.005502520739008032,-0.005517715371069107,-0.0055279558110099755,2.5576457529000953e-05
2010-09-17,5828.7001953125,5898.39990234375,5828.7001953125,5884.9501953125,0.0,0.009650522091569691,0.009604253244100887,0.009650522091569715,0.0
2010-09-20,5885.0498046875,5989.5,5885.0498046875,5980.4501953125,0.0,0.01622783487208923,0.016097570938055195,0.0162106343686357,1.6926120305884863e-05
2010-09-21,5980.5,6032.7998046875,5961.85009765625,6009.0498046875,0.0,0.004782183354259173,0.004770785040215841,0.004773815682217206,8.327916105552908e-06
2010-09-22,6008.39990234375,6037.39990234375,5946.4501953125,5991.0,0.0,-0.0030037701923222304,-0.0030082905643817803,-0.002895929469834833,-0.00010815392863660882
2010-09-23,5991.0498046875,6006.7998046875,5932.39990234375,5959.5498046875,0.0,-0.005249573579118705,-0.005263401003784735,-0.005257843120475123,8.313251126690035e-06
2010-09-24,5959.4501953125,6029.10009765625,5951.2001953125,6018.2998046875,0.0,0.00985812719507595,0.009809852862910048,0.009875006493264948,-1.671424491186431e-05
2010-09-27,6018.2998046875,6073.5,6018.2998046875,6035.64990234375,0.0,0.00288289022137711,0.00287874266275489,0.0028828902213772155,0.0
2010-09-28,6036.0498046875,6049.7998046875,5991.2998046875,6029.5,0.0,-0.0010189296004995407,-0.0010194490621581462,-0.0010851144207613273,6.625671638023783e-05
2010-09-29,6029.14990234375,6071.5498046875,5979.64990234375,5991.2998046875,0.0,-0.0063355494340326945,-0.006355704200122867,-0.006277849824489567,-5.806412741520856e-05
2010-09-30,5991.35009765625,6048.4501953125,5963.60009765625,6029.9501953125,0.0,0.006451086055610178,0.0064303668597660915,0.006442637640446005,8.394333515183393e-06
2010-10-01,6030.2998046875,6153.10009765625,6030.2998046875,6143.39990234375,0.0,0.018814368834993322,0.018639567709410974,0.01875530260839345,5.7978816354366525e-05
2010-10-04,6144.7001953125,6222.10009765625,6144.7001953125,6159.4501953125,0.0,0.0026126075501982093,0.002609200623776862,0.0024004425816009827,0.0002116568983656638
2010-10-05,6159.4501953125,6188.35009765625,6118.0498046875,6145.7998046875,0.0,-0.002216170306140075,-0.002218629645768462,-0.0022161703061400347,0.0
2010-10-06,6150.9501953125,6223.39990234375,6148.60009765625,6186.4501953125,0.0,0.006614336932028841,0.006592558187392446,0.0057714660130159644,0.0008380342329198089
2010-10-07,6186.85009765625,6199.4501953125,6107.5,6120.2998046875,0.0,-0.01069278641815019,-0.01075036507755265,-0.010756732734475189,6.464164926972301e-05
2010-10-08,6121.39990234375,6148.60009765625,6067.0,6103.4501953125,0.0,-0.0027530692797262946,-0.0027568659448782853,-0.0029322879272072147,0.00017974571366707263
2010-10-11,6105.9501953125,6187.75,6105.9501953125,6135.85009765625,0.0,0.005308456906657932,0.0052944167152087305,0.004896846745770047,0.0004096043909590711
2010-10-12,6135.9501953125,6144.9501953125,6057.9501953125,6090.89990234375,0.0,-0.007325830096414854,-0.007352795767714826,-0.007342023897645997,1.6313575895251244e-05
2010-10-13,6091.4501953125,6240.25,6089.75,6233.89990234375,0.0,0.023477647357982967,0.023206286464976675,0.02338518783932077,9.034674310412651e-05
2010-10-14,6234.2998046875,6284.10009765625,6157.89990234375,6177.35009765625,0.0,-0.009071336654962847,-0.009112731758761925,-0.009134900279968916,6.414962543746481e-05
2010-10-15,6175.89990234375,6200.60009765625,6050.35009765625,6062.64990234375,0.0,-0.018567863808790497,-0.018742410609534424,-0.018337408602918208,-0.00023476009770762694
2010-10-18,6112.75,6115.10009765625,5985.10009765625,6075.9501953125,0.0,0.0021938085132719998,0.0021914056290457356,-0.006020171720993006,0.008263729303729362
2010-10-19,6114.4501953125,6127.0498046875,6008.14990234375,6027.2998046875,0.0,-0.008007042365576478,-0.008039270881310663,-0.01425318513376915,0.006336457469599099
2010-10-20,6002.9501953125,6038.10009765625,5966.75,5982.10009765625,0.0,-0.007499163555145794,-0.007527423655550523,-0.0034733084529888544,-0.004039886875390375
2010-10-21,6008.89990234375,6113.5,5984.89990234375,6101.5,0.0,0.01995952932825884,0.019762949379863604,0.015410490965264983,0.0044799993731298475
2010-10-22,6113.39990234375,6121.10009765625,6041.35009765625,6066.0498046875,0.0,-0.0058100787203966275,-0.005827022890950839,-0.007745296956297094,0.0019503240750225355
2010-10-25,6101.25,6151.2998046875,6094.60009765625,6105.7998046875,0.0,0.006552864100997535,0.006531487421865502,0.0007457168100799017,0.005802820030475068
2010-10-26,6116.2998046875,6120.25,6074.64990234375,6082.0,0.0,-0.003897901249436453,-0.003905517865498991,-0.005607933846083347,0.0017196764282934754
2010-10-27,6075.4501953125,6075.9501953125,5987.5498046875,6012.64990234375,0.0,-0.011402515234503419,-0.011468022351340748,-0.010336730768890743,-0.001076916259043078
2010-10-28,6039.9501953125,6071.10009765625,5968.10009765625,5987.7001953125,0.0,-0.004149535967747697,-0.004158169182956317,-0.008650733583954105,0.004540476064988959
2010-10-29,6021.14990234375,6032.64990234375,5937.10009765625,6017.7001953125,0.0,0.005010270892234381,0.004997761252085383,-0.0005729315973195073,0.00558640311641459
2010-11-01,6092.2998046875,6132.39990234375,6084.75,6117.5498046875,0.0,0.016592652696918675,0.01645649867513474,0.0041445760729917295,0.012396697567803315
2010-11-02,6127.5498046875,6138.10009765625,6094.39990234375,6119.0,0.0,0.000237054925386726,0.00023702683230754845,-0.001395305621336526,0.001634641371017138
2010-11-03,6150.60009765625,6182.5,6146.7998046875,6160.5,0.0,0.006782153946723213,0.0067592586021823315,0.0016095831604338022,0.005164258482799477
2010-11-04,6209.60009765625,6290.14990234375,6199.35009765625,6281.7998046875,0.0,0.019689928526499534,0.019498589440667992,0.011627110586155304,0.007970148146457268
2010-11-08,6335.25,6335.89990234375,6265.35009765625,6273.2001953125,0.0,-0.0013689722121649206,-0.0013699101106928303,-0.009794373495521091,0.008508739051603537
2010-11-09,6281.0,6310.89990234375,6243.5498046875,6301.5498046875,0.0,0.0045191622285836175,0.004508981475751922,0.003271740915061296,0.0012433533833860777
2010-11-10,6303.2001953125,6307.64990234375,6269.25,6275.7001953125,0.0,-0.004102103478698438,-0.004110540185239915,-0.0043628631723375885,0.0002619023377030731
2010-11-11,6286.35009765625,6296.5498046875,6179.5,6194.25,0.0,-0.012978662583871925,-0.013063621326274108,-0.014650806306601954,0.0016970062323411683
2010-11-12,6182.2998046875,6202.5,6056.75,6071.64990234375,0.0,-0.019792565307543253,-0.01999106166251395,-0.017897854494189007,-0.00192924007143722
2010-11-15,6079.89990234375,6128.75,6039.39990234375,6121.60009765625,0.0,0.008226791089060992,0.0081931355022444,0.006858697673036513,0.0013587739959801328
2010-11-16,6143.4501953125,6144.0498046875,5970.60009765625,5988.7001953125,0.0,-0.021709994155716394,-0.021949123410368025,-0.025189428591457525,0.0035693441759803374
2010-11-18,6075.9501953125,6076.2001953125,5906.75,5998.7998046875,0.0,0.0016864443110551353,0.0016850238606307781,-0.01269766672618882,0.014569104672879214
2010-11-19,6011.2998046875,6013.25,5863.9501953125,5890.2998046875,0.0,-0.018086951312363708,-0.018252519672628757,-0.020128758160697032,0.0020837501511939806
2010-11-22,5920.89990234375,6020.25,5905.14990234375,6010.0,0.0,0.020321579424062985,0.020117851552952617,0.015048404655680853,0.0051949983313070835
2010-11-23,5971.5498046875,5973.35009765625,5824.9501953125,5934.75,0.0,-0.012520798668885225,-0.01259984437184087,-0.006162521605130577,-0.006397703047004991
2010-11-24,5946.7998046875,5976.64990234375,5833.60009765625,5865.75,0.0,-0.01162643750789838,-0.01169455300758192,-0.01362914632229815,0.002030381176544926
2010-11-25,5883.9501953125,5907.10009765625,5780.35009765625,5799.75,0.0,-0.011251758087201136,-0.011315537992575984,-0.014310147522930907,0.0031027908302433617
2010-11-26,5828.5498046875,5838.5,5690.35009765625,5751.9501953125,0.0,-0.008241700881503555,-0.00827585146692871,-0.013142138600822494,0.0049656976055002374
2010-11-29,5789.9501953125,5843.14990234375,5754.7001953125,5830.0,0.0,0.01356927686041276,0.013478038654212304,0.006917124212903251,0.0066064549778208715
2010-11-30,5811.60009765625,5892.25,5768.35009765625,5862.7001953125,0.0,0.005608952883790819,0.005593281281109418,0.008792775964894431,-0.0031560724431818183
2010-12-01,5871.0,5971.0,5865.5498046875,5960.89990234375,0.0,0.016749911092121872,0.016611178361988586,0.015312536594064044,0.0014156965921839357
2010-12-02,6023.0498046875,6029.5,5980.60009765625,6011.7001953125,0.0,0.00852225231106063,0.00848614292930173,-0.0018843625311162214,0.010426261699062158
2010-12-03,6013.35009765625,6025.39990234375,5964.25,5992.7998046875,0.0,-0.0031439343298818034,-0.0031488868744578725,-0.003417444957472148,0.00027444854037073866
2010-12-06,6033.64990234375,6069.4501953125,5981.7001953125,5992.25,0.0,-9.174421062252414e-05,-9.17484193800369e-05,-0.006861502243885306,0.006816529666867483
2010-12-07,5995.0498046875,6001.0,5939.7001953125,5976.5498046875,0.0,-0.0026200834932621486,-0.0026235219193067112,-0.0030858792841945933,0.00046723762985522967
2010-12-08,5954.39990234375,5960.0,5878.60009765625,5903.7001953125,0.0,-0.012189241578454357,-0.012264139639573417,-0.008514662747339788,-0.003706135323490066
2010-12-09,5924.25,5927.2998046875,5742.2998046875,5766.5,0.0,-0.023239695576248276,-0.023513995398226302,-0.026627843186901295,0.0034808347320577715
2010-12-10,5761.0,5865.5,5721.14990234375,5857.35009765625,0.0,0.015754807535983684,0.01563198886586812,0.016724543943108836,-0.0009537847914679615
2010-12-13,5882.64990234375,5913.7998046875,5795.89990234375,5907.64990234375,0.0,0.008587467685707617,0.008550805127915114,0.004249785456387531,0.004319326020417223
2010-12-14,5928.7001953125,5953.9501953125,5888.75,5944.10009765625,0.0,0.0061699992238941626,0.0061510427131599675,0.0025975174720296807,0.003563226209528545
2010-12-15,5931.14990234375,5942.75,5865.7998046875,5892.2998046875,0.0,-0.00871457278944121,-0.00875276673674562,-0.006550179694648758,-0.002178663733742681
2010-12-16,5910.5498046875,5956.14990234375,5855.0498046875,5948.75,0.0,0.009580333177818368,0.009534732799129053,0.006463052774245205,0.0030972626317285453
2010-12-20,5926.85009765625,5985.0,5900.25,5947.0498046875,0.0,-0.0002858071548644814,-0.00028584800551315775,0.003408169043998244,-0.0036814292656020173
2010-12-21,5960.39990234375,6007.4501953125,5960.0498046875,6000.64990234375,0.0,0.009012888645056005,0.00897251497180786,0.00675290260040654,0.0022448269469220474
2010-12-22,6019.0,6023.7998046875,5958.0,5984.39990234375,0.0,-0.002708040006408785,-0.002711713380007471,-0.005748479424530653,0.0030580183738236036
2010-12-23,6005.89990234375,6006.4501953125,5964.60009765625,5980.0,0.0,-0.000735228663784171,-0.0007354990769299838,-0.004312409924388315,0.003592674345105124
2010-12-24,5940.25,6017.35009765625,5940.25,6011.60009765625,0.0,0.005284297266931359,0.005270384359897009,0.012011295426328858,-0.006647157190635452
2010-12-27,6013.2998046875,6045.75,5991.10009765625,5998.10009765625,0.0,-0.0022456583572921796,-0.0022481836293281954,-0.002527681560031564,0.0002827378740499833
2010-12-28,6005.35009765625,6010.89990234375,5982.25,5996.0,0.0,-0.00035012714393856115,-0.000350188452758028,-0.001556961293547087,0.001208716073750241
2010-12-29,6005.14990234375,6067.5498046875,6002.85009765625,6060.35009765625,0.0,0.010732171056746065,0.010674990062610617,0.009192142779142935,0.001526001057996998
2010-12-30,6062.35009765625,6106.39990234375,6062.35009765625,6101.85009765625,0.0,0.0068477892087537295,0.006824449589510328,0.006515625023911271,0.00033001393777126346
2010-12-31,6105.10009765625,6147.2998046875,6103.5498046875,6134.5,0.0,0.005350820131797551,0.005336555356628161,0.0048156298624876985,0.0005326253428035442
2011-01-03,6177.4501953125,6178.5498046875,6147.2001953125,6157.60009765625,0.0,0.0037656039866738045,0.003758531848336433,-0.0032133156931499693,0.007001417444371994
2011-01-04,6172.75,6181.0498046875,6124.39990234375,6146.35009765625,0.0,-0.001827010494605208,-0.0018286815139022822,-0.004276846193957312,0.0024603582732689094
2011-01-05,6141.35009765625,6141.35009765625,6062.35009765625,6079.7998046875,0.0,-0.010827611820245497,-0.010886657008168427,-0.010022273928372802,-0.0008134909207183983
2011-01-06,6107.0,6116.14990234375,6022.2998046875,6048.25,0.0,-0.0051892834798894505,-0.0052027945736062816,-0.009620108072703455,0.00447386364457737
2011-01-07,6030.89990234375,6051.2001953125,5883.60009765625,5904.60009765625,0.0,-0.02375065553569211,-0.024037249311890194,-0.020942115891927987,-0.002868614501095358
2011-01-10,5901.2998046875,5907.25,5740.9501953125,5762.85009765625,0.0,-0.024006706238457354,-0.0242995637386114,-0.023460883468634675,-0.0005589358998351143
2011-01-11,5767.9501953125,5842.60009765625,5698.2001953125,5754.10009765625,0.0,-0.0015183459315658565,-0.0015194997868653757,-0.0024012165825401375,0.0008849957173663442
2011-01-12,5800.0498046875,5874.2001953125,5711.2998046875,5863.25,0.0,0.01896906562126177,0.01879139619515671,0.010896491830367162,0.007985559210199724
2011-01-13,5850.75,5857.75,5736.7001953125,5751.89990234375,0.0,-0.018991190492687493,-0.019173839327316797,-0.016895286528436526,-0.0021319234213107064
2011-01-14,5752.10009765625,5833.64990234375,5639.64990234375,5654.5498046875,0.0,-0.016924859491484257,-0.017069721768040398,-0.016959074305486762,3.480507587039642e-05
2011-01-17,5648.7998046875,5696.14990234375,5624.14990234375,5654.75,0.0,3.540428847825794e-05,3.5403661761228884e-05,0.0010533556716884169,-0.0010168802466349086
2011-01-18,5682.5498046875,5730.5,5671.25,5724.0498046875,0.0,0.012255149155577127,0.012180662758961016,0.007303059616964009,0.0049161863367080776
2011-01-19,5737.35009765625,5747.64990234375,5662.5498046875,5691.0498046875,0.0,-0.00576514899869951,-0.0057818316196177775,-0.008069978680168744,0.0023235809300363205
2011-01-20,5656.0,5729.4501953125,5634.5,5711.60009765625,0.0,0.003610984558916286,0.0036044806065857974,0.009830286007116336,-0.006158759084946123
2011-01-21,5692.0498046875,5717.5498046875,5674.5,5696.5,0.0,-0.002643759611679841,-0.0026472605158493817,0.0007818264887343726,-0.0034229099787242536
2011-01-24,5717.10009765625,5756.0,5697.75,5743.25,0.0,0.008206793645220811,0.008173301034109938,0.004573980146765362,0.0036162727387430878
2011-01-25,5763.2998046875,5801.5498046875,5680.64990234375,5687.39990234375,0.0,-0.009724476151351635,-0.009772067655861168,-0.01316952178715705,0.0034910207090932833
2011-01-27,5725.2998046875,5726.10009765625,5594.9501953125,5604.2998046875,0.0,-0.014611263333532243,-0.014719059152266116,-0.021134264427678205,0.006663836374180693
2011-01-28,5614.0,5614.39990234375,5459.5498046875,5512.14990234375,0.0,-0.0164427146218471,-0.016579396404794635,-0.01814216203353224,0.0017308487501661932
2011-01-31,5452.5498046875,5526.85009765625,5416.64990234375,5505.89990234375,0.0,-0.0011338588591980336,-0.0011345021634778043,0.009784431058361994,-0.01081249579785706
2011-02-01,5537.2998046875,5539.14990234375,5402.0,5417.2001953125,0.0,-0.016109938176226635,-0.016241113960522698,-0.021689201165039296,0.005702955538727411
2011-02-02,5469.5498046875,5490.60009765625,5415.64990234375,5432.0,0.0,0.0027320025389325764,0.0027282774031740335,-0.006865245957778675,0.00966359142870483
2011-02-03,5430.4501953125,5532.64990234375,5418.0,5526.75,0.0,0.017442930780559696,0.017292549076686366,0.0177333004122982,-0.0002853101412923417
2011-02-04,5519.89990234375,5556.2998046875,5369.0498046875,5395.75,0.0,-0.02370289953408422,-0.023988332676138546,-0.02249133218720795,-0.0012394440957615234
2011-02-07,5430.14990234375,5440.35009765625,5376.9501953125,5396.0,0.0,4.633276189602853e-05,4.633168856676948e-05,-0.006288942839130516,0.006375369938145763
2011-02-08,5432.35009765625,5432.35009765625,5303.39990234375,5312.5498046875,0.0,-0.015465195573109658,-0.015586029138919214,-0.022053124488503974,0.006736489558237584
2011-02-09,5293.0498046875,5339.4501953125,5225.64990234375,5253.5498046875,0.0,-0.011105778236270236,-0.011167907817883387,-0.0074626163473880385,-0.003670553823852019
2011-02-10,5246.0498046875,5272.60009765625,5196.7998046875,5225.7998046875,0.0,-0.005282142747602747,-0.0052961425847933225,-0.0038600472267545055,-0.0014276061480007472
2011-02-11,5219.64990234375,5319.4501953125,5177.7001953125,5310.0,0.0,0.016112403547677623,0.01598397644993397,0.017309608756648717,-0.0011768346614107925
2011-02-14,5340.25,5463.7998046875,5340.25,5456.0,0.0,0.027495291902071672,0.027124085287313617,0.02167501521464351,0.005696798493408663
2011-02-15,5467.75,5506.5,5408.35009765625,5481.0,0.0,0.004582111436950198,0.00457164552281843,0.0024233002606190847,0.0021535923753665687
2011-02-16,5467.60009765625,5504.7998046875,5460.35009765625,5481.7001953125,0.0,0.00012774955528183085,0.00012774139600228233,0.0025788458198130054,-0.0024447915241288085
2011-02-17,5501.7001953125,5553.0,5463.39990234375,5546.4501953125,0.0,0.011812028694194066,0.011742811215976985,0.00813384924866088,0.003648503071565708
2011-02-18,5557.5498046875,5599.25,5441.9501953125,5458.9501953125,0.0,-0.01577585607348453,-0.01590161932654793,-0.017741561090795162,0.0020012095996788486
2011-02-21,5456.60009765625,5526.25,5413.10009765625,5518.60009765625,0.0,0.010926991492791194,0.01086772327922514,0.011362386630940866,-0.0004305035899151426
2011-02-22,5504.39990234375,5519.4501953125,5437.2998046875,5469.2001953125,0.0,-0.00895152782763331,-0.008991833464499622,-0.006394830981713759,-0.002573151716235214
2011-02-23,5452.4501953125,5495.2001953125,5427.5498046875,5437.35009765625,0.0,-0.005823538455137944,-0.0058405613764712025,-0.0027694150547641194,-0.003062605024836348
2011-02-24,5408.75,5423.39990234375,5242.5,5262.7001953125,0.0,-0.03212040777345426,-0.03264758763813046,-0.027002506066558817,-0.005259933081847712
2011-02-25,5321.0498046875,5338.2001953125,5232.75,5303.5498046875,0.0,0.007762100795972504,0.0077321306790641905,-0.003288824694815605,0.011087389972731515
2011-02-28,5330.14990234375,5477.0,5308.60009765625,5333.25,0.0,0.005600059659334189,0.00558443762100127,0.0005816154729319787,0.005015527078248557
2011-03-01,5382.0,5533.0498046875,5373.5498046875,5522.2998046875,0.0,0.03544739224441007,0.03483359635665696,0.026068339778428092,0.009140767824497258
2011-03-03,5478.4501953125,5570.75,5468.25,5536.2001953125,0.0,0.0025171379889952217,0.0025139753033331146,0.010541302364930205,-0.007940461569612553
2011-03-04,5586.2001953125,5608.2001953125,5524.10009765625,5538.75,0.0,0.00046056945152717077,0.0004604634219720642,-0.008494180955476044,0.009031465307619294
2011-03-07,5490.0498046875,5491.25,5408.4501953125,5463.14990234375,0.0,-0.013649306730986188,-0.013743314929411162,-0.004899755612559725,-0.008792632870683818
2011-03-08,5466.10009765625,5530.5498046875,5464.75,5520.7998046875,0.0,0.010552502379445494,0.010497213344531289,0.010007081109748447,0.0005400172730450494
2011-03-09,5542.39990234375,5563.2998046875,5477.4501953125,5531.0,0.0,0.0018475937678159582,0.0018458890658586942,-0.0020568530861385967,0.00391249427988861
2011-03-10,5516.10009765625,5516.2998046875,5468.4501953125,5494.39990234375,0.0,-0.006617265893373747,-0.006639257065300575,-0.003933974171665277,-0.002693889413080817
2011-03-11,5456.14990234375,5502.7001953125,5411.5498046875,5445.4501953125,0.0,-0.00890901789117493,-0.008948940481997226,-0.0019610361193804116,-0.006961633787100875
2011-03-14,5436.5,5537.2998046875,5434.25,5531.5,0.0,0.015802147040399506,0.01567859302758532,0.017474478064931482,-0.001643609801115144
2011-03-15,5420.0,5497.85009765625,5373.64990234375,5449.64990234375,0.0,-0.014797088973379724,-0.014907657983095256,0.005470461687038746,-0.020157281026846243
2011-03-16,5475.9501953125,5535.10009765625,5475.9501953125,5511.14990234375,0.0,0.011285128604967998,0.01122192659188634,0.006428054634496403,0.004826051845539461
2011-03-17,5455.39990234375,5510.0498046875,5435.2998046875,5446.64990234375,0.0,-0.011703546654132868,-0.011772572247673354,-0.0016039154153008697,-0.010115856216556723
2011-03-18,5475.35009765625,5483.0498046875,5366.39990234375,5373.7001953125,0.0,-0.013393500287187332,-0.013484002212295716,-0.018565005073787288,0.005269329923362618
2011-03-21,5408.75,5413.2998046875,5348.2001953125,5364.75,0.0,-0.0016655553877581442,-0.0016669439671844774,-0.008134966489484632,0.006522471186255252
2011-03-22,5390.85009765625,5428.14990234375,5376.14990234375,5413.85009765625,0.0,0.009152355218090324,0.009110726224509216,0.004266488509854797,0.004865109773288597
2011-03-23,5411.39990234375,5484.9501953125,5401.9501953125,5480.25,0.0,0.012264820995412373,0.012190217458324736,0.012723158313698106,-0.00045257908296366246
2011-03-24,5501.7998046875,5529.0,5496.10009765625,5522.39990234375,0.0,0.00769123714132558,0.007661810366167588,0.0037442470441579577,0.003932266719127777
2011-03-25,5588.64990234375,5667.10009765625,5560.9501953125,5654.25,0.0,0.023875507023729314,0.023594944054316423,0.011738093958746431,0.011996595895180097
2011-03-28,5645.25,5709.10009765625,5643.2001953125,5687.25,0.0,0.005836317814033709,0.005819352489233676,0.007439883087551481,-0.0015917230401910067
2011-03-29,5686.5,5770.35009765625,5680.7001953125,5736.35009765625,0.0,0.008633363691810558,0.008596309323982254,0.008766393679108414,-0.00013187392852433074
2011-03-30,5755.7998046875,5803.14990234375,5753.89990234375,5787.64990234375,0.0,0.00894293476063468,0.008903183538841914,0.005533565922551964,0.003390606692432656
2011-03-31,5803.0498046875,5872.0,5778.64990234375,5833.75,0.0,0.00796525332978093,0.007933698152046535,0.005290355303809638,0.002660821335705482
2011-04-01,5835.0,5860.2001953125,5810.39990234375,5826.0498046875,0.0,-0.0013199392007713362,-0.0013208110878279227,-0.0015338809447300772,0.00021427040925648167
2011-04-04,5842.0,5918.7001953125,5833.2001953125,5908.4501953125,0.0,0.014143440819661901,0.014044355538836166,0.011374562703269428,0.0027377375489764703
2011-04-05,5923.85009765625,5928.64990234375,5855.85009765625,5910.0498046875,0.0,0.0002707324801127786,0.00027069583868808463,-0.0023296154935132534,0.0026064199298773127
2011-04-06,5908.0,5944.4501953125,5868.7998046875,5891.75,0.0,-0.003096387558863878,-0.0031011912855171014,-0.0027505077860528098,-0.00034683374171808447
2011-04-07,5888.5498046875,5906.10009765625,5866.25,5885.7001953125,0.0,-0.001026826441634543,-0.001027353989069185,-0.0004839237960985924,-0.000543165496244749
2011-04-08,5886.75,5926.9501953125,5822.0,5842.0,0.0,-0.007424808240709235,-0.007452509331449193,-0.007601817641313118,0.00017836530109639076
2011-04-11,5805.35009765625,5830.2998046875,5777.89990234375,5785.7001953125,0.0,-0.009637077146097184,-0.009683814289420984,-0.0033847919614155755,-0.0062735197438805205
2011-04-13,5747.9501953125,5923.60009765625,5735.5498046875,5911.5,0.0,0.0217432290718107,0.021510216644902755,0.02845358764953743,-0.0065247072481537435
2011-04-15,5898.75,5907.35009765625,5806.4501953125,5824.5498046875,0.0,-0.014708651833291064,-0.014817896604968487,-0.012578969326128417,-0.0021568129916264907
2011-04-18,5824.35009765625,5897.89990234375,5722.25,5729.10009765625,0.0,-0.016387482334588976,-0.01652324234306882,-0.016353755938937998,-3.428711882406416e-05
2011-04-19,5716.0,5762.9501953125,5693.25,5740.75,0.0,0.002033461127431746,0.0020313964438487763,0.004329951014695591,-0.0022865890686059394
2011-04-20,5786.0498046875,5857.35009765625,5759.64990234375,5851.64990234375,0.0,0.019318016346949518,0.01913379225131961,0.011337631003989088,0.007890920992466141
2011-04-21,5882.85009765625,5912.89990234375,5864.35009765625,5884.7001953125,0.0,0.005648029789942166,0.005632139474262156,0.0003144900219346208,0.0053318629503114065
2011-04-25,5859.60009765625,5906.60009765625,5857.0,5874.5,0.0,-0.0017333415422973175,-0.0017348455169341906,0.002542818980037517,-0.00426531459941556
2011-04-26,5876.85009765625,5893.2001953125,5791.5498046875,5868.39990234375,0.0,-0.0010384028693931624,-0.00103894238317352,-0.0014378783144171105,0.00040005066920588986
2011-04-27,5884.2001953125,5892.35009765625,5819.9501953125,5833.89990234375,0.0,-0.00587894495503305,-0.005896293981322488,-0.008548365334140138,0.00269243630830946
2011-04-28,5851.35009765625,5856.39990234375,5776.9501953125,5785.4501953125,0.0,-0.00830485744395193,-0.008339534900220089,-0.011262341381717377,0.0029911715326979543
2011-04-29,5782.5,5804.2998046875,5706.0498046875,5749.5,0.0,-0.006213897639569588,-0.006233284254191724,-0.005706874189364461,-0.0005099335769738911
2011-05-02,5766.89990234375,5775.25,5687.7001953125,5701.2998046875,0.0,-0.008383371651882743,-0.008418709752226371,-0.01137527939917757,0.0030263331322288893
2011-05-03,5689.7001953125,5710.7998046875,5554.85009765625,5565.25,0.0,-0.02386294517885945,-0.024152277406054596,-0.021872891547964016,-0.0020345552369414118
2011-05-04,5567.7001953125,5578.7998046875,5503.0,5537.14990234375,0.0,-0.0050492067124118245,-0.005061997028756225,-0.005487057833047581,0.00044026689052603207
2011-05-05,5531.60009765625,5560.2998046875,5443.64990234375,5459.85009765625,0.0,-0.0139602152823749,-0.014058575581329499,-0.012970930423983581,-0.0010022854330078536
2011-05-06,5477.64990234375,5564.39990234375,5472.4501953125,5551.4501953125,0.0,0.016777035269809115,0.016637855340857616,0.013472984634737735,0.0032601269941716754
2011-05-09,5575.2001953125,5586.0498046875,5502.39990234375,5551.10009765625,0.0,-6.306418033719119e-05,-6.306616896621993e-05,-0.004322732244935851,0.004278161410878527
2011-05-10,5555.5498046875,5592.89990234375,5514.5498046875,5541.25,0.0,-0.0017744406483336528,-0.0017760168329809282,-0.0025739675082085533,0.0008015901268162552
2011-05-11,5547.2001953125,5574.7001953125,5525.0,5565.0498046875,0.0,0.004295024531919767,0.004285827239714357,0.003217769099100352,0.0010738001917437402
2011-05-12,5537.7998046875,5572.5,5476.2998046875,5486.14990234375,0.0,-0.014177753140195093,-0.01427921764981002,-0.009326791174363268,-0.004896631828352558
2011-05-13,5492.35009765625,5605.0,5472.14990234375,5544.75,0.0,0.010681461261424108,0.010624817456151603,0.00954052480487553,0.0011301541924421718
2011-05-16,5541.7001953125,5541.7998046875,5487.64990234375,5499.0,0.0,-0.00825104828892198,-0.008285276597504446,-0.007705251783309817,-0.0005500346611659678
2011-05-17,5496.10009765625,5523.85009765625,5421.0498046875,5438.9501953125,0.0,-0.010920131785324583,-0.010980194083480721,-0.010398264465401737,-0.0005273508535642845
2011-05-18,5448.2001953125,5460.5,5401.25,5420.60009765625,0.0,-0.00337383079405007,-0.0033795349947825953,-0.005065911065455425,0.0017006958453070617
2011-05-19,5448.14990234375,5452.60009765625,5411.25,5428.10009765625,0.0,0.0013836106454787611,0.0013826543382725416,-0.003680112523863328,0.005082427072864486
2011-05-20,5450.64990234375,5517.5498046875,5432.75,5486.35009765625,0.0,0.010731194884403772,0.010674024255009313,0.006549713511621634,0.00415427208080348
2011-05-23,5456.7001953125,5456.7001953125,5373.0,5386.5498046875,0.0,-0.018190653383819644,-0.01835813752553947,-0.012855826436142064,-0.005404303738548573
2011-05-24,5385.10009765625,5422.60009765625,5367.4501953125,5394.85009765625,0.0,0.0015409294018828845,0.0015397433883911405,0.0018105513032605429,-0.00026913461934175966
2011-05-25,5389.10009765625,5389.10009765625,5328.7001953125,5348.9501953125,0.0,-0.008508095964277262,-0.008544496425544794,-0.007450205343413721,-0.001065831282781711
2011-05-26,5372.75,5422.2001953125,5356.35009765625,5412.35009765625,0.0,0.011852774849036685,0.011783080883934626,0.007370545373644782,0.004449434714938405
2011-05-27,5413.7001953125,5485.7998046875,5413.60009765625,5476.10009765625,0.0,0.011778617208743736,0.01170978923544845,0.011526294418331385,0.00024944758411593566
2011-05-30,5493.75,5509.2998046875,5458.60009765625,5473.10009765625,0.0,-0.0005478351283760841,-0.0005479852448685878,-0.003758799061433447,0.0032230788387714263
2011-06-01,5561.0498046875,5597.35009765625,5559.4501953125,5592.0,0.0,0.021724415819594833,0.021491803578991553,0.005565531041712947,0.016069449756439275
2011-06-02,5529.89990234375,5568.2001953125,5521.9501953125,5550.35009765625,0.0,-0.007448122736722129,-0.007475998503883324,0.00369811310758673,-0.011105167678156294
2011-06-03,5565.7001953125,5604.9501953125,5507.2001953125,5516.75,0.0,-0.0060536897790354205,-0.0060720876465728746,-0.00879497522229574,0.0027656089050548172
2011-06-06,5504.2998046875,5542.64990234375,5479.85009765625,5532.0498046875,0.0,0.0027733365999003112,0.0027694979974720634,0.0050415131778192585,-0.002256798896542348
2011-06-07,5509.14990234375,5570.10009765625,5507.7998046875,5556.14990234375,0.0,0.004356449870684287,0.004346988013065479,0.008531261779608657,-0.0041394967782730566
2011-06-08,5535.25,5556.60009765625,5514.89990234375,5526.85009765625,0.0,-0.005273400682573426,-0.005287354136339274,-0.0015175289903346732,-0.003761579998936637
2011-06-09,5523.5498046875,5540.10009765625,5502.0498046875,5521.0498046875,0.0,-0.0010494753550869262,-0.0010500264399477862,-0.00045260748764832396,-0.0005971381366304004
2011-06-10,5518.0498046875,5521.4501953125,5457.4501953125,5485.7998046875,0.0,-0.0063846553186446275,-0.006405124402290038,-0.005844456128794653,-0.0005433749207357141
2011-06-13,5469.85009765625,5496.7001953125,5436.9501953125,5482.7998046875,0.0,-0.0005468664746818286,-0.0005470160606905956,0.0023674701865776466,-0.0029074533521294948
2011-06-14,5485.60009765625,5520.14990234375,5484.2001953125,5500.5,0.0,0.003228313260200899,0.0032231134450305594,0.002716184570238005,0.0005107414219931757
2011-06-15,5494.4501953125,5499.35009765625,5438.9501953125,5447.5,0.0,-0.009635487682937871,-0.00968220936071541,-0.00854502154784382,-0.0010998645009544588
2011-06-16,5419.64990234375,5447.5,5389.7998046875,5396.75,0.0,-0.009316200091785243,-0.009359867303788395,-0.0042253471638171395,-0.005112454824460762
2011-06-17,5412.5,5421.14990234375,5355.85009765625,5366.39990234375,0.0,-0.005623773133135668,-0.005639646083818007,-0.008517339058891455,0.0029184231250289528
2011-06-20,5372.2001953125,5377.39990234375,5195.89990234375,5257.89990234375,0.0,-0.020218396313068876,-0.020425585533706467,-0.021276253455424547,0.0010808536587474126
2011-06-21,5280.7998046875,5322.4501953125,5257.0,5275.85009765625,0.0,0.003413947706478515,0.0034081334163708894,-0.0009373025326308327,0.004355332503295125
2011-06-22,5304.64990234375,5310.5,5262.5,5278.2998046875,0.0,0.00046432460852874335,0.0004642168432151349,-0.0049673584763073155,0.005458798895801467
2011-06-23,5269.10009765625,5330.60009765625,5252.25,5320.0,0.0,0.007900308215813556,0.007869264178642029,0.00966007504135114,-0.0017429299910323426
2011-06-24,5343.39990234375,5477.85009765625,5343.39990234375,5471.25,0.0,0.0284304511278195,0.028033806169414976,0.023926732041929282,0.004398477884163534
2011-06-27,5441.2001953125,5552.64990234375,5434.25,5526.60009765625,0.0,0.010116536012108712,0.010065706387361805,0.015695048753640885,-0.005492310657984921
2011-06-28,5548.85009765625,5558.2998046875,5496.35009765625,5545.2998046875,0.0,0.0033835824378138923,0.00337787100253908,-0.0006398249918932916,0.004025983354474281
2011-06-29,5566.5,5608.64990234375,5566.5,5600.4501953125,0.0,0.009945429925787064,0.009896299617058683,0.006099020086679242,0.0038230927198163846
2011-06-30,5614.5,5657.89990234375,5606.10009765625,5647.39990234375,0.0,0.008383202313011706,0.008348258431096389,0.005859809839478137,0.0025086920153775307
2011-07-01,5705.75,5705.7998046875,5609.75,5627.2001953125,0.0,-0.003576815416040713,-0.0035832275147961966,-0.013766779947859615,0.01033220573454235
2011-07-04,5679.5498046875,5679.64990234375,5633.10009765625,5650.5,0.0,0.0041405679341048884,0.0041320193718407065,-0.005114807632028218,0.009302958408802946
2011-07-05,5659.85009765625,5659.85009765625,5612.2998046875,5632.10009765625,0.0,-0.003256331712901517,-0.0032616450989141907,-0.004902956707544481,0.0016547381039288558
2011-07-06,5622.7001953125,5655.39990234375,5610.75,5625.4501953125,0.0,-0.001180714516511805,-0.0011814121090557134,0.0004890888549050871,-0.0016689870884329077
2011-07-07,5633.35009765625,5737.14990234375,5632.9501953125,5728.9501953125,0.0,0.018398527478963977,0.018231322343836034,0.016970381034195677,0.0014043146893972548
2011-07-08,5734.64990234375,5740.39990234375,5651.0498046875,5660.64990234375,0.0,-0.011921956142092904,-0.011993592594938669,-0.012904013542266323,0.0009948955457692009
2011-07-11,5648.0498046875,5652.89990234375,5601.7001953125,5616.10009765625,0.0,-0.007870086554735423,-0.007901219137585697,-0.0056567679351435425,-0.002225910076338235
2011-07-12,5556.89990234375,5580.25,5496.9501953125,5526.14990234375,0.0,-0.016016487197234697,-0.01614613735199751,-0.005533660951321164,-0.01054115743720555
2011-07-13,5542.0498046875,5596.14990234375,5541.39990234375,5585.4501953125,0.0,0.01073085131903495,0.010673684337305226,0.007831108011388076,0.002877211553202083
2011-07-15,5602.9501953125,5631.7001953125,5562.75,5581.10009765625,0.0,-0.0007788266843558045,-0.0007791301274212043,-0.0038997486849927866,0.0031331404610297296
2011-07-18,5581.75,5596.60009765625,5550.9501953125,5567.0498046875,0.0,-0.002517477329362028,-0.002520651503807869,-0.0026336176490348007,0.00011644699653799842
2011-07-19,5569.85009765625,5627.64990234375,5557.2001953125,5613.5498046875,0.0,0.008352718519034408,0.008318027607452367,0.00784575998726402,0.0005030120201892448
2011-07-20,5642.0498046875,5645.39990234375,5555.10009765625,5567.0498046875,0.0,-0.008283528536821905,-0.008318027607452325,-0.013293041110287411,0.005077001361277949
2011-07-21,5554.60009765625,5578.89990234375,5532.7001953125,5541.60009765625,0.0,-0.004571489015568253,-0.004581970226838186,-0.002340402508091504,-0.0022363203973435352
2011-07-22,5576.9501953125,5642.2001953125,5567.10009765625,5633.9501953125,0.0,0.016664879462397142,0.01652754404382657,0.010220639956209265,0.006379041618539179
2011-07-25,5633.7998046875,5700.5498046875,5616.7001953125,5680.2998046875,0.0,0.008226840452647766,0.00819318446303973,0.008253754413018106,-2.669363764080244e-05
2011-07-26,5688.4501953125,5702.25,5560.14990234375,5574.85009765625,0.0,-0.018564109405674434,-0.018738585183611912,-0.019970307158505285,0.0014348521918287006
2011-07-27,5588.5498046875,5591.7001953125,5521.5,5546.7998046875,0.0,-0.0050315779756199275,-0.005044278986077197,-0.007470632178133478,0.002457412628369965
2011-07-28,5492.39990234375,5512.10009765625,5475.64990234375,5487.75,0.0,-0.010645742908838685,-0.01070281423571575,-0.000846606661282214,-0.00980743929099039
2011-07-29,5479.0,5520.2998046875,5453.9501953125,5482.0,0.0,-0.0010477882556603202,-0.0010483375695179318,0.0005475451724767294,-0.001594460389048335
2011-08-01,5527.5,5551.89990234375,5486.4501953125,5516.7998046875,0.0,0.006348012529642455,0.006327948763364648,-0.0019358110018091361,0.008299890550893835
2011-08-02,5493.2001953125,5496.2998046875,5433.64990234375,5456.5498046875,0.0,-0.010921186581540843,-0.010981260525951745,-0.006671956113355343,-0.004277771572379325
2011-08-03,5402.0,5422.60009765625,5378.85009765625,5404.7998046875,0.0,-0.009484014964097565,-0.009529274623523588,0.000518290390133284,-0.009997123940963295
2011-08-04,5412.39990234375,5434.5,5323.14990234375,5331.7998046875,0.0,-0.01350651321750862,-0.013598555890485751,-0.014891748413000205,0.0014061756088835245
2011-08-05,5204.35009765625,5229.64990234375,5116.4501953125,5211.25,0.0,-0.022609589463865043,-0.022869105391128044,0.0013257951933051799,-0.023903693255549738
2011-08-08,5083.85009765625,5204.2001953125,5054.0498046875,5118.5,0.0,-0.017798033101463218,-0.0179583228351812,0.006815681359236822,-0.0244470908791077
2011-08-09,4947.89990234375,5167.0,4946.4501953125,5072.85009765625,0.0,-0.008918609425368706,-0.008958618282299595,0.025253177667016437,-0.03333009625012211
2011-08-10,5196.5498046875,5197.9501953125,5123.35009765625,5161.0,0.0,0.017376800151156946,0.017227550071201244,-0.006841039925265919,0.024384656485000718
2011-08-11,5128.0,5184.9501953125,5121.0,5138.2998046875,0.0,-0.00439841025237353,-0.004408111716545394,0.00200854225575273,-0.006394109668668863
2011-08-12,5194.39990234375,5194.4501953125,5053.35009765625,5072.9501953125,0.0,-0.012718138656561795,-0.012799706514216911,-0.023380892752683718,0.010918027322008682
2011-08-16,5125.75,5132.2001953125,5015.39990234375,5035.7998046875,0.0,-0.007323231885723591,-0.007350178385929561,-0.0175486895210457,0.010408106260591321
2011-08-17,5030.2998046875,5112.14990234375,5017.25,5056.60009765625,0.0,0.004130484486176034,0.0041219774525322675,0.005228374846414123,-0.0010921800336225452
2011-08-18,5077.9501953125,5078.60009765625,4932.14990234375,4944.14990234375,0.0,-0.02223830106015723,-0.022489300253336914,-0.02634927240764634,0.004222223874525066
2011-08-19,4859.2998046875,4893.60009765625,4796.10009765625,4845.64990234375,0.0,-0.019922535106248862,-0.02012366463152472,-0.002809026586625235,-0.01716171623680488
2011-08-22,4843.7001953125,4910.0498046875,4808.75,4898.7998046875,0.0,0.010968580771393066,0.010908862177967734,0.011375520191840682,-0.00040236233952992834
2011-08-23,4925.14990234375,4965.7998046875,4863.7998046875,4948.89990234375,0.0,0.010227014708441562,0.010175072634902792,0.0048221882523206035,0.005378888443458428
2011-08-24,4934.35009765625,4962.39990234375,4875.2998046875,4888.89990234375,0.0,-0.012123906561857245,-0.012198000598804451,-0.009210979037358584,-0.0029400078754087057
2011-08-25,4914.64990234375,4915.85009765625,4825.0498046875,4839.60009765625,0.0,-0.010084028241990728,-0.010135216467870713,-0.015270630905308119,0.005267033589224314
2011-08-26,4839.25,4872.0,4720.0,4747.7998046875,0.0,-0.01896856994717555,-0.01915078114017379,-0.018897596799607376,-7.234020356755248e-05
2011-08-29,4806.2001953125,4934.39990234375,4806.0498046875,4919.60009765625,0.0,0.036185243699435654,0.035545934512972804,0.02359450246253771,0.012300516666128452
2011-08-30,4973.25,5016.25,4927.5498046875,5001.0,0.0,0.016546040476446366,0.016410646200203265,0.0055798522093198615,0.010905338092278961
2011-09-02,5109.7998046875,5113.7001953125,4993.35009765625,5040.0,0.0,0.007798440311937549,0.007768189646510544,-0.0136599881317207,0.021755609815536894
2011-09-05,4998.89990234375,5030.2998046875,4964.4501953125,5017.2001953125,0.0,-0.004523770771329372,-0.00453403398630976,0.0036608640553434267,-0.008154781281001984
2011-09-06,4993.35009765625,5072.89990234375,4942.89990234375,5064.2998046875,0.0,0.009387628067742737,0.009343838129813015,0.014208838884449933,-0.004753666732001807
2011-09-07,5080.14990234375,5154.5,5076.2998046875,5124.64990234375,0.0,0.01191677033030114,0.011846324726533429,0.008759584038941396,0.0031297708010057383
2011-09-08,5139.2001953125,5169.25,5098.25,5153.25,0.0,0.005580888099920633,0.005565372643843948,0.0027338504346094404,0.002839275510722293
2011-09-09,5161.2998046875,5163.75,5046.7998046875,5059.4501953125,0.0,-0.018202067566584157,-0.0183697632542546,-0.019733325563165316,0.0015620830907679619
2011-09-12,4981.7001953125,4985.60009765625,4911.25,4946.7998046875,0.0,-0.022265342334898075,-0.022516956939733934,-0.007005718782081528,-0.015367282411838767
2011-09-13,4977.7998046875,5030.14990234375,4911.0498046875,4940.9501953125,0.0,-0.0011825037612108735,-0.0011832034704437695,-0.0074027905542322974,0.006266677695471919
2011-09-14,4965.0498046875,5026.14990234375,4917.39990234375,5012.5498046875,0.0,0.014491060736237849,0.014387068747856058,0.009566872814680587,0.004877525257765885
2011-09-15,5062.35009765625,5091.4501953125,4967.4501953125,5075.7001953125,0.0,0.012598456491333954,0.012519756250054883,0.0026371344136058043,0.009935121826057292
2011-09-16,5123.35009765625,5143.60009765625,5068.10009765625,5084.25,0.0,0.0016844581749324572,0.0016830410664110814,-0.007631744251507797,0.009387848082074575
2011-09-19,5068.39990234375,5068.39990234375,5019.25,5031.9501953125,0.0,-0.010286631201750551,-0.010339904240795181,-0.007191560992335032,-0.0031174898276540297
2011-09-20,5042.5498046875,5149.89990234375,5035.25,5140.2001953125,0.0,0.021512534066978617,0.021284405456725344,0.019365280345714237,0.0021064615037076555
2011-09-21,5153.75,5168.39990234375,5109.85009765625,5133.25,0.0,-0.0013521254130992588,-0.0013530403595068234,-0.003977686150861024,0.002636046101834023
2011-09-22,5054.4501953125,5059.85009765625,4907.75,4923.64990234375,0.0,-0.04083185070983297,-0.041688881314134854,-0.025878243511045822,-0.015350860505040666
2011-09-23,4873.75,4930.25,4829.60009765625,4867.75,0.0,-0.011353346288317634,-0.011418287525742744,-0.0012310848935624518,-0.01013473811775218
2011-09-26,4878.60009765625,4879.7998046875,4758.85009765625,4835.39990234375,0.0,-0.006645800966822435,-0.006667982633315816,-0.00885503924235438,0.002228975944995121
2011-09-27,4905.14990234375,4982.9501953125,4905.14990234375,4971.25,0.0,0.02809490433054007,0.027707482159485847,0.013475652930538665,0.014424866900086531
2011-09-28,5005.5,5006.0498046875,4918.4501953125,4945.89990234375,0.0,-0.005099340740507885,-0.005112386748091802,-0.011906921917141145,0.006889615287905456
2011-09-29,4924.2001953125,5034.25,4906.0,5015.4501953125,0.0,0.014062212002267094,0.013964256346404452,0.01853092814684174,-0.004387413303889753
2011-09-30,4990.14990234375,5025.5498046875,4924.2998046875,4943.25,0.0,-0.014395556231418527,-0.014500177519274064,-0.009398495688821347,-0.005044470981367925
2011-10-03,4874.39990234375,4879.14990234375,4823.89990234375,4849.5,0.0,-0.018965255651646196,-0.019147402767341518,-0.005108301091951323,-0.013928103506043595
2011-10-04,4823.5,4869.75,4728.2998046875,4772.14990234375,0.0,-0.015950118085627407,-0.016078690212319283,-0.010645816866642479,-0.005361377461593979
2011-10-05,4791.2998046875,4827.7998046875,4741.0,4751.2998046875,0.0,-0.0043691204347980905,-0.004378692933928154,-0.008348465266328474,0.00401284593644992
2011-10-07,4883.64990234375,4922.60009765625,4861.2001953125,4888.0498046875,0.0,0.02878159779879308,0.028375187287192356,0.0009009454878488339,0.027855555973478476
2011-10-10,4886.85009765625,4991.14990234375,4882.0498046875,4979.60009765625,0.0,0.01872941083393953,0.01855617514435224,0.018979505846615435,-0.000245436744547798
2011-10-11,5019.89990234375,5045.10009765625,4964.0,4974.35009765625,0.0,-0.0010543015296491376,-0.0010548576964528867,-0.00907384720285621,0.008092980138398648
2011-10-12,5011.2001953125,5109.7998046875,4997.64990234375,5099.39990234375,0.0,0.02513892312212196,0.024828138159656368,0.017600515563866798,0.007408022542203564
2011-10-13,5130.7998046875,5136.9501953125,5067.64990234375,5077.85009765625,0.0,-0.004225949150917785,-0.00423490371061113,-0.010319971358632066,0.006157568134501121
2011-10-14,5057.35009765625,5141.39990234375,5056.60009765625,5132.2998046875,0.0,0.010722984330786334,0.010665900841971407,0.014819956218966188,-0.004037141626032256
2011-10-17,5156.2001953125,5160.2001953125,5084.5,5118.25,0.0,-0.0027375261037299037,-0.0027412799807702906,-0.007360108970749528,0.0046568578482439746
2011-10-18,5049.4501953125,5057.5,5011.0498046875,5037.5,0.0,-0.015776876862208744,-0.015902656477749584,-0.0023666329699802945,-0.013442056305866264
2011-10-19,5080.4501953125,5148.0498046875,5075.2998046875,5139.14990234375,0.0,0.02017864066377162,0.019977749866985615,0.01155403650751454,0.00852609336228288
2011-10-20,5086.5498046875,5099.0,5033.9501953125,5091.89990234375,0.0,-0.00919412760823557,-0.009236654465073555,0.0010518126945930281,-0.01023517481602576
2011-10-21,5106.60009765625,5120.75,5037.9501953125,5049.9501953125,0.0,-0.008238517613423868,-0.008272641750434453,-0.011093467524459241,0.00288697649098201
2011-10-24,5114.7001953125,5145.64990234375,5084.75,5098.35009765625,0.0,0.009584233600694825,0.009538596201786407,-0.00319668739748118,0.0128219086319114
2011-10-25,5137.89990234375,5211.0,5085.5498046875,5191.60009765625,0.0,0.018290230802876284,0.018124976515835178,0.010451779196399611,0.007757373254081029
2011-10-28,5341.89990234375,5399.7001953125,5322.7998046875,5360.7001953125,0.0,0.03257186502723708,0.03205264636282784,0.0035194019566898663,0.028950574362488535
2011-10-31,5358.89990234375,5360.25,5314.60009765625,5326.60009765625,0.0,-0.0063611275418961055,-0.006381445723893785,-0.00602732002390518,-0.0003358316830186122
2011-11-01,5278.60009765625,5310.85009765625,5238.2998046875,5257.9501953125,0.0,-0.012888127714704267,-0.012971900191361616,-0.003912003554298185,-0.009011376698078088
2011-11-02,5216.75,5300.10009765625,5204.9501953125,5258.4501953125,0.0,9.509409207519859e-05,9.508957091864603e-05,0.00799351997172569,-0.007835790333128348
2011-11-03,5241.5498046875,5281.60009765625,5201.85009765625,5265.75,0.0,0.0013882045881137284,0.001387241922938985,0.00461699234277195,-0.0032139489768421474
2011-11-04,5325.39990234375,5326.4501953125,5256.7998046875,5284.2001953125,0.0,0.0035038114822198985,0.003497687435602619,-0.007736453184129456,0.011327902453354223
2011-11-08,5292.25,5304.25,5252.0,5289.35009765625,0.0,0.0009745850182432125,0.0009741104185977595,-0.0005479526371108697,0.001523372391273292
2011-11-09,5309.7001953125,5317.5,5211.75,5221.0498046875,0.0,-0.012912794900646563,-0.012996889754193604,-0.016695931477122224,0.00384737203636176
2011-11-11,5159.75,5198.60009765625,5142.25,5168.85009765625,0.0,-0.009997933171291495,-0.01004824814991453,0.0017636702662435196,-0.011740896367712207
2011-11-14,5217.35009765625,5228.89990234375,5140.5498046875,5148.35009765625,0.0,-0.003966065877842984,-0.003973951574149737,-0.013225104451203368,0.009383131467092016
2011-11-15,5131.2001953125,5158.75,5052.85009765625,5068.5,0.0,-0.015509842209954106,-0.01563137811895635,-0.012219401490079931,-0.003331145321985265
2011-11-16,5059.10009765625,5065.2001953125,4989.5,5030.4501953125,0.0,-0.0075071134827858765,-0.007535433683540195,-0.005663043187665482,-0.0018545728211009174
2011-11-17,5027.10009765625,5036.7998046875,4919.4501953125,4934.75,0.0,-0.019024181056732425,-0.01920746911581733,-0.018370451326263772,-0.000665963785780387
2011-11-18,4899.14990234375,4915.89990234375,4837.9501953125,4905.7998046875,0.0,-0.0058665981686002455,-0.005883874256683862,0.001357358414480988,-0.007214164376361518
2011-11-21,4873.7998046875,4873.7998046875,4764.7998046875,4778.35009765625,0.0,-0.025979394207947815,-0.026322819719387578,-0.019584248606077097,-0.006522891531249185
2011-11-22,4794.85009765625,4854.0,4782.5498046875,4812.35009765625,0.0,0.007115426727873464,0.007090231524927415,0.003649749135755902,0.0034530747355856458
2011-11-23,4779.5,4779.5,4640.9501953125,4706.4501953125,0.0,-0.022005859963373453,-0.02225160074786096,-0.015283984661052411,-0.006826206944554786
2011-11-25,4731.2998046875,4767.2998046875,4693.10009765625,4710.0498046875,0.0,0.0007648247034643951,0.0007645323740951998,-0.004491366194749849,0.005279904884524127
2011-11-28,4769.2998046875,4859.10009765625,4766.39990234375,4851.2998046875,0.0,0.02998906717704486,0.02954818779399277,0.01719329951105326,0.012579484815857715
2011-11-29,4864.2001953125,4866.10009765625,4787.10009765625,4805.10009765625,0.0,-0.00952316057371061,-0.009568795826361632,-0.012150013421158772,0.002659161697765036
2011-11-30,4766.14990234375,4851.5498046875,4754.7998046875,4832.0498046875,0.0,0.005608563085791829,0.00559289365719913,0.013826653314312204,-0.008106011221597332
2011-12-01,4970.85009765625,5011.89990234375,4916.7001953125,4936.85009765625,0.0,0.021688578802951275,0.021456727931786077,-0.006839876345502947,0.02872493011849793
2011-12-02,4940.85009765625,5062.5498046875,4918.39990234375,5050.14990234375,0.0,0.022949816673852208,0.02269043070647762,0.022121659740162454,0.0008102332298683697
2011-12-05,5036.5,5055.39990234375,5002.5498046875,5039.14990234375,0.0,-0.0021781531662842246,-0.00218052879217037,0.0005261396493100367,-0.0027028707281372276
2011-12-07,5050.10009765625,5099.25,5032.25,5062.60009765625,0.0,0.004653601454005729,0.004642806926756286,0.0024751984630564544,0.0021730243244811936
2011-12-08,5037.39990234375,5049.0498046875,4921.4501953125,4943.64990234375,0.0,-0.023495870307348232,-0.023776299598409673,-0.01861079164200979,-0.004977717936711321
2011-12-09,4870.75,4918.35009765625,4841.75,4866.7001953125,0.0,-0.01556536335527492,-0.01568777554509722,-0.0008314540240209413,-0.014746170093717328
2011-12-12,4906.85009765625,4910.25,4755.5498046875,4764.60009765625,0.0,-0.02097932758516552,-0.02120252082692823,-0.028990084711971436,0.00824992309623295
2011-12-13,4733.60009765625,4824.7001953125,4728.5,4800.60009765625,0.0,0.007555723305657569,0.007527321801210558,0.014154131869562396,-0.006506317290982969
2011-12-14,4788.7001953125,4839.5498046875,4750.39990234375,4763.25,0.0,-0.0077802976495553455,-0.007810722075448438,-0.0053146353445580816,-0.0024788364166304483
2011-12-15,4712.7998046875,4768.64990234375,4673.85009765625,4746.35009765625,0.0,-0.003547977188631757,-0.003554286186905766,0.007118972661512126,-0.010591548903059885
2011-12-16,4752.5,4818.85009765625,4628.2001953125,4651.60009765625,0.0,-0.01996270777555742,-0.02016465475128,-0.021230910540504997,0.0012957119085646094
2011-12-19,4623.14990234375,4623.14990234375,4555.89990234375,4613.10009765625,0.0,-0.008276721814370669,-0.008311164053918654,-0.0021738003092664497,-0.006116216939378534
2011-12-20,4635.7998046875,4637.25,4531.14990234375,4544.2001953125,0.0,-0.014935705032447788,-0.015048365861574937,-0.01975918142159177,0.004920705501877773
2011-12-21,4636.4501953125,4707.35009765625,4601.9501953125,4693.14990234375,0.0,0.0327779808611639,0.03225224047519715,0.01222912026286274,0.020300602093886417
2011-12-22,4636.89990234375,4740.60009765625,4632.9501953125,4733.85009765625,0.0,0.008672255555309372,0.00863486755049247,0.020908408064512222,-0.011985553662351347
2011-12-23,4763.2001953125,4763.4501953125,4693.2001953125,4714.0,0.0,-0.004193224805761786,-0.00420204102712772,-0.010329231041121947,0.006200047963238499
2011-12-27,4780.2001953125,4800.5,4723.64990234375,4750.5,0.0,0.0077428935086973905,0.007713071150727649,-0.006213169762560203,0.014043316782456513
2011-12-28,4756.2001953125,4756.2001953125,4685.64990234375,4705.7998046875,0.0,-0.009409576952426058,-0.00945412670476182,-0.010596776534905403,0.0011999148115987791
2011-12-29,4681.14990234375,4701.7998046875,4639.0498046875,4646.25,0.0,-0.012654555476028118,-0.012735306330580514,-0.007455412253787552,-0.0052381961338848195
2011-12-30,4659.9501953125,4690.4501953125,4608.89990234375,4624.2998046875,0.0,-0.004724282015065917,-0.004735476707182386,-0.007650380182359279,0.0029486565106268494
2012-01-03,4675.7998046875,4773.10009765625,4675.7998046875,4765.2998046875,0.0,0.030491102643706913,0.03003548729238125,0.019141110342293963,0.01113682117837519
2012-01-04,4774.9501953125,4782.85009765625,4728.85009765625,4749.64990234375,0.0,-0.0032841380364684314,-0.0032895426540406015,-0.005298545939513031,0.0020251381907822807
2012-01-05,4749.0,4779.7998046875,4730.14990234375,4749.9501953125,0.0,6.322423229598861e-05,6.322223372845206e-05,0.0002000832412086755,-0.00013683163119650163
2012-01-06,4724.14990234375,4794.89990234375,4686.85009765625,4754.10009765625,0.0,0.0008736728119476123,0.0008732913820035912,0.0063398062998892305,-0.005431697577421145
2012-01-09,4747.5498046875,4758.7001953125,4695.4501953125,4742.7998046875,0.0,-0.0023769573077186967,-0.0023797867552800087,-0.0010005160968106286,-0.0013778197417381398
2012-01-10,4771.85009765625,4855.89990234375,4768.25,4849.5498046875,0.0,0.022507802225701035,0.022258239444290267,0.016282931240738915,0.006125135819571896
2012-01-11,4863.14990234375,4877.2001953125,4841.60009765625,4860.9501953125,0.0,0.002350814216606434,0.002348055375701594,-0.00045232145326013325,0.0028044041620325986
2012-01-12,4840.9501953125,4869.2001953125,4803.89990234375,4831.25,0.0,-0.0061099567202190785,-0.006128698887331798,-0.0020037792005984105,-0.004114421912671797
2012-01-13,4861.9501953125,4898.85009765625,4834.2001953125,4866.0,0.0,0.007192755498059533,0.0071670110077358545,0.0008329589001969816,0.006354503557567917
2012-01-16,4844.0,4880.7998046875,4827.0498046875,4873.89990234375,0.0,0.0016234900007705555,0.0016221735654996564,0.00617256448054294,-0.004521167283189478
2012-01-17,4904.5,4975.5498046875,4904.0,4967.2998046875,0.0,0.019163278732670763,0.01898197568577206,0.012804527411051075,0.006278359890307779
2012-01-18,4977.75,4980.64990234375,4931.0498046875,4955.7998046875,0.0,-0.0023151411133163213,-0.0023178251959906026,-0.004409662058661041,0.002103797983491644
2012-01-19,4995.0,5023.7998046875,4991.39990234375,5018.39990234375,0.0,0.012631684112227148,0.012552569924145546,0.004684665133883884,0.007909963448366508
2012-01-20,5044.85009765625,5064.14990234375,5004.2998046875,5048.60009765625,0.0,0.006017893332573188,0.005999858132263353,0.0007433322947974579,0.005270643198471874
2012-01-23,5025.35009765625,5059.5498046875,5021.35009765625,5046.25,0.0,-0.0004654949116174034,-0.000465603288007518,0.004158894790931563,-0.004605237006352221
2012-01-24,5064.7998046875,5141.0498046875,5049.7998046875,5127.35009765625,0.0,0.016071359456279355,0.015943582375194214,0.012350003036814872,0.003675958323012138
2012-01-25,5151.5,5174.14990234375,5130.25,5158.2998046875,0.0,0.00603619929237853,0.006018054422187115,0.0013199659686499079,0.004710016262550337
2012-01-27,5216.75,5217.0,5162.39990234375,5204.7001953125,0.0,0.008995287668784657,0.008955071062037441,-0.0023098298150189293,0.011331290837222096
2012-01-30,5163.5498046875,5166.14990234375,5076.7001953125,5087.2998046875,0.0,-0.02255660964501549,-0.022814901479942987,-0.014766972893488857,-0.007906390201314804
2012-01-31,5125.25,5215.39990234375,5120.14990234375,5199.25,0.0,0.022005818333990845,0.021767184851403856,0.014438320081947223,0.0074597913961218145
2012-02-01,5198.14990234375,5244.60009765625,5159.0,5235.7001953125,0.0,0.007010664098187291,0.006986203648760355,0.00722378032072897,-0.0002115877590517863
2012-02-02,5272.10009765625,5289.9501953125,5225.75,5269.89990234375,0.0,0.0065320216504889395,0.006510780445565732,-0.0004173280612555351,0.006952251081209477
2012-02-03,5276.10009765625,5334.85009765625,5255.5498046875,5325.85009765625,0.0,0.010616937010059058,0.01056097309606885,0.009429313144020894,0.0011765299962799118
2012-02-06,5379.4501953125,5390.0498046875,5327.25,5361.64990234375,0.0,0.006721894914626825,0.006699403711750445,-0.003308942795726721,0.010064139371823069
2012-02-07,5412.9501953125,5413.35009765625,5322.9501953125,5335.14990234375,0.0,-0.004942508459647055,-0.004954763050203981,-0.014372992575494858,0.009568004980393252
2012-02-08,5343.7998046875,5396.89990234375,5325.2001953125,5368.14990234375,0.0,0.006185393213694601,0.006166342187456197,0.004556700951800339,0.0016213044623076228
2012-02-09,5343.0498046875,5423.39990234375,5338.89990234375,5412.35009765625,0.0,0.008233785590302078,0.008200072906646953,0.012970175368373377,-0.004675744551263597
2012-02-10,5399.7998046875,5427.75,5341.0498046875,5381.60009765625,0.0,-0.00568145065362935,-0.005697651486356129,-0.003370441069954308,-0.002318825046846978
2012-02-13,5382.10009765625,5421.0498046875,5351.39990234375,5390.2001953125,0.0,0.0015980558756112373,0.0015967803430544996,0.0015050068763636261,9.290917030749941e-05
2012-02-14,5380.7998046875,5428.0498046875,5377.9501953125,5416.0498046875,0.0,0.004795667774543766,0.004784205192390807,0.006551070710583184,-0.0017439780127600636
2012-02-15,5460.60009765625,5542.10009765625,5460.60009765625,5531.9501953125,0.0,0.021399432206973046,0.02117367933441728,0.013066347357477111,0.008225606221381581
2012-02-16,5513.75,5531.39990234375,5483.75,5521.9501953125,0.0,-0.0018076807720491805,-0.001809316598601389,0.001487226535932895,-0.00329001431139455
2012-02-17,5574.2001953125,5606.7001953125,5545.2001953125,5564.2998046875,0.0,0.007669321141460017,0.007640061404398583,-0.0017761096261532756,0.009462236737367576
2012-02-21,5561.89990234375,5621.5,5561.75,5607.14990234375,0.0,0.007700896637552246,0.007671396090022358,0.0081357091631462,-0.0004313035652263497
2012-02-22,5609.75,5629.9501953125,5491.35009765625,5505.35009765625,0.0,-0.018155356368294795,-0.018322187184283887,-0.018610437603057178,0.0004637111012785974
2012-02-23,5490.0498046875,5537.39990234375,5460.7998046875,5483.2998046875,0.0,-0.004005248090968361,-0.004013290579059847,-0.0012294970428568302,-0.002779168026982276
2012-02-24,5479.14990234375,5521.39990234375,5405.89990234375,5429.2998046875,0.0,-0.00984808453366659,-0.009896897659749845,-0.009098144519631817,-0.000756825723846502
2012-02-27,5448.10009765625,5449.7998046875,5268.14990234375,5281.2001953125,0.0,-0.027277846997348587,-0.027656794612663387,-0.03063451466604838,0.0034627472501183986
2012-02-28,5310.5,5391.10009765625,5306.4501953125,5375.5,0.0,0.01785575270772699,0.01769821133763864,0.012239902080783354,0.005547944331575612
2012-02-29,5424.9501953125,5458.7998046875,5352.25,5385.2001953125,0.0,0.001804519637708113,0.0018028934481800647,-0.007327256208609346,0.009199180599479119
2012-03-01,5366.0,5372.4501953125,5297.5,5339.75,0.0,-0.008439833927076923,-0.008475650994548561,-0.004891912038762579,-0.003565363332121365
2012-03-02,5369.4501953125,5392.5498046875,5315.0498046875,5359.35009765625,0.0,0.0036706021173744663,0.0036638818972382233,-0.0018810301406775927,0.00556209472587668
2012-03-05,5342.5498046875,5344.5,5265.7001953125,5280.35009765625,0.0,-0.014740593273529279,-0.01485031539972594,-0.011642326099922662,-0.0031347631079554033
2012-03-06,5266.0,5382.0498046875,5206.39990234375,5222.39990234375,0.0,-0.010974688087106554,-0.01103535424618985,-0.008279547598984048,-0.0027176413288617874
2012-03-07,5207.0498046875,5243.85009765625,5171.4501953125,5220.4501953125,0.0,-0.0003733354526096466,-0.0003734051596396779,0.002573509209175736,-0.002939280396616326
2012-03-09,5294.10009765625,5342.2998046875,5291.60009765625,5333.5498046875,0.0,0.02166472337511305,0.021433378638431977,0.007451636029457542,0.014107959962893825
2012-03-12,5420.10009765625,5421.89990234375,5327.2998046875,5359.5498046875,0.0,0.004874802139683609,0.004862958765541654,-0.011171434452831055,0.016227521282858086
2012-03-13,5391.0498046875,5438.64990234375,5390.7998046875,5429.5,0.0,0.013051505790900864,0.012967068782384641,0.007132227804511782,0.005877359320823902
2012-03-14,5490.5498046875,5499.39990234375,5437.7998046875,5463.89990234375,0.0,0.006335740370890575,0.0063157539426588645,-0.004853776632897114,0.011244093321208215
2012-03-15,5462.5,5462.5,5362.2998046875,5380.5,0.0,-0.015263804944152692,-0.015381495959166968,-0.015011441647597254,-0.00025620936854086756
2012-03-16,5380.35009765625,5445.64990234375,5305.0,5317.89990234375,0.0,-0.011634624599247245,-0.011702836439644667,-0.011607087676265549,-2.7860299925657468e-05
2012-03-19,5337.35009765625,5340.7001953125,5238.5498046875,5257.0498046875,0.0,-0.011442505269689596,-0.011508474451056095,-0.015044973910182818,0.003657495565858196
2012-03-20,5257.14990234375,5297.35009765625,5233.25,5274.85009765625,0.0,0.003385985225568655,0.0033802656848120043,0.0033668804658982376,1.904065207081488e-05
2012-03-21,5267.2001953125,5372.35009765625,5256.0,5364.9501953125,0.0,0.01708107263489511,0.01693683132759836,0.018558246577943208,-0.001450259666554135
2012-03-22,5361.10009765625,5385.9501953125,5205.64990234375,5228.4501953125,0.0,-0.025442920256606216,-0.02577218838569368,-0.024743037795869824,-0.0007176390303891232
2012-03-23,5255.64990234375,5312.0,5220.0,5278.2001953125,0.0,0.009515247949497985,0.009470263113838983,0.004290676393550059,0.005202250383036172
2012-03-26,5274.35009765625,5274.9501953125,5174.89990234375,5184.25,0.0,-0.01779966500625274,-0.017959984312352094,-0.01708269189341215,-0.0007294338058016862
2012-03-27,5242.9501953125,5277.9501953125,5184.64990234375,5243.14990234375,0.0,0.011361315975068731,0.011297260934515444,3.8090583318634155e-05,0.01132279409991802
2012-03-28,5231.7001953125,5236.5498046875,5169.60009765625,5194.75,0.0,-0.009231073542664614,-0.009273943932475727,-0.00706275090946661,-0.0021837458864435375
2012-03-29,5145.9501953125,5194.2998046875,5135.9501953125,5178.85009765625,0.0,-0.0030607637217864303,-0.0030654574390867073,0.0063933580961819,-0.009394062214254777
2012-03-30,5206.60009765625,5307.10009765625,5203.64990234375,5295.5498046875,0.0,0.022533903246989784,0.02228376559490159,0.017084028994523832,0.005358332347282767
2012-04-02,5296.35009765625,5331.5498046875,5278.7998046875,5317.89990234375,0.0,0.004220543377094987,0.004211661864997884,0.004068802909580365,0.00015112556736631935
2012-04-03,5353.2001953125,5378.75,5344.4501953125,5358.5,0.0,0.0076346111062295385,0.007605614952249603,0.0009900254976716067,0.006638013805636348
2012-04-04,5328.64990234375,5338.39990234375,5305.2998046875,5322.89990234375,0.0,-0.006643668499813349,-0.006665835901845565,-0.0010790725803680448,-0.005570607008724456
2012-04-09,5282.5,5287.89990234375,5228.0,5234.39990234375,0.0,-0.016626275455796646,-0.016766043352304694,-0.009105555637718882,-0.0075898294322538995
2012-04-10,5254.10009765625,5255.7998046875,5211.85009765625,5243.60009765625,0.0,0.001757640891820289,0.0017560980486462775,-0.0019984392769151547,0.0037636014977913816
2012-04-11,5209.4501953125,5263.64990234375,5190.7998046875,5226.85009765625,0.0,-0.0031943702204687563,-0.0031994831122376596,0.003340065014808387,-0.006512682452465073
2012-04-12,5246.75,5290.60009765625,5246.75,5276.85009765625,0.0,0.00956599081010956,0.00952052643128076,0.005736903350883881,0.0038072456588478082
2012-04-13,5255.7001953125,5306.75,5185.39990234375,5207.4501953125,0.0,-0.01315176687974795,-0.013239017207444477,-0.009180508439776233,-0.004008054417377495
2012-04-16,5190.60009765625,5233.5,5183.5,5226.2001953125,0.0,0.003600610528522674,0.0035941438484491926,0.006858570682862811,-0.003235767414812274
2012-04-17,5266.60009765625,5298.2001953125,5208.35009765625,5289.7001953125,0.0,0.01215031908975761,0.012077096484755998,0.004386149931248822,0.007730263065694577
2012-04-18,5320.7001953125,5342.0,5293.4501953125,5300.0,0.0,0.0019471433743309952,0.0019452501478614526,-0.0038905021054816673,0.005860445555585709
2012-04-19,5320.60009765625,5342.4501953125,5291.2998046875,5332.39990234375,0.0,0.0061131891214623035,0.006094579385556793,0.0022177582360865403,0.0038868108785377357
2012-04-20,5313.9501953125,5336.14990234375,5245.4501953125,5290.85009765625,0.0,-0.0077919521132009395,-0.007822467994285074,-0.004347067023064476,-0.003459925618695777
2012-04-23,5277.39990234375,5310.5498046875,5187.14990234375,5200.60009765625,0.0,-0.01705775033013679,-0.017204909624993044,-0.014552583868694957,-0.002542161479581172
2012-04-24,5215.89990234375,5232.35009765625,5180.35009765625,5222.64990234375,0.0,0.004239857761306753,0.00423089488965838,0.0012941199268350428,0.0029419306234284674
2012-04-25,5222.2001953125,5236.10009765625,5160.64990234375,5202.0,0.0,-0.003953912808607574,-0.003961750187553282,-0.003868138822144716,-8.610706052653205e-05
2012-04-26,5214.75,5215.60009765625,5179.0498046875,5189.0,0.0,-0.002499038831218714,-0.002502166640857171,-0.004937916486888154,0.0024509803921568627
2012-04-27,5189.0,5223.0498046875,5154.2998046875,5190.60009765625,0.0,0.0003083633949219067,0.0003083158607018674,0.00030836339492195026,0.0
2012-04-30,5201.4501953125,5262.14990234375,5201.4501953125,5248.14990234375,0.0,0.011087312373281533,0.01102629869634238,0.008978209014350527,0.002090335886432327
2012-05-02,5254.2998046875,5279.60009765625,5226.4501953125,5239.14990234375,0.0,-0.0017148900407705225,-0.001716362147938504,-0.0028833342037761856,0.0011718229201120075
2012-05-03,5211.2001953125,5217.2998046875,5180.64990234375,5188.39990234375,0.0,-0.009686685997912892,-0.009733907132363178,-0.004375247949456821,-0.005334779029465565
2012-05-04,5166.64990234375,5177.2001953125,5070.60009765625,5086.85009765625,0.0,-0.019572470626565863,-0.019766547986143027,-0.015445173602976345,-0.004192043868895861
2012-05-07,5017.7998046875,5124.75,4988.0,5114.14990234375,0.0,0.005366740549338722,0.005352390914891362,0.01920166236330158,-0.013574273203089807
2012-05-08,5114.7001953125,5119.9501953125,4983.60009765625,4999.9501953125,0.0,-0.02233014464024874,-0.022583237144103662,-0.022435332593915402,0.00010760204124986788
2012-05-09,4967.89990234375,5016.25,4956.4501953125,4974.7998046875,0.0,-0.005030128229792874,-0.005042821909914006,0.001388897216003642,-0.0064101224445790375
2012-05-10,4984.14990234375,5039.2998046875,4950.2998046875,4965.7001953125,0.0,-0.0018291408161642542,-0.0018308157369825856,-0.003701675790805208,0.0018794922455854163
2012-05-11,4938.85009765625,4976.25,4906.14990234375,4928.89990234375,0.0,-0.00741089705808029,-0.0074384941865402255,-0.0020146785417159965,-0.0054071121091031306
2012-05-14,4934.35009765625,4957.2001953125,4874.5,4907.7998046875,0.0,-0.004280893926495999,-0.00429008318777997,-0.005380707173850723,0.0011057630344467673
2012-05-15,4869.85009765625,4955.2001953125,4868.5498046875,4942.7998046875,0.0,0.007131505235109747,0.007106196307577927,0.014979867053065773,-0.0077325295532641265
2012-05-16,4875.2998046875,4882.25,4837.0498046875,4858.25,0.0,-0.017105650244486403,-0.01725364197067538,-0.003497180762320907,-0.013656227779240913
2012-05-17,4878.60009765625,4922.25,4850.2001953125,4870.2001953125,0.0,0.002459773645345553,0.0024567533539605795,-0.0017217853842509934,0.004188771194617404
2012-05-18,4796.39990234375,4908.5,4788.9501953125,4891.4501953125,0.0,0.004363270327255364,0.004353778862483168,0.019817007527313118,-0.015153441338978581
2012-05-22,4954.7001953125,4956.35009765625,4849.89990234375,4860.5,0.0,-0.00632740681734012,-0.00634750970013281,-0.019012289664189996,0.012930725546508226
2012-05-23,4843.0,4853.75,4803.9501953125,4835.64990234375,0.0,-0.00511266282404077,-0.005125777203313112,-0.0015176745108920091,-0.0036004526283304186
2012-05-24,4863.39990234375,4931.89990234375,4830.14990234375,4921.39990234375,0.0,0.017732880115749916,0.01757748695340402,0.011925813456559242,0.005738628842123184
2012-05-25,4905.9501953125,4935.7998046875,4889.35009765625,4920.39990234375,0.0,-0.0002031942170608314,-0.00020321486380266794,0.0029453431967279846,-0.0031392911240340957
2012-05-28,4931.7001953125,4994.9501953125,4931.2998046875,4985.64990234375,0.0,0.013261117245555454,0.013173958334390843,0.010939372811536336,0.002296620842417157
2012-05-29,5005.35009765625,5020.14990234375,4982.14990234375,4990.10009765625,0.0,0.0008926008443568278,0.0008922027131203923,-0.0030467399287695774,0.003951379599124871
2012-05-30,4964.25,4982.25,4944.89990234375,4950.75,0.0,-0.007885632930435982,-0.007916888957933466,-0.0027194440247771566,-0.005180276377299781
2012-05-31,4896.10009765625,4924.25,4894.4501953125,4924.25,0.0,-0.005352724334696801,-0.005367101491185887,0.0057494540108004085,-0.011038711779780842
2012-06-01,4910.85009765625,4925.0,4831.75,4841.60009765625,0.0,-0.016784262038635367,-0.01692671398152418,-0.014101428189194824,-0.0027212067510280756
2012-06-04,4797.2998046875,4858.2998046875,4770.35009765625,4848.14990234375,0.0,0.001352818191380667,0.001351903957286658,0.010599733126239838,-0.009149928138467104
2012-06-05,4869.4501953125,4898.9501953125,4847.7001953125,4863.2998046875,0.0,0.0031248832335868393,0.0031200109335819946,-0.0012630564803641645,0.004393488938626415
2012-06-06,4886.64990234375,5010.4501953125,4886.14990234375,4997.10009765625,0.0,0.02751224443119593,0.02714058403860763,0.022602436744962134,0.004801286902720653
2012-06-07,5035.35009765625,5059.64990234375,5007.75,5049.64990234375,0.0,0.010516060046935394,0.010461150903908,0.002839882909860821,0.007654439425365942
2012-06-08,5044.25,5084.4501953125,4994.7998046875,5068.35009765625,0.0,0.003703265706365144,0.0036964255001187096,0.004777736562670367,-0.0010693617276801078
2012-06-11,5096.7001953125,5124.4501953125,5040.7001953125,5054.10009765625,0.0,-0.002811565840053043,-0.0028155257153311976,-0.008358368360656145,0.005593555518068867
2012-06-12,5015.5,5128.89990234375,5015.14990234375,5115.89990234375,0.0,0.01222765744512233,0.01215350351575396,0.02001792490155518,-0.007637382899113952
2012-06-13,5117.5498046875,5144.89990234375,5095.4501953125,5121.4501953125,0.0,0.00108491039205183,0.0010843223020839507,0.0007621597783821031,0.00032250481347262665
2012-06-14,5105.10009765625,5130.0,5047.60009765625,5054.75,0.0,-0.013023693049587504,-0.01310924495287964,-0.009862705273764507,-0.0031924742080309057
2012-06-15,5069.5498046875,5146.2001953125,5069.14990234375,5139.0498046875,0.0,0.016677344020475715,0.016539804211283652,0.0137093041152762,0.0029279004278154213
2012-06-18,5174.0,5190.2001953125,5041.7001953125,5064.25,0.0,-0.014555181897492497,-0.014662147764778139,-0.021211828372632392,0.006800906128720674
2012-06-19,5050.7998046875,5113.60009765625,5048.10009765625,5103.85009765625,0.0,0.00781953846201322,0.007789124317959819,0.010503345018647456,-0.002655910611146764
2012-06-20,5114.5498046875,5141.7001953125,5100.7001953125,5120.5498046875,0.0,0.0032719822705840063,0.0032666409844854687,0.0011731237800247799,0.0020963991548582973
2012-06-21,5097.35009765625,5170.39990234375,5093.4501953125,5165.0,0.0,0.008680746601040568,0.0086432855573779,0.013271582498297551,-0.0045307062554127125
2012-06-22,5101.75,5159.7998046875,5094.0,5146.0498046875,0.0,-0.0036689632744433265,-0.003675710428627626,0.00868325666437987,-0.012245885769603098
2012-06-25,5158.5,5194.60009765625,5105.64990234375,5114.64990234375,0.0,-0.00610174862962809,-0.006120440371459533,-0.008500552031840651,0.0024193693774901296
2012-06-26,5107.4501953125,5134.5498046875,5095.5,5120.7998046875,0.0,0.0012024092481739412,0.001201686933128108,0.00261375223732029,-0.0014076637049880555
2012-06-27,5149.4501953125,5160.10009765625,5129.25,5141.89990234375,0.0,0.004120469157363971,0.004112003271970844,-0.0014662328369780071,0.005594905428400829
2012-06-28,5148.9501953125,5159.0498046875,5125.2998046875,5149.14990234375,0.0,0.0014099846628081725,0.0014089915678230246,3.878597066870238e-05,0.0013711455109299926
2012-06-29,5191.25,5286.25,5189.0,5278.89990234375,0.0,0.02519833418346229,0.0248860906366406,0.01688416129906092,0.008176125856636492
2012-07-02,5283.85009765625,5302.14990234375,5263.35009765625,5278.60009765625,0.0,-5.679302374472783e-05,-5.679463652956444e-05,-0.000993593668058209,0.0009377323692578807
2012-07-03,5298.85009765625,5317.0,5265.9501953125,5287.9501953125,0.0,0.0017713214646439823,0.001769754524874917,-0.0020570316470305827,0.0038362443877859205
2012-07-04,5310.39990234375,5317.64990234375,5273.2998046875,5302.5498046875,0.0,0.0027609203634220147,0.002757116023506428,-0.0014782498118051997,0.004245446004985169
2012-07-05,5297.0498046875,5333.64990234375,5288.85009765625,5327.2998046875,0.0,0.004667565777151328,0.004656706469918981,0.005710725991896654,-0.0010372368393669687
2012-07-06,5324.7001953125,5327.2001953125,5287.75,5316.9501953125,0.0,-0.0019427495644028792,-0.0019446391500623072,-0.0014554810065780918,-0.00048797880170224313
2012-07-09,5283.7001953125,5300.60009765625,5257.75,5275.14990234375,0.0,-0.007861704818224902,-0.007892770948501047,-0.0016182396147940978,-0.006253585002416175
2012-07-10,5286.60009765625,5348.5498046875,5284.5498046875,5345.35009765625,0.0,0.013307715726013747,0.0132199458969235,0.01111300248075244,0.002170591457014838
2012-07-11,5315.25,5336.4501953125,5300.25,5306.2998046875,0.0,-0.00730546966154233,-0.007332285285333639,-0.0016838709961902074,-0.005631080678784322
2012-07-12,5240.0,5261.75,5217.7001953125,5235.25,0.0,-0.013389707951430796,-0.013480158401750039,-0.0009064885496183206,-0.012494545564299216
2012-07-13,5242.75,5267.14990234375,5216.85009765625,5227.25,0.0,-0.001528102764910888,-0.001529271504729059,-0.0029564636879500263,0.0014325963421040065
2012-07-16,5232.35009765625,5246.85009765625,5190.4501953125,5197.25,0.0,-0.005739155387632144,-0.005755687624308978,-0.006708285378681473,0.0009756750980439046
2012-07-17,5228.0498046875,5236.7001953125,5181.7001953125,5192.85009765625,0.0,-0.0008465827781518609,-0.0008469413317297982,-0.00673285610242078,0.005926173396988792
2012-07-18,5199.10009765625,5222.85009765625,5169.0498046875,5216.2998046875,0.0,0.004515768140858523,0.004505602651746632,0.003308208479964372,0.0012035779740341215
2012-07-19,5249.85009765625,5257.75,5233.14990234375,5242.7001953125,0.0,0.005061133679715946,0.00504836919305378,-0.0013619250475250734,0.006431818381796394
2012-07-20,5233.5498046875,5238.7001953125,5197.5,5205.10009765625,0.0,-0.007171895446142051,-0.007197737118262219,-0.005436024895715836,-0.0017453583619336781
2012-07-23,5163.25,5164.2001953125,5108.10009765625,5117.9501953125,0.0,-0.016743175099167007,-0.016884926528955263,-0.00877350596765603,-0.008040209961590218
2012-07-24,5128.7998046875,5144.0,5103.25,5128.2001953125,0.0,0.0020027549329002525,0.002000752092925557,-0.00011691027098620287,0.0021199130434948533
2012-07-25,5118.39990234375,5121.60009765625,5076.60009765625,5109.60009765625,0.0,-0.003627022531852764,-0.00363361612631477,-0.0017192491511791625,-0.0019110589671807448
2012-07-26,5126.2998046875,5126.2998046875,5032.39990234375,5043.0,0.0,-0.013034307261501565,-0.013119999282962123,-0.01624949922190085,0.0032683002019884256
2012-07-27,5124.2998046875,5149.9501953125,5077.5,5099.85009765625,0.0,0.01127307111962117,0.01121000358729877,-0.004771326417881407,0.016121317606087645
2012-07-30,5129.75,5206.60009765625,5129.75,5199.7998046875,0.0,0.01959855782372588,0.019408979065827576,0.01365559816511526,0.0058628982756750376
2012-07-31,5214.85009765625,5234.5498046875,5154.0498046875,5229.0,0.0,0.005615638372495901,0.005599929458278862,0.002713386210297684,0.0028943985411096994
2012-08-01,5220.7001953125,5246.35009765625,5212.64990234375,5240.5,0.0,0.002199273283610692,0.0021968584221014834,0.0037925573097029423,-0.0015872642355134825
2012-08-02,5233.10009765625,5236.89990234375,5209.9501953125,5227.75,0.0,-0.0024329739528671235,-0.0024359384433229802,-0.001022357217788773,-0.0014120603651846199
2012-08-03,5195.60009765625,5220.2001953125,5164.64990234375,5215.7001953125,0.0,-0.0023049695734302933,-0.00230763010487979,0.0038686768185482966,-0.006149854592080723
2012-08-06,5260.85009765625,5293.2001953125,5260.85009765625,5282.5498046875,0.0,0.012816996159993987,0.012735553625573123,0.004124752963578527,0.00865653711927835
2012-08-07,5295.39990234375,5350.10009765625,5281.64990234375,5336.7001953125,0.0,0.010250805506263116,0.010198622309721916,0.007799277435207574,0.002432555892771213
2012-08-08,5345.25,5377.60009765625,5331.0498046875,5338.0,0.0,0.00024355962297484268,0.0002435299671450816,-0.0013563444179411628,0.001602077009124428
2012-08-09,5348.2998046875,5368.2001953125,5312.10009765625,5322.9501953125,0.0,-0.0028193714289059812,-0.0028233533426232993,-0.004739751005129222,0.0019295250444923192
2012-08-10,5308.2001953125,5330.10009765625,5294.10009765625,5320.39990234375,0.0,-0.0004791126866067197,-0.00047922749776307234,0.0022982756079966927,-0.002771019727554309
2012-08-13,5316.35009765625,5352.4501953125,5309.0498046875,5347.89990234375,0.0,0.00516878439680557,0.005155472083349568,0.005934485898776484,-0.0007611842646858132
2012-08-14,5343.25,5387.0498046875,5328.7998046875,5380.35009765625,0.0,0.006067838947074966,0.006049503744983293,0.006943358004257708,-0.0008694819328447325
2012-08-16,5385.9501953125,5390.64990234375,5356.64990234375,5362.9501953125,0.0,-0.0032339721445505676,-0.00323921273413046,-0.004270369974831435,0.0010408426133253809
2012-08-17,5368.60009765625,5399.9501953125,5341.7001953125,5366.2998046875,0.0,0.0006245833455489347,0.0006243883745507009,-0.0004284716549765423,0.0010535063981553122
2012-08-21,5368.7001953125,5425.14990234375,5368.7001953125,5421.0,0.0,0.010193279783719644,0.01014167866750203,0.009741613944686986,0.00044730833392931984
2012-08-22,5395.75,5433.35009765625,5394.7998046875,5412.85009765625,0.0,-0.0015033946400572207,-0.0015045258717129944,0.0031691790124171804,-0.004657812211769047
2012-08-23,5426.14990234375,5448.60009765625,5393.85009765625,5415.35009765625,0.0,0.00046186388961388936,0.0004617572633175854,-0.0019903255313376386,0.0024570798096290865
2012-08-24,5392.60009765625,5399.64990234375,5371.0,5386.7001953125,0.0,-0.0052904986431348,-0.005304542887016916,-0.0010940737745997956,-0.004201021095542123
2012-08-27,5387.85009765625,5399.14990234375,5346.64990234375,5350.25,0.0,-0.006766702060793883,-0.0067896999946754025,-0.006978682957903058,0.00021347064103375266
2012-08-29,5343.85009765625,5345.5,5282.7001953125,5287.7998046875,0.0,-0.011672388264567068,-0.01174104537301993,-0.010488747241119844,-0.001196187532124667
2012-08-30,5268.60009765625,5342.7998046875,5255.0498046875,5315.0498046875,0.0,0.00515337210305189,0.005140138925224487,0.008816328089109149,-0.0036309443890500444
2012-08-31,5298.2001953125,5303.25,5238.89990234375,5258.5,0.0,-0.010639562518798384,-0.010696567362371883,-0.00749314745554993,-0.0031701696116073702
2012-09-03,5276.5,5295.7998046875,5243.14990234375,5253.75,0.0,-0.0009032994199866806,-0.0009037076407566584,-0.004311570169620013,0.003423029381002187
2012-09-04,5249.14990234375,5278.35009765625,5233.2001953125,5274.0,0.0,0.003854389721627438,0.003846980593905577,0.004734118498912445,-0.0008755836604806091
2012-09-05,5243.89990234375,5259.5,5215.7001953125,5225.7001953125,0.0,-0.00915809721037164,-0.009200290386331456,-0.003470643484845254,-0.005707261595800151
2012-09-06,5217.64990234375,5260.60009765625,5217.64990234375,5238.39990234375,0.0,0.0024302402657239153,0.0024272920075337386,0.003976886220495394,-0.00154051948406286
2012-09-07,5309.4501953125,5347.14990234375,5309.2001953125,5342.10009765625,0.0,0.01979615860677275,0.01960276282144217,0.006149394220248131,0.013563357951530366
2012-09-10,5361.89990234375,5375.4501953125,5349.10009765625,5363.4501953125,0.0,0.0039965738690701524,0.003988608782709102,0.0002891312775295094,0.0037063709637688755
2012-09-11,5336.10009765625,5393.35009765625,5332.10009765625,5390.0,0.0,0.00495013540178002,0.004937923764457274,0.010100991615098113,-0.005099347744508412
2012-09-12,5404.4501953125,5435.5498046875,5393.9501953125,5431.0,0.0,0.007606679035250474,0.007577894131802447,0.004912581988548572,0.0026809267741187384
2012-09-13,5435.2001953125,5447.4501953125,5421.85009765625,5435.35009765625,0.0,0.0008009754476616671,0.0008006548380166689,2.757991212159597e-05,0.0007733742059473393
2012-09-14,5528.35009765625,5586.64990234375,5526.9501953125,5577.64990234375,0.0,0.026180430355141393,0.02584358933331103,0.008917634342369292,0.017110213386273325
2012-09-17,5631.75,5652.2001953125,5585.14990234375,5610.0,0.0,0.005799951273861126,0.005783196310569196,-0.003862032227993075,0.009699443063559247
2012-09-18,5602.39990234375,5620.5498046875,5586.4501953125,5600.0498046875,0.0,-0.0017736533533868615,-0.0017752281388536857,-0.00041948052570592873,-0.0013547411151960784
2012-09-20,5536.9501953125,5581.35009765625,5534.89990234375,5554.25,0.0,-0.008178463814583092,-0.00821209092065133,0.003124428444768342,-0.011267687177028803
2012-09-21,5577.0,5720.0,5575.4501953125,5691.14990234375,0.0,0.024647774648917542,0.024348919045650126,0.020467976034382284,0.004095962551199532
2012-09-24,5691.9501953125,5709.85009765625,5662.75,5669.60009765625,0.0,-0.0037865466658373315,-0.003793733782301371,-0.003926615112454078,0.00014062060962766426
2012-09-25,5674.89990234375,5702.7001953125,5652.4501953125,5673.89990234375,0.0,0.0007583964677293498,0.00075810903044665,-0.00017621456187923195,0.0009347757507078639
2012-09-26,5653.39990234375,5672.7998046875,5638.64990234375,5663.4501953125,0.0,-0.0018417150832945595,-0.0018434131257124254,0.0017777431532100558,-0.0036130351879369513
2012-09-27,5673.75,5693.7001953125,5639.7001953125,5649.5,0.0,-0.0024631973146062025,-0.0024662359760189018,-0.004274069178233091,0.0018186448776445316
2012-09-28,5684.7998046875,5735.14990234375,5683.4501953125,5703.2998046875,0.0,0.00952293206257182,0.009477874770864534,0.0032542922592886216,0.006248305989468094
2012-10-01,5704.75,5722.9501953125,5694.0,5718.7998046875,0.0,0.0027177249190477593,0.0027140385821359655,0.0024628256606336824,0.00025427302827533196
2012-10-03,5727.7001953125,5743.25,5715.7998046875,5731.25,0.0,0.002177064373243942,0.00217469800247328,0.0006197609103921202,0.0015563389048353575
2012-10-04,5751.5498046875,5807.25,5751.35009765625,5787.60009765625,0.0,0.009832078107960829,0.009784057731510025,0.00626792676634202,0.0035419506543075247
2012-10-05,5815.0,5815.35009765625,4888.2001953125,5746.9501953125,0.0,-0.007023619748747212,-0.007048401472376666,-0.011702459963456579,0.004734242497999452
2012-10-08,5751.85009765625,5751.85009765625,5666.2001953125,5676.0,0.0,-0.012345712578189838,-0.012422553983974943,-0.013187078308448478,0.0008526091539381367
2012-10-09,5708.14990234375,5728.64990234375,5677.89990234375,5704.60009765625,0.0,0.00503877689504062,0.005026124741861446,-0.0006218835784327354,0.0056641829358262865
2012-10-10,5671.14990234375,5686.5,5647.0498046875,5652.14990234375,0.0,-0.009194368477125958,-0.009236897569122873,-0.003350290563144479,-0.005863723090115134
2012-10-11,5663.5,5721.10009765625,5636.9501953125,5708.0498046875,0.0,0.009890024735644376,0.009841438524261526,0.00786612601527324,0.002008102731235686
2012-10-12,5681.7001953125,5725.0,5659.35009765625,5676.0498046875,0.0,-0.005606117867738569,-0.0056218911252959814,-0.0009944894011939716,-0.00461621924765994
2012-10-15,5674.25,5693.7001953125,5651.0498046875,5687.25,0.0,0.001973237673716488,0.0019712933975172303,0.0022910516808388776,-0.00031708754317371425
2012-10-16,5705.60009765625,5714.0,5635.60009765625,5648.0,0.0,-0.006901402259440026,-0.006925327076076647,-0.01009536186735397,0.0032265326223130685
2012-10-17,5681.10009765625,5684.35009765625,5633.89990234375,5660.25,0.0,0.0021689093484418276,0.0021665606600093767,-0.003670081022661747,0.005860498876814802
2012-10-18,5675.2998046875,5722.5,5650.5498046875,5718.7001953125,0.0,0.010326433516629097,0.010273480136426792,0.007647241928814678,0.00265885865244468
2012-10-19,5703.2998046875,5711.7001953125,5660.0,5684.25,0.0,-0.00602413033310234,-0.0060423486092661665,-0.0033401373485298994,-0.002692987934150383
2012-10-22,5667.60009765625,5721.5498046875,5658.0498046875,5717.14990234375,0.0,0.005787905588907849,0.005771220015412784,0.00874264306474103,-0.0029291291452258434
2012-10-23,5715.64990234375,5720.7998046875,5681.4501953125,5691.39990234375,0.0,-0.004503992450756611,-0.004514165983925739,-0.0042427371190205485,-0.00026236849227708267
2012-10-25,5688.7998046875,5718.75,5685.7001953125,5705.2998046875,0.0,0.0024422642200956357,0.0024392867397124295,0.002900436043891755,-0.0004568467689608782
2012-10-29,5665.2001953125,5698.2998046875,5645.10009765625,5665.60009765625,0.0,-0.006958391038211942,-0.006982713537108193,7.058926956912964e-05,-0.007028484172217204
2012-10-30,5656.35009765625,5689.89990234375,5589.89990234375,5597.89990234375,0.0,-0.01194934237248868,-0.012021309646340173,-0.010333553316779183,-0.0016326602373200585
2012-10-31,5596.75,5624.39990234375,5583.0498046875,5619.7001953125,0.0,0.0038943699153359823,0.0038868064869830134,0.004100628992272301,-0.00020541673910041774
2012-11-01,5609.85009765625,5649.75,5601.9501953125,5645.0498046875,0.0,0.0045108472861496995,0.0045007039065821375,0.0062746252428306695,-0.0017527799195526759
2012-11-02,5696.35009765625,5711.2998046875,5682.5498046875,5697.7001953125,0.0,0.009326824819380741,0.009283598556758567,0.0002370110040823324,0.009087659939891335
2012-11-05,5693.0498046875,5709.2001953125,5679.5,5704.2001953125,0.0,0.0011408111654149788,0.001140160934837295,0.0019585970626533208,-0.0008161873151602252
2012-11-06,5694.10009765625,5730.7998046875,5693.64990234375,5724.39990234375,0.0,0.003541198825358416,0.003534943543911931,0.00532126309124276,-0.0017706422128293965
2012-11-07,5718.60009765625,5777.2998046875,5711.39990234375,5760.10009765625,0.0,0.0062364956888989465,0.0062171292271889006,0.00725702082525558,-0.0010131725222630545
2012-11-08,5709.0,5744.5,5693.9501953125,5738.75,0.0,-0.0037065497637683853,-0.0037134360408294775,0.005211070239971974,-0.00887139056438313
2012-11-09,5731.10009765625,5751.7001953125,5677.75,5686.25,0.0,-0.009148333696362476,-0.009190436679217989,-0.00782573971698585,-0.0013330258930516227
2012-11-12,5688.4501953125,5718.89990234375,5665.75,5683.7001953125,0.0,-0.00044841586062871475,-0.00044851642908619777,-0.0008350253297311421,0.00038693256759727413
2012-11-15,5650.35009765625,5651.64990234375,5603.5498046875,5631.0,0.0,-0.009272163115845444,-0.009315417200509159,-0.0034245838438004697,-0.005867673612298326
2012-11-16,5624.7998046875,5650.14990234375,5559.7998046875,5574.0498046875,0.0,-0.010113691229355348,-0.010165182073687593,-0.00902254333704585,-0.0011010824564908542
2012-11-19,5577.2998046875,5592.75,5549.25,5571.39990234375,0.0,-0.00047539983254574203,-0.0004755128708731552,-0.0010578420652214832,0.0005830590170304741
2012-11-20,5604.7998046875,5613.7001953125,5548.35009765625,5571.5498046875,0.0,2.6905687327660743e-05,2.6905325376147813e-05,-0.0059324152795237756,0.005994885114906127
2012-11-21,5582.5,5620.2001953125,5561.39990234375,5614.7998046875,0.0,0.007762651598952397,0.007732677239436856,0.005785903213166144,0.00196537690523511
2012-11-22,5628.60009765625,5643.35009765625,5608.0,5627.75,0.0,0.002306439367916191,0.002303783619401963,-0.00015103180924222717,0.0024578423895414516
2012-11-23,5635.4501953125,5637.75,5593.5498046875,5626.60009765625,0.0,-0.00020432719004037647,-0.0002043480676846334,-0.0015704331241559735,0.0013682546865976634
2012-11-26,5648.64990234375,5649.2001953125,5623.4501953125,5635.89990234375,0.0,0.001652828444547394,0.001651464026839213,-0.002257176532521469,0.003918850514484725
2012-11-27,5658.5,5733.2001953125,5658.0,5727.4501953125,0.0,0.016244130405985047,0.016113606124935557,0.012185242610674206,0.004010024671809998
2012-11-29,5736.7001953125,5833.5,5736.10009765625,5825.0,0.0,0.0170319778192638,0.016888559855538453,0.01539208982188932,0.0016150293210005476
2012-11-30,5836.0,5885.25,5827.85009765625,5879.85009765625,0.0,0.009416325777896972,0.009372268537928177,0.007513724752613091,0.001888412017167382
2012-12-03,5878.25,5899.14990234375,5854.60009765625,5870.9501953125,0.0,-0.001513627421776853,-0.0015147741130177722,-0.0012418329753753244,-0.00027213238937635675
2012-12-04,5866.7998046875,5894.9501953125,5859.0,5889.25,0.0,0.00311700901535672,0.0031121612139040416,0.003826650995413645,-0.0007069367797249866
2012-12-05,5906.60009765625,5917.7998046875,5891.35009765625,5900.5,0.0,0.001910260219892157,0.0019084379930875174,-0.001032759549553817,0.0029460623434647876
2012-12-06,5926.2998046875,5942.5498046875,5838.89990234375,5930.89990234375,0.0,0.005152089203245502,0.005138862601968067,0.0007762175063454401,0.004372477703160749
2012-12-07,5934.0,5949.85009765625,5888.64990234375,5907.39990234375,0.0,-0.0039622992103969246,-0.00397016991551854,-0.004482658856799797,0.0005227027444899071
2012-12-10,5916.0498046875,5919.9501953125,5888.10009765625,5908.89990234375,0.0,0.0002539188178889429,0.00025388658596198357,-0.0012085602014514608,0.0014642486519861584
2012-12-11,5923.7998046875,5965.14990234375,5865.4501953125,5898.7998046875,0.0,-0.001709302547542535,-0.001710765071977491,-0.004220264158862613,0.002521603443957477
2012-12-12,5917.7998046875,5924.60009765625,5874.25,5888.0,0.0,-0.001830847807196001,-0.001832525857525198,-0.005035622304069076,0.003220994207143899
2012-12-13,5900.35009765625,5907.4501953125,5841.35009765625,5851.5,0.0,-0.006199048913043459,-0.006218342793891255,-0.00827918629364965,0.0020975029986837635
2012-12-14,5846.89990234375,5886.10009765625,5839.14990234375,5879.60009765625,0.0,0.004802204162394297,0.004790710362347276,0.005592740744439975,-0.0007861399053661454
2012-12-17,5860.5,5886.0498046875,5850.14990234375,5857.89990234375,0.0,-0.0036907604177280895,-0.0036975880786428313,-0.0004436648163552598,-0.0032485368628835417
2012-12-18,5873.60009765625,5905.7998046875,5823.14990234375,5896.7998046875,0.0,0.006640588434805084,0.006618636854775263,0.0039498274730190444,0.0026801747339892817
2012-12-19,5917.2998046875,5939.39990234375,5910.7998046875,5929.60009765625,0.0,0.00556238876257531,0.005546975807021157,0.0020787003151346317,0.003476461924941743
2012-12-20,5934.4501953125,5937.60009765625,5881.4501953125,5916.39990234375,0.0,-0.002226152707619833,-0.00222863426913261,-0.0030416116699416495,0.0008179468389726759
2012-12-21,5888.0,5888.0,5841.64990234375,5847.7001953125,0.0,-0.011611741627545302,-0.011679684367163802,-0.006844396176545516,-0.004800199920985654
2012-12-24,5869.0,5871.89990234375,5844.7001953125,5855.75,0.0,0.001376576161334686,0.0013756295489937814,-0.002257624808314875,0.003642424196878948
2012-12-26,5864.9501953125,5917.2998046875,5859.5498046875,5905.60009765625,0.0,0.008513016719677191,0.008476985338926086,0.0069309884977776974,0.0015711386777953293
2012-12-27,5930.2001953125,5930.7998046875,5864.7001953125,5870.10009765625,0.0,-0.006011243466026217,-0.006029383723567037,-0.010134581578503176,0.004165554261964507
2012-12-28,5887.14990234375,5915.75,5879.5,5908.35009765625,0.0,0.006516072871614487,0.0064949350428471515,0.00360109656865709,0.0029045168572691734
2012-12-31,5901.2001953125,5919.0,5897.14990234375,5905.10009765625,0.0,-0.0005500689610944409,-0.0005502203045275154,0.0006608659619525887,-0.0012101351858933096
2013-01-02,5982.60009765625,6006.0498046875,5982.0,5993.25,0.0,0.014927757512313233,0.01481743509598375,0.0017801461187289147,0.01312424831388717
2013-01-03,6015.7998046875,6017.0,5986.5498046875,6009.5,0.0,0.0027113836399281777,0.0027077144701615867,-0.0010472098294546312,0.0037625336315855336
2013-01-04,6011.9501953125,6020.75,5981.5498046875,6016.14990234375,0.0,0.0011065649960479984,0.0011059532042860644,0.0006985598507659793,0.000407720328230302
2013-01-07,6042.14990234375,6042.14990234375,5977.14990234375,5988.39990234375,0.0,-0.004612584535034436,-0.004623255329017686,-0.008895840200712395,0.004321700825617895
2013-01-08,5983.4501953125,6007.0498046875,5964.39990234375,6001.7001953125,0.0,0.0022210094826073945,0.0022185466869673303,0.0030500797038968,-0.000826549180410075
2013-01-09,6006.2001953125,6020.10009765625,5958.4501953125,5971.5,0.0,-0.005031940005281732,-0.005044642846597446,-0.005777395721771236,0.0007497875357910462
2013-01-10,5998.7998046875,6005.14990234375,5947.2998046875,5968.64990234375,0.0,-0.00047728337205898974,-0.0004773973080222145,-0.0050259890853818255,0.004571682941890648
2013-01-11,6012.39990234375,6018.85009765625,5940.60009765625,5951.2998046875,0.0,-0.0029068713930493484,-0.0029111045491811488,-0.010162347589758957,0.0073299658575753275
2013-01-14,5967.2001953125,6036.89990234375,5962.14990234375,6024.0498046875,0.0,0.01222422031951731,0.012150107904682364,0.00952701560434622,0.002671750902630744
2013-01-15,6037.85009765625,6068.5,6018.60009765625,6056.60009765625,0.0,0.005403390414106646,0.005388844474855894,0.0031054099881145285,0.0022908663467575523
2013-01-16,6049.0,6055.9501953125,5992.0498046875,6001.85009765625,0.0,-0.00903972511263984,-0.00908083134121998,-0.007794660661886262,-0.0012548455459674554
2013-01-17,6001.25,6053.2001953125,5988.10009765625,6039.2001953125,0.0,0.0062230973863934835,0.006203813876608185,0.006323715111435118,-9.998544556858241e-05
2013-01-18,6059.85009765625,6083.39990234375,6048.2998046875,6064.39990234375,0.0,0.0041726894648748125,0.004164007938021129,0.0007508114250647412,0.0034193107822088793
2013-01-21,6085.75,6094.35009765625,6065.10009765625,6082.2998046875,130900.0,0.002951636210011932,0.0029472886846284353,-0.000566930174998973,0.0035205622980105057
2013-01-22,6080.14990234375,6101.2998046875,6040.5,6048.5,129000.0,-0.00555707639755787,-0.005572574388951168,-0.005205447703114973,-0.00035346865705191246
2013-01-23,6052.85009765625,6069.7998046875,6021.14990234375,6054.2998046875,137000.0,0.0009588831425146882,0.0009584237077469017,0.00023950816687354397,0.0007192027207158799
2013-01-24,6046.2001953125,6065.2998046875,6007.85009765625,6019.35009765625,185200.0,-0.005772708349228162,-0.005789434832539505,-0.004440821803595976,-0.0013378275996059747
2013-01-25,6024.5,6080.5498046875,6014.4501953125,6074.64990234375,147600.0,0.009187005871120979,0.009145062029183172,0.008324326059216533,0.0008555578692382777
2013-01-28,6082.10009765625,6088.39990234375,6061.39990234375,6074.7998046875,113100.0,2.467670502159791e-05,2.4676400556721332e-05,-0.0012002914867453732,0.001226440277591229
2013-01-29,6064.7001953125,6111.7998046875,6042.4501953125,6049.89990234375,157600.0,-0.004098884431473215,-0.004107307883982924,-0.0024403997711526407,-0.0016625419272593698
2013-01-30,6065.0,6071.9501953125,6044.14990234375,6055.75,124200.0,0.0009669742889437671,0.0009665070704739352,-0.0015251442704039572,0.002495925205374088
2013-01-31,6045.64990234375,6058.0498046875,6025.14990234375,6034.75,168500.0,-0.003467778557569301,-0.003473805238461769,-0.001802933103937159,-0.0016678524800809147
2013-02-01,6040.9501953125,6052.9501953125,5983.2001953125,5998.89990234375,159300.0,-0.005940610241724986,-0.005958325862656894,-0.006960873970021984,0.0010274154376734746
2013-02-04,6025.2001953125,6038.5,5981.25,5987.25,141700.0,-0.0019420064567502449,-0.0019438945962046322,-0.006298578318115402,0.004384186000248906
2013-02-05,5948.2001953125,5970.35009765625,5946.89990234375,5956.89990234375,136200.0,-0.00506912149254668,-0.005082013073346008,0.0014625780480801293,-0.006522160372040587
2013-02-06,5988.0498046875,5990.89990234375,5953.14990234375,5959.2001953125,157800.0,0.0003861560554081489,0.0003860815163471072,-0.004817863965061924,0.005229213660530712
2013-02-07,5936.4501953125,5978.5,5927.60009765625,5938.7998046875,157600.0,-0.0034233437300943415,-0.003429216778715081,0.00039579366417582054,-0.0038176264019280847
2013-02-08,5929.10009765625,5953.7001953125,5883.64990234375,5903.5,192600.0,-0.005943929051058117,-0.005961664511139566,-0.004317703738273809,-0.001633277320376082
2013-02-11,5920.0498046875,5924.14990234375,5879.10009765625,5897.85009765625,122000.0,-0.0009570428294656264,-0.0009575010873592933,-0.003749918964139838,0.002803388614804777
2013-02-12,5894.35009765625,5927.64990234375,5886.4501953125,5922.5,142800.0,0.004179472508727411,0.004170762773135264,0.00477574319091483,-0.0005934365814741319
2013-02-13,5943.14990234375,5969.5,5922.9501953125,5932.9501953125,142600.0,0.0017644905550864287,0.001762935670411124,-0.0017162123114592193,0.0034866867612916843
2013-02-14,5933.2001953125,5940.2001953125,5884.5498046875,5896.9501953125,143800.0,-0.006067807551872417,-0.006086291505428713,-0.006109687657031893,4.213755244355831e-05
2013-02-15,5869.9501953125,5899.9501953125,5853.89990234375,5887.39990234375,125100.0,-0.0016195308850228685,-0.0016208437428339576,0.0029727180726651847,-0.004578637957882426
2013-02-18,5888.64990234375,5911.0,5878.4501953125,5898.2001953125,114300.0,0.0018344758548591855,0.001832795259055871,0.0016218136800676287,0.00021231783482253007
2013-02-19,5900.2001953125,5947.5498046875,5883.14990234375,5939.7001953125,101000.0,0.007036044662061647,0.0070114071991698905,0.006694688094038123,0.00033908648973791493
2013-02-20,5966.2998046875,5971.0,5937.5498046875,5943.0498046875,135400.0,0.0005639357652500454,0.0005637768132327255,-0.0038968876457956972,0.004478274744572447
2013-02-21,5909.64990234375,5921.14990234375,5844.39990234375,5852.25,159400.0,-0.015278317980085387,-0.01539623406156752,-0.0097129107971329,-0.005619993680249201
2013-02-22,5837.9501953125,5873.7998046875,5835.7998046875,5850.2998046875,157000.0,-0.0003332385514118741,-0.00033329408771618207,0.0021154016327367686,-0.002443471261053441
2013-02-25,5870.5498046875,5878.39990234375,5825.0,5854.75,125100.0,0.0007606781636959603,0.000760388994695336,-0.0026913671143517456,0.0034613610714060964
2013-02-26,5838.2998046875,5838.85009765625,5748.60009765625,5761.35009765625,157400.0,-0.01595284211003889,-0.016081458393314825,-0.013180156827415409,-0.002809717803919894
2013-02-27,5784.89990234375,5818.2001953125,5749.7001953125,5796.89990234375,175200.0,0.006170394800684376,0.006151435864131232,0.00207436605690242,0.004087549669491565
2013-02-28,5834.35009765625,5849.89990234375,5671.89990234375,5693.0498046875,334900.0,-0.017914764685562745,-0.018077176721828157,-0.02421868598963791,0.006460383298555574
2013-03-01,5702.4501953125,5739.4501953125,5679.89990234375,5719.7001953125,174500.0,0.004681215084936907,0.004670292272359843,0.0030250154598771874,0.0016512047052987273
2013-03-04,5704.7001953125,5712.0,5663.60009765625,5698.5,144900.0,-0.0037065221232879253,-0.003713408297517434,-0.0010868573457365287,-0.0026225150773274866
2013-03-05,5722.4501953125,5790.10009765625,5722.39990234375,5784.25,154400.0,0.01504781960164947,0.014935724292001495,0.010799535614678276,0.004202894676230587
2013-03-06,5816.39990234375,5828.7001953125,5795.0498046875,5818.60009765625,156900.0,0.005938556883995361,0.005920993156224326,0.00037827442222695506,0.005558179944461252
2013-03-07,5801.2998046875,5878.0,5801.2998046875,5863.2998046875,134700.0,0.007682209858219213,0.007652851943975546,0.010687260111932755,-0.0029732741000225485
2013-03-08,5883.64990234375,5952.85009765625,5883.0,5945.7001953125,150800.0,0.014053586439350063,0.01395575035978997,0.01054622453726084,0.0034707585035956747
2013-03-11,5946.10009765625,5971.2001953125,5930.35009765625,5942.35009765625,125400.0,-0.0005634488026979856,-0.000563607599626711,-0.0006306654678548251,6.72590831379754e-05
2013-03-12,5944.60009765625,5952.0,5893.64990234375,5914.10009765625,115900.0,-0.00475401138198539,-0.0047653476368216515,-0.005130706775721566,0.00037863807467140533
2013-03-13,5884.7998046875,5893.85009765625,5842.25,5851.2001953125,116700.0,-0.01063558298052436,-0.010692545036311767,-0.005709558606944699,-0.004954311304328729
2013-03-14,5845.9501953125,5920.14990234375,5791.75,5908.9501953125,149000.0,0.009869769974075515,0.009821381919884518,0.01077669119564442,-0.0008972518158250453
2013-03-15,5914.89990234375,5945.64990234375,5861.0,5872.60009765625,152200.0,-0.006151701479069183,-0.006170701154912373,-0.0071513982291972365,0.0010068974749473827
2013-03-18,5816.75,5850.2001953125,5814.35009765625,5835.25,102700.0,-0.0063600614779059095,-0.0063803728356968134,0.0031804701938367647,-0.009510284495370242
2013-03-19,5859.5,5863.60009765625,5724.2998046875,5745.9501953125,182300.0,-0.015303509650400615,-0.015421816917123578,-0.01937875325326393,0.0041557773874298445
2013-03-20,5740.5498046875,5745.2998046875,5682.2998046875,5694.39990234375,187600.0,-0.008971587155559457,-0.009012074180768975,-0.008039282632138451,-0.0009398603262182111
2013-03-21,5705.89990234375,5757.75,5647.9501953125,5658.75,179200.0,-0.00626051962544405,-0.006280198856235595,-0.008263359531488232,0.002019527991925318
2013-03-22,5659.7998046875,5691.4501953125,5631.7998046875,5651.35009765625,165300.0,-0.0013076920421912774,-0.0013085478175716774,-0.0014929339062932708,0.00018551883145571018
2013-03-25,5707.2998046875,5718.39990234375,5624.39990234375,5633.85009765625,150400.0,-0.003096605182407286,-0.0031014095850241405,-0.012869432051024293,0.009900237299836313
2013-03-26,5613.75,5655.2998046875,5612.0498046875,5641.60009765625,126500.0,0.0013756134553923882,0.0013746681660056223,0.00496105057336896,-0.0035677373923406097
2013-03-28,5647.75,5692.9501953125,5604.85009765625,5682.5498046875,209700.0,0.007258527070761689,0.007232310747962538,0.00616171124562879,0.0010900989501728276
2013-04-01,5697.35009765625,5720.9501953125,5675.89990234375,5704.39990234375,97800.0,0.0038451220679536213,0.003837748481610424,0.0012373830933086096,0.0026045161903449276
2013-04-02,5701.7001953125,5754.60009765625,5687.14990234375,5748.10009765625,106400.0,0.007660787472937303,0.0076315926493432315,0.008137906370786811,-0.00047326749131679555
2013-04-03,5740.2001953125,5744.9501953125,5650.10009765625,5672.89990234375,140700.0,-0.013082617566656962,-0.013168948793470324,-0.011724380801859146,-0.001374350169540564
2013-04-04,5640.64990234375,5644.4501953125,5565.64990234375,5574.75,134600.0,-0.017301539606436434,-0.017452960325511746,-0.011683033601565643,-0.005684923153090708
2013-04-05,5568.10009765625,5577.2998046875,5534.7001953125,5553.25,137500.0,-0.003856675187228098,-0.003864131335780677,-0.002666995455505689,-0.0011928610868200368
2013-04-08,5550.5,5569.2001953125,5537.0498046875,5542.9501953125,97000.0,-0.001854734558591864,-0.0018564567084833458,-0.0013602026281416088,-0.000495205510286769
2013-04-09,5568.75,5603.0498046875,5487.0,5495.10009765625,138200.0,-0.008632604654596254,-0.008670081423453112,-0.013225571689113355,0.004654525799152605
2013-04-10,5536.25,5569.25,5477.2001953125,5558.7001953125,128600.0,0.01157396526468668,0.011507499287045326,0.004055126721607586,0.007488471840813438
2013-04-11,5601.64990234375,5610.64990234375,5542.85009765625,5594.0,146800.0,0.006350370310898912,0.006330291669064339,-0.0013656516342710483,0.007726573753243306
2013-04-12,5520.7001953125,5544.5,5494.89990234375,5528.5498046875,127300.0,-0.011700070667232776,-0.01176905510382896,0.0014218503264612926,-0.013103290076421166
2013-04-15,5508.5,5592.85009765625,5500.2998046875,5568.39990234375,142900.0,0.007208056192685941,0.007182202318757875,0.010874085929699556,-0.003626593843922748
2013-04-16,5562.4501953125,5699.25,5555.85009765625,5688.9501953125,142700.0,0.0216490006254777,0.021417989176254947,0.022741776655654748,-0.0010684769656622106
2013-04-17,5708.64990234375,5732.14990234375,5669.0,5688.7001953125,154600.0,-4.394483892755652e-05,-4.394580453027964e-05,-0.003494645384201863,0.0034628018096347344
2013-04-18,5682.7001953125,5794.35009765625,5681.85009765625,5783.10009765625,149900.0,0.0165942832462036,0.016458102609584743,0.01766764018741778,-0.0010547224838714495
2013-04-22,5789.85009765625,5844.85009765625,5789.7998046875,5834.39990234375,135100.0,0.008870640974775856,0.008831527973868913,0.007694465994125462,0.0011671940457568097
2013-04-23,5843.10009765625,5844.2998046875,5791.5498046875,5836.89990234375,132200.0,0.0004284930827240796,0.0004284013057793631,-0.0010611139992256827,0.0014911894039016805
2013-04-25,5856.10009765625,5924.60009765625,5853.2998046875,5916.2998046875,199600.0,0.013603094737305366,0.013511403233731597,0.010279828901036604,0.003289450844409778
2013-04-26,5899.75,5907.0498046875,5860.5,5871.4501953125,141300.0,-0.007580685708230228,-0.007609565149353201,-0.004796780319081317,-0.002797323535630758
2013-04-29,5877.60009765625,5918.64990234375,5868.7998046875,5904.10009765625,118900.0,0.005560790138323224,0.0055453860244868425,0.004508642908619648,0.0010474247654625093
2013-04-30,5932.60009765625,5962.2998046875,5867.7998046875,5930.2001953125,153200.0,0.004420673298985989,0.004410930824423511,-0.0004045279142779424,0.004827153931775927
2013-05-02,5911.39990234375,6019.4501953125,5910.9501953125,5999.35009765625,162400.0,0.011660635402900743,0.011593174115103801,0.014878065562377116,-0.003170262781956435
2013-05-03,5993.5,6000.2998046875,5930.14990234375,5944.0,145800.0,-0.009226015610903193,-0.009268838888589223,-0.008258947192792191,-0.0009751218983761994
2013-05-06,5944.89990234375,5976.5,5928.4501953125,5971.0498046875,110200.0,0.004550774678246938,0.004540451211160536,0.004398711967116641,0.00015139676038862718
2013-05-07,5983.4501953125,6050.5,5982.9501953125,6043.5498046875,136400.0,0.012141918485269576,0.012068796690554202,0.010044306781743197,0.0020767521676448293
2013-05-08,6064.14990234375,6083.5498046875,6024.9501953125,6069.2998046875,122300.0,0.004260740927464202,0.0042516896717678145,0.0008492373088863783,0.0034086089007278712
2013-05-09,6078.35009765625,6084.7001953125,6040.4501953125,6050.14990234375,110000.0,-0.0031552078427498076,-0.0031601960062404705,-0.004639449004981419,0.001491159319854358
2013-05-10,6046.25,6105.2998046875,6045.60009765625,6094.75,111400.0,0.007371734316693912,0.0073446958820698885,0.008021500930328716,-0.0006445959863307235
2013-05-13,6098.2001953125,6104.9501953125,5972.89990234375,5980.4501953125,107900.0,-0.01875381347676275,-0.018931896238816203,-0.01930897580084544,0.0005660930001230568
2013-05-14,5989.7001953125,6026.2001953125,5970.0498046875,5995.39990234375,119300.0,0.002499762817683493,0.0024966436077198026,0.0009515846946247081,0.0015467063010156303
2013-05-15,6018.85009765625,6157.10009765625,6018.85009765625,6146.75,153900.0,0.025244370704460284,0.024930994618493872,0.021249889973760008,0.003911364661985724
2013-05-16,6128.25,6187.2998046875,6128.25,6169.89990234375,158600.0,0.0037662020325781587,0.003759127650507598,0.006796377814832946,-0.003009720584048481
2013-05-17,6172.9501953125,6199.9501953125,6146.14990234375,6187.2998046875,147300.0,0.0028201271688605978,0.0028161580707262417,0.002324595034947235,0.0004943828938928636
2013-05-20,6198.0,6229.4501953125,6146.0498046875,6156.89990234375,122300.0,-0.004913274498306808,-0.004925384313636034,-0.006631187101686028,0.001729380448704543
2013-05-21,6152.35009765625,6180.25,6102.35009765625,6114.10009765625,130600.0,-0.006951518680887947,-0.006975793048095481,-0.006217136442637003,-0.0007389765563295943
2013-05-22,6127.0498046875,6147.60009765625,6074.4501953125,6094.5,133800.0,-0.0032057207672742116,-0.0032108700979154446,-0.005312475942760865,0.00211800703691686
2013-05-23,6050.39990234375,6081.4501953125,5955.7001953125,5967.0498046875,198900.0,-0.020912330020920522,-0.021134089920608477,-0.013775965060418996,-0.007236048511978013
2013-05-24,6010.7001953125,6015.2998046875,5936.7998046875,5983.5498046875,161600.0,0.0027651855674202253,0.002761369474992902,-0.004517009623300374,0.007315238192030812
2013-05-27,5989.39990234375,6099.89990234375,5975.5498046875,6083.14990234375,115100.0,0.016645653651653936,0.016508633198256576,0.015652653275550044,0.0009776968266675154
2013-05-28,6086.35009765625,6127.64990234375,6055.39990234375,6111.25,139700.0,0.004619333422216654,0.004608697044323107,0.004091105826025113,0.0005260753661958931
2013-05-29,6120.4501953125,6125.0498046875,6069.7998046875,6104.2998046875,120200.0,-0.0011372788402536083,-0.0011379260325724719,-0.002638758605922352,0.001505452290857026
2013-05-30,6072.14990234375,6133.75,6072.14990234375,6124.0498046875,194100.0,0.0032354243126841986,0.0032302015895608275,0.00854720373812206,-0.005266763326247844
2013-05-31,6098.7001953125,6106.25,5975.5498046875,5985.9501953125,175300.0,-0.022550373328005135,-0.022808521266850956,-0.018487545934240276,-0.004139353888924414
2013-06-03,5997.35009765625,6011.0,5916.35009765625,5939.2998046875,112100.0,-0.007793314194550316,-0.007823840773196913,-0.009679323705220396,0.0019044432332024877
2013-06-04,5941.10009765625,5981.60009765625,5910.25,5919.4501953125,114500.0,-0.0033420790375549014,-0.00334767625808323,-0.003644089812977707,0.00030311535500012084
2013-06-05,5908.2998046875,5935.2001953125,5883.7001953125,5923.85009765625,110200.0,0.0007432957789279548,0.0007430196714316884,0.002631940402958695,-0.0018836868724446372
2013-06-06,5895.0,5956.5498046875,5869.5,5921.39990234375,114200.0,-0.0004136153467944048,-0.0004137009092160573,0.004478354935326548,-0.00487015997715142
2013-06-07,5900.0498046875,5972.7001953125,5871.2998046875,5881.0,118300.0,-0.006822694465840606,-0.006846075453972334,-0.003228753200077264,-0.003605582802775981
2013-06-10,5907.89990234375,5931.64990234375,5857.39990234375,5878.0,100100.0,-0.0005101173269852488,-0.0005102474810933533,-0.005061003544066188,0.004574035426585615
2013-06-11,5848.75,5868.0498046875,5780.35009765625,5788.7998046875,180900.0,-0.01517526289766924,-0.01529158551760873,-0.010250086824107715,-0.004976182374957469
2013-06-12,5771.75,5792.89990234375,5738.60009765625,5760.2001953125,140400.0,-0.004940507590509791,-0.004952752244654958,-0.0020010923355134923,-0.0029453090904428695
2013-06-13,5709.35009765625,5729.85009765625,5683.10009765625,5699.10009765625,142000.0,-0.010607287174840163,-0.010663945462104954,-0.001795300660263895,-0.008827835132818904
2013-06-14,5748.9501953125,5819.39990234375,5739.39990234375,5808.39990234375,124400.0,0.019178432176063964,0.018996844089153475,0.01034096748302382,0.008747012125081083
2013-06-17,5820.39990234375,5854.89990234375,5770.25,5850.0498046875,107200.0,0.007170632711935632,0.007145045967808824,0.005094134911900233,0.0020659734525437677
2013-06-18,5841.89990234375,5863.39990234375,5804.2998046875,5813.60009765625,117500.0,-0.006230666105106253,-0.006250157711134042,-0.004844280997718947,-0.0013931338391717084
2013-06-19,5805.75,5828.39990234375,5777.89990234375,5822.25,115500.0,0.0014878736408507898,0.0014867678535771553,0.002842010076217543,-0.0013502988723656385
2013-06-20,5754.14990234375,5755.0,5645.64990234375,5655.89990234375,198400.0,-0.028571445344368618,-0.028987554139514253,-0.017074633380680843,-0.011696525854480656
2013-06-21,5639.89990234375,5686.14990234375,5616.85009765625,5667.64990234375,182400.0,0.002077476653207899,0.0020753216826701094,0.004920300090515445,-0.0028289043788362936
2013-06-24,5638.0498046875,5640.0,5566.25,5590.25,193500.0,-0.013656436737869537,-0.013750543628800106,-0.008478074217747957,-0.005222640453498978
2013-06-25,5606.9501953125,5666.25,5570.25,5609.10009765625,196600.0,0.0033719596898618143,0.003366287381407146,0.0003834352489072139,0.002987378974553911
2013-06-26,5627.9501953125,5635.25,5579.35009765625,5588.7001953125,160100.0,-0.003636929630169039,-0.0036435593381386397,-0.006974119997133448,0.003360627788426609
2013-06-27,5647.9501953125,5699.35009765625,5630.9501953125,5682.35009765625,239000.0,0.01675700951400083,0.01661815982028318,0.006090687976020061,0.010601749589232878
2013-06-28,5749.5,5852.9501953125,5749.5,5842.2001953125,214400.0,0.02813098364392963,0.0277425749122853,0.01612317511305331,0.011817276512309008
2013-07-01,5834.10009765625,5904.35009765625,5822.2001953125,5898.85009765625,144800.0,0.009696672563395348,0.009649961552167819,0.011098541148790404,-0.001386480672598164
2013-07-02,5885.5,5898.7998046875,5852.2998046875,5857.5498046875,145700.0,-0.007001414222266744,-0.007026039129586622,-0.004748992492141705,-0.00226316950511326
2013-07-03,5811.9501953125,5815.0,5760.39990234375,5770.89990234375,160500.0,-0.01479285797525931,-0.014903363447433636,-0.007063084092127666,-0.007784758285539279
2013-07-04,5794.75,5848.2001953125,5786.0498046875,5836.9501953125,151900.0,0.011445406104154454,0.011380402965057766,0.007282487650459467,0.004132821234096211
2013-07-05,5889.9501953125,5900.4501953125,5858.4501953125,5867.89990234375,123600.0,0.005302376411589815,0.005288368309453251,-0.0037437146728844435,0.009080084329409372
2013-07-08,5833.14990234375,5833.85009765625,5775.5498046875,5811.5498046875,127600.0,-0.009603111606205639,-0.009649518823911232,-0.0037029903256165448,-0.005922050576581955
2013-07-09,5834.60009765625,5864.9501953125,5834.60009765625,5859.0,110400.0,0.008164809200159828,0.008131657474948715,0.004181932255057447,0.003966290188231376
2013-07-10,5869.89990234375,5879.35009765625,5802.85009765625,5816.7001953125,117500.0,-0.007219628722904936,-0.007245816361832232,-0.00906313700681817,0.0018603690636200716
2013-07-11,5894.5,5948.85009765625,5887.9501953125,5935.10009765625,120200.0,0.02035516673855131,0.02015076937254802,0.006887793308380694,0.013375247490010999
2013-07-12,6000.5,6019.0,5951.14990234375,6009.0,127700.0,0.012451332096813816,0.012374451778423527,0.0014165486209482543,0.0110191742797356
2013-07-15,5991.2001953125,6038.2001953125,5980.9501953125,6030.7998046875,116300.0,0.0036278589927609683,0.003621294184999039,0.006609628802920429,-0.002962190828340822
2013-07-16,5930.7998046875,5966.0498046875,5910.9501953125,5955.25,151200.0,-0.012527327574159974,-0.012606456082598512,0.004122579772997128,-0.01658154859033357
2013-07-17,5972.25,5989.7998046875,5926.75,5973.2998046875,191500.0,0.003030906290667934,0.0030263223541821547,0.00017578043241659342,0.0028546240711976828
2013-07-18,5984.7001953125,6051.10009765625,5974.5498046875,6038.0498046875,171700.0,0.010839904594975858,0.010781573982748167,0.00891433282101348,0.0019085582505089789
2013-07-19,6057.2001953125,6066.85009765625,6020.25,6029.2001953125,163300.0,-0.0014656403410467922,-0.0014667154424545085,-0.004622597750965607,0.0031716185265866868
2013-07-22,6009.75,6064.14990234375,6004.25,6031.7998046875,115200.0,0.00043116985516933326,0.00043107692815792104,0.00366900531428096,-0.003225999250716848
2013-07-23,6064.2998046875,6093.35009765625,6061.2998046875,6077.7998046875,126500.0,0.007626247801568509,0.00759731497994169,0.002226143237437726,0.005388109859803907
2013-07-24,6032.2001953125,6047.25,5962.60009765625,5990.5,151900.0,-0.014363718367322642,-0.014467875158950037,-0.006912932920380257,-0.0075026507684296095
2013-07-25,5970.39990234375,5990.64990234375,5896.39990234375,5907.5,237100.0,-0.013855270845505419,-0.013952151018890876,-0.010535291332672357,-0.003355328880101828
2013-07-26,5937.9501953125,5944.5,5869.5,5886.2001953125,174500.0,-0.003605553057553945,-0.0036120687304303763,-0.008715128671987206,0.005154497725349132
2013-07-29,5869.9501953125,5886.0,5825.7998046875,5831.64990234375,173400.0,-0.009267488559460024,-0.009310698906358704,-0.006524807143906439,-0.0027606944141894386
2013-07-30,5836.0498046875,5861.2998046875,5747.60009765625,5755.0498046875,181500.0,-0.013135235986211136,-0.013222266146311269,-0.013879250984962638,0.0007544867091527
2013-07-31,5738.35009765625,5752.10009765625,5675.75,5742.0,235500.0,-0.0022675398355147536,-0.0022701145969533727,0.000636054315549822,-0.0029017484814202743
2013-08-01,5776.89990234375,5808.5,5676.85009765625,5727.85009765625,216800.0,-0.0024642811465952486,-0.0024673224848824594,-0.008490679346477853,0.006078004587904911
2013-08-02,5750.0498046875,5761.85009765625,5649.0,5677.89990234375,222500.0,-0.008720583545463012,-0.008758830352814497,-0.012547700419035093,0.0038757486059793683
2013-08-05,5682.39990234375,5721.0,5661.5,5685.39990234375,197200.0,0.0013209109228755622,0.0013200392875264806,0.0005279459474090563,0.0007925465537253429
2013-08-06,5664.89990234375,5664.89990234375,5521.7998046875,5542.25,216200.0,-0.025178510712102753,-0.025500912656776273,-0.021650850757840543,-0.0036057270116652794
2013-08-07,5549.2998046875,5561.4501953125,5486.85009765625,5519.10009765625,245000.0,-0.00417698630407326,-0.004185734279980768,-0.0054420752336610595,0.0012720113108394605
2013-08-08,5510.0498046875,5577.60009765625,5510.0498046875,5565.64990234375,204900.0,0.008434310641922904,0.008398940586119187,0.010090670615889892,-0.0016398131595028167
2013-08-12,5606.7001953125,5644.10009765625,5557.10009765625,5612.39990234375,195700.0,0.008399737824025477,0.008364656339552535,0.0010165885160071978,0.00737565130560284
2013-08-13,5600.25,5704.75,5578.89990234375,5699.2998046875,223000.0,0.01548355495969922,0.015364907874385061,0.017686675539038434,-0.0021648318999286163
2013-08-14,5715.39990234375,5754.5498046875,5690.2001953125,5742.2998046875,223700.0,0.007544786460370823,0.007516466913095698,0.004706565210374691,0.0028249255536633047
2013-08-16,5705.4501953125,5716.60009765625,5496.0498046875,5507.85009765625,248100.0,-0.04082853821736476,-0.04168542781460944,-0.034633568060693065,-0.006417221431893764
2013-08-19,5497.5498046875,5499.64990234375,5360.64990234375,5414.75,219700.0,-0.016903164756765454,-0.0170476537750192,-0.015061219566742357,-0.0018701113476441694
2013-08-20,5353.4501953125,5417.7998046875,5306.35009765625,5401.4501953125,261100.0,-0.002456217680871675,-0.002459239132094885,0.008966180360102905,-0.011320892873632209
2013-08-21,5494.4501953125,5504.10009765625,5268.4501953125,5302.5498046875,255000.0,-0.018309969924526603,-0.018479672110444576,-0.03492622260708026,0.017217598355476368
2013-08-22,5282.7998046875,5418.9501953125,5254.0498046875,5408.4501953125,284500.0,0.01997159753810962,0.019774781357612244,0.023784810189761252,-0.0037246231959086606
2013-08-23,5428.75,5478.7998046875,5377.7998046875,5471.75,251500.0,0.011703871238818442,0.011635910691516363,0.007920792079207921,0.003753349657373905
2013-08-26,5499.39990234375,5528.7001953125,5454.4501953125,5476.5,242000.0,0.0008680952163384603,0.0008677186396066932,-0.004164072944393525,0.005053210096175812
2013-08-27,5426.5,5427.39990234375,5274.25,5287.4501953125,306000.0,-0.03452018710627225,-0.0351300857798711,-0.02562421536671888,-0.009129918743723181
2013-08-28,5233.4501953125,5317.7001953125,5118.85009765625,5285.0,336000.0,-0.00046339827742913897,-0.0004635056795921676,0.009850061195513462,-0.01021286215572731
2013-08-29,5316.5,5428.89990234375,5303.0,5409.0498046875,326500.0,0.023472053867076736,0.023200821268735756,0.01740803248142575,0.005960264900662252
2013-08-30,5407.4501953125,5493.2998046875,5360.2001953125,5471.7998046875,336400.0,0.011600928493137763,0.01153415365937455,0.011900176062792419,-0.00029572835022036094
2013-09-02,5480.25,5564.89990234375,5478.85009765625,5550.75,214200.0,0.014428560643769517,0.014325459513237299,0.012864376625153962,0.0015443173387412698
2013-09-03,5574.7001953125,5580.9501953125,5323.75,5341.4501953125,250300.0,-0.03770658103634639,-0.038435865504589016,-0.04184081508026724,0.004314767430077016
2013-09-04,5358.64990234375,5460.25,5318.89990234375,5448.10009765625,237200.0,0.01996646948750791,0.019769753704386283,0.016692673890372375,0.003220044445297638
2013-09-05,5553.75,5625.75,5552.7001953125,5592.9501953125,274900.0,0.026587268049381718,0.026239969011229082,0.007058329113211794,0.01939206337071526
2013-09-06,5617.4501953125,5688.60009765625,5566.14990234375,5680.39990234375,253000.0,0.015635702800382845,0.015514724622354844,0.011206099714738654,0.004380514602210057
2013-09-10,5738.5,5904.85009765625,5738.2001953125,5896.75,275200.0,0.03808712438836981,0.03737971608491806,0.027576892916267318,0.010228170314607203
2013-09-11,5887.25,5924.35009765625,5832.7001953125,5913.14990234375,265000.0,0.0027811764690295337,0.0027773161535761984,0.004399320963735191,-0.001611056938143893
2013-09-12,5931.14990234375,5932.0,5815.7998046875,5850.7001953125,273000.0,-0.01056115743091468,-0.010617322247705436,-0.013563930832275802,0.0030440628594356244
2013-09-13,5828.0,5884.2998046875,5822.89990234375,5850.60009765625,190800.0,-1.7108662708431588e-05,-1.7108809063270718e-05,0.003877847916309197,-0.003879910874716685
2013-09-16,5930.2998046875,5957.25,5798.14990234375,5840.5498046875,219500.0,-0.0017178225824691085,-0.0017192997315773116,-0.01513414211016089,0.013622484138537805
2013-09-17,5824.2001953125,5857.7998046875,5804.89990234375,5850.2001953125,157900.0,0.0016523085921216207,0.0016509450320878272,0.00446413226333216,-0.0027993271047664302
2013-09-18,5872.75,5916.89990234375,5840.2001953125,5899.4501953125,153600.0,0.008418515325246734,0.008383277255138238,0.004546455291388191,0.0038545355602647813
2013-09-19,6044.14990234375,6142.5,6040.14990234375,6115.5498046875,287200.0,0.03663046592828345,0.035975516586889605,0.011813059486837536,0.02452765973788937
2013-09-20,6104.5498046875,6130.9501953125,5932.85009765625,6012.10009765625,318600.0,-0.01691584736207319,-0.01706055452564804,-0.015144393933891841,-0.0017986935518975945
2013-09-23,5945.7998046875,5989.39990234375,5871.39990234375,5889.75,188300.0,-0.020350642149811637,-0.02056056945458911,-0.009426789755570297,-0.011027809233348665
2013-09-24,5855.0,5938.39990234375,5854.5498046875,5892.4501953125,187600.0,0.00045845669383259846,0.0004583516346713625,0.006396275885994876,-0.005900080648584405
2013-09-25,5901.5498046875,5910.5498046875,5811.10009765625,5873.85009765625,200200.0,-0.0031565981959502665,-0.0031615907611521666,-0.00469363268090165,0.00154428278108126
2013-09-26,5872.7998046875,5917.64990234375,5864.10009765625,5882.25,220600.0,0.0014300505127124996,0.0014290289642726517,0.001609146510486723,-0.00017880826907194685
2013-09-27,5905.5498046875,5909.2001953125,5819.2998046875,5833.2001953125,163100.0,-0.008338612722597616,-0.008373573438567785,-0.01225112170209332,0.003961036115007013
2013-09-30,5801.0498046875,5810.2001953125,5718.5,5735.2998046875,155700.0,-0.016783307163651173,-0.01692574280654838,-0.011334155405263224,-0.005511621331089532
2013-10-01,5756.10009765625,5786.4501953125,5700.9501953125,5780.0498046875,159200.0,0.007802556365654301,0.007772273841471294,0.004160752354011662,0.0036267141521965037
2013-10-03,5819.10009765625,5917.60009765625,5802.7001953125,5909.7001953125,199800.0,0.022430670150948462,0.02218280238265632,0.015569434471962573,0.006756047834930596
2013-10-04,5891.2998046875,5950.4501953125,5885.0,5907.2998046875,191500.0,-0.00040617807091192226,-0.0004062605835685447,0.0027158692530414703,-0.0031135912172998146
2013-10-07,5889.0498046875,5912.0,5825.85009765625,5906.14990234375,156400.0,-0.00019465786091266146,-0.00019467680921306599,0.0029037108232025572,-0.003089397965804689
2013-10-08,5975.0,5981.7001953125,5913.0,5928.39990234375,158500.0,0.003767259613774776,0.0037601812630294537,-0.007799179524058578,0.011657356957521188
2013-10-09,5893.25,6015.5,5877.10009765625,6007.4501953125,192000.0,0.013334170142182522,0.013246052547886104,0.019378135207652823,-0.005929070731185617
2013-10-10,6001.0498046875,6033.9501953125,5979.7998046875,6020.9501953125,159600.0,0.0022472096415437903,0.002244688442359527,0.0033161515522593297,-0.0010654088534923026
2013-10-11,6104.85009765625,6107.60009765625,6046.39990234375,6096.2001953125,180800.0,0.012498027314456817,0.012420571665258479,-0.0014168902111242397,0.013934661410929578
2013-10-14,6093.0,6124.10009765625,6082.89990234375,6112.7001953125,142200.0,0.002706604027322923,0.0027029477705162687,0.0032332505026259643,-0.0005249491830928878
2013-10-15,6147.5498046875,6156.2998046875,6056.5498046875,6089.0498046875,218300.0,-0.0038690578417597266,-0.0038765620083412522,-0.009515986345550842,0.0057011808630373015
2013-10-17,6098.5,6110.75,6032.5498046875,6045.85009765625,230600.0,-0.007094654899684638,-0.007119941635177799,-0.008633254463187669,0.0015519983602737175
2013-10-18,6070.89990234375,6201.4501953125,6070.89990234375,6189.35009765625,250300.0,0.02373528911271383,0.02345798647282757,0.01951114286479518,0.0041433056200336285
2013-10-21,6202.0,6218.9501953125,6163.2998046875,6204.9501953125,197000.0,0.002520474267913464,0.0025173031999250295,0.0004756845070138665,0.0020438175485565434
2013-10-22,6192.2998046875,6220.10009765625,6181.7998046875,6202.7998046875,161900.0,-0.0003465604972340275,-0.0003466205632012109,0.0016956543337988286,-0.002038757802529451
2013-10-23,6209.5498046875,6217.9501953125,6116.60009765625,6178.35009765625,188300.0,-0.003941721126123232,-0.003949510183774189,-0.005024471662615185,0.0010882182582934528
2013-10-24,6162.7998046875,6252.4501953125,6142.9501953125,6164.35009765625,148900.0,-0.0022659771263707773,-0.0022685483374774457,0.0002515566005520459,-0.002516900583968038
2013-10-25,6154.0,6174.75,6125.9501953125,6144.89990234375,144500.0,-0.0031552710349620483,-0.003160259398470375,-0.001478728900918102,-0.0016790249567728503
2013-10-28,6155.10009765625,6168.75,6094.10009765625,6101.10009765625,146300.0,-0.007127830458360185,-0.007153354803001501,-0.008773212318766712,0.0016599449095353862
2013-10-29,6107.5498046875,6228.0498046875,6079.2001953125,6220.89990234375,197300.0,0.019635771052751938,0.019445476322178384,0.01855901323461245,0.0010571383730825312
2013-10-30,6230.7998046875,6269.2001953125,6222.60009765625,6251.7001953125,177600.0,0.004951099270564585,0.004938882885003037,0.0033543672209266624,0.001591393930003627
2013-10-31,6237.14990234375,6309.0498046875,6235.89990234375,6299.14990234375,239600.0,0.0075898884381608855,0.007561230152356484,0.009940437695220712,-0.002327413745729482
2013-11-01,6289.75,6332.60009765625,6286.9501953125,6307.2001953125,191600.0,0.0012779967286942195,0.0012771807859823679,0.002774386154060177,-0.0014922493494324593
2013-11-05,6282.14990234375,6304.75,6244.2998046875,6253.14990234375,181100.0,-0.008569617468131119,-0.008606547777017665,-0.004616254061237962,-0.003971697772867164
2013-11-06,6260.5498046875,6269.7001953125,6208.7001953125,6215.14990234375,157100.0,-0.00607693731854364,-0.00609547705014856,-0.007251743658321742,0.0011833879659555954
2013-11-07,6228.89990234375,6288.9501953125,6180.7998046875,6187.25,168800.0,-0.004489015193861801,-0.004499121077551629,-0.006686558300299284,0.0022123360202164774
2013-11-08,6170.14990234375,6185.14990234375,6120.9501953125,6140.75,150100.0,-0.007515455169905816,-0.007543838501638632,-0.004764860304703839,-0.002763763813689442
2013-11-11,6110.39990234375,6141.64990234375,6067.75,6078.7998046875,146100.0,-0.010088376063591586,-0.010139608589296157,-0.005171526931343599,-0.004942408933151488
2013-11-12,6087.25,6108.7001953125,6011.75,6018.0498046875,153800.0,-0.009993749087304105,-0.010044021820206814,-0.011368055412953304,0.0013901091636516576
2013-11-13,5998.85009765625,6042.25,5972.4501953125,5989.60009765625,162500.0,-0.004727396408233497,-0.004738605888357065,-0.001541962184321621,-0.003190353628561734
2013-11-14,6037.0,6101.64990234375,6036.64990234375,6056.14990234375,154900.0,0.011110892814620632,0.011049620288933722,0.0031720891740516814,0.007913700676326912
2013-11-18,6111.0498046875,6196.7998046875,6110.39990234375,6189.0,164000.0,0.02193639520132029,0.021699254229649953,0.012755614469498851,0.009065149183725382
2013-11-19,6197.25,6212.39990234375,6180.2001953125,6203.35009765625,161500.0,0.0023186456061157212,0.0023159616952837573,0.0009843233137682035,0.0013330101793504604
2013-11-20,6186.85009765625,6204.35009765625,6106.9501953125,6122.89990234375,155800.0,-0.01296883039744856,-0.013053659902868716,-0.010336470789348219,-0.0026598531019930718
2013-11-21,6096.5,6097.35009765625,5985.39990234375,5999.0498046875,137200.0,-0.020227359524339406,-0.020434733748201976,-0.01598461335397359,-0.004311666492154237
2013-11-22,6027.35009765625,6049.60009765625,5972.7998046875,5995.4501953125,134800.0,-0.0006000299201028847,-0.0006002100100985879,-0.005292525210399568,0.0047174625799300575
2013-11-25,6035.9501953125,6123.5,6035.9501953125,6115.35009765625,127200.0,0.019998481921756683,0.019801138983068924,0.013154499254386115,0.006755122414604434
2013-11-26,6099.25,6112.7001953125,6047.75,6059.10009765625,150700.0,-0.009198165125747781,-0.00924072945680619,-0.0065827605596999635,-0.0026327352316951524
2013-11-27,6062.7001953125,6074.0,6030.2998046875,6057.10009765625,124900.0,-0.00033008202006323817,-0.0003301365091241254,-0.0009236969462187541,0.0005941637534000422
2013-11-28,6092.0,6112.9501953125,6068.2998046875,6091.85009765625,195300.0,0.00573706880185898,0.005720674496259994,-2.4606425434996718e-05,0.005761817005014373
2013-11-29,6103.89990234375,6182.5,6103.7998046875,6176.10009765625,190700.0,0.01382995291240241,0.01373519180845845,0.01182853527541906,0.0019780205511189426
2013-12-02,6171.14990234375,6228.7001953125,6171.14990234375,6217.85009765625,145900.0,0.006759929298400413,0.006737183425796762,0.007567502985912506,-0.0008015082712760007
2013-12-03,6204.25,6225.39990234375,6191.39990234375,6201.85009765625,156900.0,-0.0025732366893230774,-0.002576553153439162,-0.00038681586714751985,-0.0021872668917149365
2013-12-04,6187.9501953125,6209.14990234375,6149.89990234375,6160.9501953125,186200.0,-0.006594790538263173,-0.006616632250020927,-0.0043633188936221656,-0.002241250937200648
2013-12-05,6262.4501953125,6300.5498046875,6232.0,6241.10009765625,186100.0,0.013009341059879276,0.012925446408512491,-0.003409224343569349,0.016474731458992364
2013-12-06,6234.39990234375,6275.35009765625,6230.75,6259.89990234375,158500.0,0.0030122581585512176,0.003007730399185639,0.004090209226137959,-0.001073559982640906
2013-12-09,6415.0,6415.25,6345.0,6363.89990234375,198300.0,0.01661368418384157,0.016477186675700303,-0.007965720601130164,0.02477676960907625
2013-12-10,6354.7001953125,6362.25,6307.5498046875,6332.85009765625,242400.0,-0.004879052965001018,-0.004890994401687254,-0.0034384151863478267,-0.00144560838046209
2013-12-11,6307.2001953125,6326.60009765625,6280.25,6307.89990234375,148200.0,-0.003939805131615848,-0.003947586608913919,0.00011093781861720847,-0.004050293619494148
2013-12-12,6276.75,6286.85009765625,6230.5498046875,6237.0498046875,148500.0,-0.011231962896228742,-0.011295517736679127,-0.006324960419404947,-0.004938236628037805
2013-12-13,6201.2998046875,6208.60009765625,6161.39990234375,6168.39990234375,169700.0,-0.011006790789477972,-0.01106781370198504,-0.005305323622457552,-0.005731876627493311
2013-12-16,6168.35009765625,6183.25,6146.0498046875,6154.7001953125,146500.0,-0.0022209498813532402,-0.0022234198483338887,-0.0022128935821811523,-8.074166443241816e-06
2013-12-17,6178.2001953125,6190.5498046875,6133.0,6139.0498046875,154200.0,-0.0025428355774208544,-0.0025460740749505,-0.006336860151392315,0.003818220100777274
2013-12-18,6129.9501953125,6236.0,6129.9501953125,6217.14990234375,243300.0,0.012721854381539055,0.012641611434832655,0.014225190132528414,-0.0014822504564227434
2013-12-19,6253.89990234375,6263.75,6150.7001953125,6166.64990234375,437000.0,-0.00812269300133206,-0.008155861807590793,-0.013951294610152242,0.005911068669286216
2013-12-20,6179.9501953125,6284.5,6170.35009765625,6274.25,172000.0,0.017448711919798576,0.017298231088561187,0.015258991044786497,0.002156810128574832
2013-12-23,6267.2001953125,6317.5,6266.9501953125,6284.5,131200.0,0.001633661393792174,0.0016323284205711835,0.002760372119665053,-0.0011236091465115353
2013-12-24,6296.4501953125,6301.5,6262.0,6268.39990234375,107600.0,-0.0025618740800780193,-0.002565161294966418,-0.004454937639248305,0.0019015347780253003
2013-12-26,6270.10009765625,6302.75,6259.4501953125,6278.89990234375,182300.0,0.001675068624143572,0.001673667261396705,0.0014034552160960474,0.0002712327450366238
2013-12-27,6292.7998046875,6324.89990234375,6289.39990234375,6313.7998046875,96900.0,0.0055582829614344575,0.0055428927092751245,0.003337147319442313,0.0022137480386590536
2013-12-30,6336.39990234375,6344.0498046875,6273.14990234375,6291.10009765625,101300.0,-0.0035952528957914343,-0.003601731349932257,-0.007149139161930769,0.003579476441345385
2013-12-31,6307.35009765625,6317.2998046875,6287.2998046875,6304.0,103400.0,0.00205050025329534,0.0020484008470497933,-0.0005311418590026996,0.0025830140591871905
2014-01-02,6301.25,6358.2998046875,6211.2998046875,6221.14990234375,158100.0,-0.013142464729735126,-0.013229591131722482,-0.012711779036897441,-0.0004362309644670051
2014-01-03,6194.5498046875,6221.7001953125,6171.25,6211.14990234375,139000.0,-0.001607419875260141,-0.001608713160675422,0.0026797908128349344,-0.004275752565651682
2014-01-06,6220.85009765625,6224.7001953125,6170.25,6191.4501953125,118300.0,-0.0031716682644893357,-0.0031767086647526764,-0.004726026488699129,0.001561739044301551
2014-01-07,6203.89990234375,6221.5,6144.75,6162.25,138600.0,-0.00471621258208732,-0.004727369003838941,-0.006713503280092451,0.002010790144233992
2014-01-08,6178.0498046875,6192.10009765625,6160.35009765625,6174.60009765625,146900.0,0.0020041539464075164,0.0020021483091771735,-0.0005583812271362053,0.0025639668444967342
2014-01-09,6181.7001953125,6188.0498046875,6148.25,6168.35009765625,150100.0,-0.0010122113013233403,-0.0010127239331396106,-0.002159615839405023,0.001149887854104924
2014-01-10,6178.85009765625,6239.10009765625,6139.60009765625,6171.4501953125,159900.0,0.0005025813397698808,0.0005024550880677336,-0.0011976180400552067,0.0017022380107752995
2014-01-13,6189.5498046875,6288.2001953125,6189.5498046875,6272.75,135000.0,0.01641426269054902,0.01628100492203701,0.013442043111033766,0.0029327967985138216
2014-01-14,6260.25,6280.35009765625,6234.14990234375,6241.85009765625,110200.0,-0.004926053540113995,-0.004938226534857065,-0.0029391641458008867,-0.0019927464030927424
2014-01-15,6265.9501953125,6325.2001953125,6265.2998046875,6320.89990234375,145900.0,0.012664483037998941,0.012584959187806487,0.00876957290090773,0.0038610503743592524
2014-01-16,6341.35009765625,6346.5,6299.85009765625,6318.89990234375,153400.0,-0.0003164106426141178,-0.0003164607110232277,-0.0035402863691120835,0.0032353297202060097
2014-01-17,6306.25,6327.10009765625,6246.35009765625,6261.64990234375,167700.0,-0.00906012136365153,-0.009101413862469748,-0.007072364345887017,-0.0020019152920998182
2014-01-20,6261.75,6307.4501953125,6243.35009765625,6303.9501953125,122100.0,0.006755454812783057,0.006732738974413205,0.006739361250848405,1.5985827667007257e-05
2014-01-21,6320.14990234375,6330.2998046875,6297.89990234375,6313.7998046875,141700.0,0.0015624503794975375,0.00156123102385989,-0.0010047384562659098,0.0025697707832932756
2014-01-22,6309.0498046875,6349.9501953125,6287.4501953125,6338.9501953125,137500.0,0.003983400076500443,0.0039754873445066955,0.004739285875154226,-0.0007523203375047619
2014-01-23,6325.9501953125,6355.60009765625,6316.39990234375,6345.64990234375,120100.0,0.0010569111327305425,0.0010563529953923905,0.0031141103586062677,-0.002050812768589535
2014-01-24,6301.64990234375,6331.4501953125,6263.89990234375,6266.75,160300.0,-0.012433699236166218,-0.012511644446641086,-0.0055382166392280545,-0.006933883948395689
2014-01-27,6186.2998046875,6188.5498046875,6130.25,6135.85009765625,190400.0,-0.020888004522878645,-0.02110924516297498,-0.008155069851775226,-0.012837626411217936
2014-01-28,6131.85009765625,6163.60009765625,6085.9501953125,6126.25,184100.0,-0.0015645912959830754,-0.0015658165471230908,-0.0009132802607797768,-0.00065190640845804
2014-01-29,6161.0,6170.4501953125,6109.7998046875,6120.25,146700.0,-0.0009793919608243051,-0.0009798718785080376,-0.006614186008764811,0.005672311773107529
2014-01-30,6067.0,6082.85009765625,6027.25,6073.7001953125,208100.0,-0.00760586653935702,-0.007634938648466337,0.0011043671192516894,-0.008700624974469997
2014-01-31,6082.75,6097.85009765625,6067.35009765625,6089.5,146700.0,0.0026013474783779245,0.002597969830382306,0.001109695450248654,0.0014899985834803582
2014-02-03,6058.7998046875,6074.85009765625,5994.4501953125,6001.7998046875,134900.0,-0.014401871305115388,-0.014506584850296355,-0.009407803828722137,-0.005041496890138763
2014-02-04,5947.60009765625,6017.7998046875,5933.2998046875,6000.89990234375,183300.0,-0.0001499387472150282,-0.00014994998915273514,0.008961564969457794,-0.009030575626484438
2014-02-05,6004.25,6028.0498046875,5962.0498046875,6022.39990234375,166600.0,0.003582795972251196,0.0035763930477856866,0.0030228425438231254,0.0005582658785795718
2014-02-06,6028.35009765625,6048.35009765625,5965.39990234375,6036.2998046875,185500.0,0.0023080337687870767,0.0023053743500808565,0.0013187201974783698,0.000988010661693912
2014-02-07,6077.64990234375,6079.9501953125,6030.89990234375,6063.2001953125,181900.0,0.00445643713788213,0.004446536625011425,-0.0023775155304154158,0.006850239218426412
2014-02-10,6072.7998046875,6083.0498046875,6046.39990234375,6053.4501953125,133100.0,-0.0016080616977710571,-0.0016093560167322405,-0.003186274864530251,0.001583257861487325
2014-02-11,6072.4501953125,6081.85009765625,6053.25,6062.7001953125,150500.0,0.0015280542007536368,0.0015268879138819519,-0.0016056121806525983,0.003138705925872271
2014-02-12,6085.35009765625,6106.60009765625,6077.39990234375,6084.0,138500.0,0.0035132538310187478,0.003507096771439477,-0.0002218603095276285,0.003735942998016335
2014-02-13,6087.5498046875,6094.39990234375,5991.10009765625,6001.10009765625,153700.0,-0.013625887959196281,-0.013719572366101803,-0.014201067720987268,0.0005834655962360289
2014-02-14,6023.75,6056.39990234375,5984.60009765625,6048.35009765625,140200.0,0.007873556386512215,0.007842721688164616,0.004083851032371862,0.003774291709047812
2014-02-18,6071.2998046875,6141.7001953125,6066.7998046875,6127.10009765625,126600.0,0.013020079646268501,0.012936047030872241,0.009190831414002645,0.003794374773401934
2014-02-19,6132.0498046875,6160.35009765625,6125.75,6152.75,95200.0,0.004186303787261814,0.004177565596221632,0.0033757382884718624,0.0008078384476113539
2014-02-20,6127.14990234375,6129.10009765625,6086.4501953125,6091.4501953125,132100.0,-0.009962992919832603,-0.010012955663091487,-0.00582647847698229,-0.004160757003981959
2014-02-21,6108.2998046875,6159.64990234375,6108.0,6155.4501953125,112600.0,0.01050652930713425,0.010451719302448996,0.007719069484575211,0.002766108042378173
2014-02-24,6140.9501953125,6191.85009765625,6130.7998046875,6186.10009765625,144900.0,0.00497931123983264,0.004966955468135648,0.0073522664909762255,-0.0023556359876068926
2014-02-25,6205.7001953125,6216.85009765625,6176.60009765625,6200.0498046875,146300.0,0.0022550082945691496,0.002252469579198007,-0.0009105162104460098,0.0031684093931289535
2014-02-26,6202.4501953125,6245.9501953125,6202.10009765625,6238.7998046875,181700.0,0.006249949794065124,0.006230499856538058,0.005860524184857011,0.000387156668190827
2014-02-28,6228.4501953125,6282.7001953125,6228.10009765625,6276.9501953125,180600.0,0.006115020808383109,0.00609639994140803,0.0077868488113625525,-0.0016589103191328334
2014-03-03,6264.35009765625,6277.75,6212.25,6221.4501953125,144600.0,-0.008841873564879643,-0.008881194883291635,-0.006848260661517084,-0.002007359826697287
2014-03-04,6216.75,6302.14990234375,6215.7001953125,6297.9501953125,166800.0,0.01229616851351456,0.012221184683582093,0.013061518528572003,-0.0007554822693977882
2014-03-05,6328.4501953125,6336.25,6287.7998046875,6328.64990234375,160300.0,0.004874555383765911,0.0048627132066446956,3.155702029509903e-05,0.004842845537695874
2014-03-06,6344.75,6406.60009765625,6339.7001953125,6401.14990234375,180700.0,0.011455839889823904,0.011390718629937804,0.008889223743055282,0.002544001944283171
2014-03-07,6413.9501953125,6537.7998046875,6413.5498046875,6526.64990234375,284900.0,0.019605852372563293,0.01941613337444026,0.017571029334405217,0.0019996864882141307
2014-03-10,6491.7001953125,6562.2001953125,6487.35009765625,6537.25,242100.0,0.001624125365211171,0.0016228078999031938,0.00701662173499485,-0.005354922901364665
2014-03-11,6537.35009765625,6562.85009765625,6494.25,6511.89990234375,239000.0,-0.003877792291292259,-0.0038853304216658053,-0.0038930445719320317,1.531189051206547e-05
2014-03-12,6497.5,6546.14990234375,6487.2998046875,6516.89990234375,175000.0,0.000767825070253414,0.0007675304433891083,0.0029857487254713352,-0.0022113212057463007
2014-03-13,6491.75,6561.4501953125,6476.64990234375,6493.10009765625,167900.0,-0.0036520132339212807,-0.0036586981147299726,0.00020797129529787807,-0.003859181930154404
2014-03-14,6447.25,6518.4501953125,6432.7001953125,6504.2001953125,177300.0,0.0017095220294318647,0.00170806245985478,0.008833253761293574,-0.007061356973812872
2014-03-18,6532.4501953125,6574.9501953125,6497.64990234375,6516.64990234375,179300.0,0.0019141026809448292,0.0019122731206803513,-0.002418739140190895,0.004343347245117
2014-03-19,6530.0,6541.2001953125,6506.0,6524.0498046875,172500.0,0.0011355378077144707,0.0011348935723144095,-0.0009112090830781011,0.0020486136061181625
2014-03-20,6508.35009765625,6523.64990234375,6473.25,6483.10009765625,142000.0,-0.00627673121100758,-0.006296512707220438,-0.0038796314920263564,-0.0024064358031065046
2014-03-21,6515.2001953125,6522.89990234375,6485.7001953125,6493.2001953125,189900.0,0.0015579117249633345,0.001556699439417862,-0.0033767189557472647,0.004951349998105802
2014-03-24,6510.5,6591.5,6510.5,6583.5,158400.0,0.013906825905766418,0.013811013280164102,0.01121265647799708,0.002664295596490138
2014-03-25,6550.10009765625,6595.5498046875,6544.85009765625,6589.75,168100.0,0.0009493430546061443,0.0009488927134847534,0.006053327697684725,-0.005073274450330371
2014-03-26,6615.64990234375,6627.4501953125,6580.60009765625,6601.39990234375,186600.0,0.0017678822935240923,0.0017663214289679917,-0.002153983389440182,0.003930331551841876
2014-03-27,6613.10009765625,6673.9501953125,6599.5,6641.75,312400.0,0.0061123546903929515,0.006093750024184339,0.004332295280681419,0.0017723809321634918
2014-03-28,6673.0498046875,6702.60009765625,6643.7998046875,6695.89990234375,184800.0,0.00815295702845642,0.00811990122114581,0.003424236042745986,0.004712583985771822
2014-03-31,6723.14990234375,6730.0498046875,6662.39990234375,6704.2001953125,220600.0,0.001239608281157878,0.0012388406011620149,-0.002818575713244764,0.004069654624087458
2014-04-01,6729.5,6732.25,6675.4501953125,6721.0498046875,177800.0,0.0025132915014651758,0.0025101384662722147,-0.0012556943773683038,0.003773724523499363
2014-04-02,6757.60009765625,6763.5,6723.60009765625,6752.5498046875,173300.0,0.004686767828744776,0.004675819128421151,-0.0007473500792835613,0.005438182133877139
2014-04-03,6772.0498046875,6776.75,6696.89990234375,6736.10009765625,197500.0,-0.0024360734103480164,-0.0024390454649215365,-0.005308541441376614,0.0028877980265267274
2014-04-04,6741.85009765625,6741.85009765625,6685.14990234375,6694.35009765625,155100.0,-0.0061979482778954376,-0.006217235293906131,-0.007045543776850362,0.0008536096430634467
2014-04-07,6694.25,6725.14990234375,6650.39990234375,6695.0498046875,133900.0,0.00010452202544564138,0.0001045165633993392,0.00011947636964559136,-1.4952557722525605e-05
2014-04-09,6722.0,6808.7001953125,6705.10009765625,6796.2001953125,169800.0,0.015108235722784302,0.014995242988600424,0.01103841048980958,0.004025391311298533
2014-04-10,6803.0498046875,6819.0498046875,6777.2998046875,6796.39990234375,191100.0,2.9385101308232464e-05,2.9384669574600685e-05,-0.0009774884110311853,0.0010078586825214974
2014-04-11,6758.35009765625,6789.35009765625,6743.14990234375,6776.2998046875,140700.0,-0.002957462472053529,-0.0029618444059262942,0.0026559303338657813,-0.005598523517484376
2014-04-15,6792.7001953125,6813.39990234375,6711.75,6733.10009765625,123200.0,-0.006375117435236111,-0.006395525277556329,-0.008774139288140345,0.002420257529582006
2014-04-16,6727.25,6748.64990234375,6665.14990234375,6675.2998046875,119800.0,-0.008584499284196023,-0.008621558339553982,-0.00772235241926493,-0.0008688564808781593
2014-04-17,6695.4501953125,6783.0498046875,6684.39990234375,6779.39990234375,131500.0,0.0155948198136584,0.015474470218657372,0.012538321484345203,0.0030186495310442958
2014-04-21,6789.25,6825.4501953125,6786.89990234375,6817.64990234375,111800.0,0.005642092301823887,0.005626235315480606,0.004183069167249696,0.001452945363622031
2014-04-22,6822.89990234375,6838.0,6806.25,6815.35009765625,114700.0,-0.0003373310041498989,-0.0003373879130515304,-0.0011065389783758296,0.0007700600757154121
2014-04-23,6823.25,6861.60009765625,6820.75,6840.7998046875,183000.0,0.0037341745716044095,0.00372721984979212,0.002572059456637233,0.0011591337540336657
2014-04-25,6855.7998046875,6869.85009765625,6772.85009765625,6782.75,154300.0,-0.008485821299392904,-0.008522030871778505,-0.010655183460513801,0.002192726059564204
2014-04-28,6778.5498046875,6786.25,6750.2998046875,6761.25,118200.0,-0.003169805757251898,-0.003174840233210194,-0.0025521394967898364,-0.0006192466643323136
2014-04-29,6769.0,6779.7001953125,6708.64990234375,6715.25,115500.0,-0.006803475688667016,-0.006826724839414866,-0.007940611611759492,0.0011462377518949899
2014-04-30,6724.9501953125,6780.14990234375,6656.7998046875,6696.39990234375,161100.0,-0.0028070582117195597,-0.0028110053879877397,-0.0042454281652004565,0.00144450248501545
2014-05-02,6709.9501953125,6737.64990234375,6689.5,6694.7998046875,114300.0,-0.00023894893966680542,-0.0002389774925132282,-0.0022578991175797253,0.0020235190798577273
2014-05-05,6681.64990234375,6741.0498046875,6680.4501953125,6699.35009765625,105000.0,0.0006796757336289261,0.0006794448586849589,0.002649075538407247,-0.001964196499877835
2014-05-06,6719.25,6743.4501953125,6701.89990234375,6715.2998046875,88300.0,0.0023807842251488687,0.002377954648569805,-0.0005878922963872456,0.002970422810223327
2014-05-07,6708.60009765625,6718.75,6642.89990234375,6652.5498046875,114100.0,-0.009344333361884782,-0.009388265536980073,-0.008354990929975391,-0.0009976780227404568
2014-05-08,6669.89990234375,6688.39990234375,6638.5498046875,6659.85009765625,101600.0,0.0010973676534682397,0.0010967659857117281,-0.001506739956317572,0.002608037243708394
2014-05-09,6654.14990234375,6871.35009765625,6652.14990234375,6858.7998046875,166400.0,0.029873000760372248,0.029435494406797515,0.03075522874404549,-0.0008559044466340205
2014-05-12,6863.39990234375,7020.0498046875,6862.89990234375,7014.25,157700.0,0.022664343578924884,0.02241132323613701,0.021978917126005863,0.0006706855116409961
2014-05-13,7080.0,7172.35009765625,7067.14990234375,7108.75,232200.0,0.013472573689275347,0.013382625556367727,0.004060734463276836,0.009373774815554051
2014-05-14,7112.0,7142.25,7080.89990234375,7108.75,177200.0,0.0,0.0,-0.00045697412823397077,0.00045718304905925796
2014-05-15,7111.2998046875,7152.5498046875,7082.5498046875,7123.14990234375,186800.0,0.0020256588491296412,0.0020236099686651147,0.0016663757655722606,0.0003586853789344118
2014-05-16,7270.2001953125,7563.5,7130.64990234375,7203.0,393200.0,0.011209942055266486,0.011147576299688492,-0.009243238632662094,0.02064399808859359
2014-05-19,7276.85009765625,7291.10009765625,7193.5498046875,7263.5498046875,316200.0,0.008406192515271416,0.008371057244219524,-0.001827754150526448,0.010252686055289463
2014-05-20,7309.9501953125,7353.64990234375,7247.7001953125,7275.5,255300.0,0.0016452279716989704,0.0016438760667509807,-0.004712781126004273,0.006388114884963783
2014-05-21,7274.85009765625,7287.14990234375,7206.7001953125,7252.89990234375,203100.0,-0.0031063291397498416,-0.003111163794727852,-0.0030172711489370387,-8.932751615009278e-05
2014-05-22,7289.9501953125,7319.5498046875,7258.14990234375,7276.39990234375,240900.0,0.0032400833206598367,0.003234845561498608,-0.0018587634490922797,0.005108341969089815
2014-05-23,7306.5,7381.0,7293.89990234375,7367.10009765625,259600.0,0.012464982206830788,0.012387933925730808,0.008293998173715185,0.004136674462676889
2014-05-26,7428.75,7504.0,7269.0498046875,7359.0498046875,273200.0,-0.0010927356574551572,-0.0010933331283551897,-0.009382493059061081,0.008368272661771372
2014-05-27,7363.10009765625,7372.9501953125,7274.75,7318.0,168600.0,-0.005578139267565785,-0.0055937551853276766,-0.006125150691704683,0.0005503826005050382
2014-05-28,7324.9501953125,7344.75,7302.60009765625,7329.64990234375,175600.0,0.0015919516731006667,0.0015906858612653664,0.0006416025919544835,0.0009497397256764144
2014-05-29,7316.60009765625,7325.39990234375,7224.39990234375,7235.64990234375,241100.0,-0.012824623447559524,-0.012907568856390952,-0.011063908677806655,-0.0017804130976743046
2014-05-30,7254.85009765625,7272.5,7118.4501953125,7229.9501953125,312200.0,-0.0007877256512097697,-0.0007880360700878707,-0.003432173237017558,0.0026535550464210174
2014-06-02,7264.0498046875,7368.60009765625,7239.5,7362.5,169900.0,0.01833343261111775,0.018167401445903533,0.013553072729343068,0.0047164376591568085
2014-06-03,7375.35009765625,7424.9501953125,7342.14990234375,7415.85009765625,234700.0,0.007246193230050935,0.007220065712657715,0.005491264748621242,0.0017453443336162989
2014-06-04,7417.5498046875,7433.2998046875,7391.35009765625,7402.25,204600.0,-0.0018339229457386974,-0.0018356066412509439,-0.00206264940450165,0.00022919921639019992
2014-06-05,7399.75,7484.7001953125,7360.5,7474.10009765625,250700.0,0.009706521349083008,0.009659715706976952,0.010047649941721004,-0.00033773514809686244
2014-06-06,7521.5,7592.7001953125,7497.64990234375,7583.39990234375,248400.0,0.014623807984826875,0.014517911265275567,0.008229728424350196,0.006341887548256652
2014-06-09,7621.64990234375,7673.7001953125,7580.25,7654.60009765625,231900.0,0.009388954325156185,0.009345152051744758,0.00432323653469932,0.005043911766828798
2014-06-10,7679.0498046875,7683.2001953125,7579.2998046875,7656.39990234375,188700.0,0.0002351271999239124,0.00023509956185606317,-0.0029495709651373644,0.003194119447041553
2014-06-11,7672.39990234375,7700.0498046875,7589.0498046875,7626.85009765625,186200.0,-0.0038594907612459206,-0.003866957814588266,-0.005936839224658446,0.002089755002883553
2014-06-12,7641.2998046875,7658.0,7593.7998046875,7649.89990234375,148200.0,0.0030221919130917207,0.003017634271514681,0.0011254757536112289,0.0018945838512927416
2014-06-13,7668.2001953125,7678.5,7525.35009765625,7542.10009765625,174500.0,-0.014091662121549109,-0.01419189231300482,-0.016444549495895248,0.002392226460785875
2014-06-16,7534.7998046875,7548.60009765625,7487.5498046875,7533.5498046875,155400.0,-0.0011336753501066665,-0.0011343184460937106,-0.00016589690932761853,-0.0009679390188706998
2014-06-17,7525.0498046875,7637.60009765625,7509.25,7631.7001953125,158000.0,0.013028438540876097,0.012944298456771088,0.014172715582369355,-0.0011282861626150209
2014-06-18,7636.0498046875,7663.0,7515.5,7558.2001953125,165100.0,-0.009630881470572561,-0.00967755834425001,-0.010195010688276402,0.0005699397596451172
2014-06-19,7580.0498046875,7606.4501953125,7502.5498046875,7540.7001953125,148900.0,-0.0023153660326241665,-0.002318050637252134,-0.005191207233317414,0.0028908481927418183
2014-06-20,7543.2998046875,7560.5498046875,7497.2998046875,7511.4501953125,124100.0,-0.003878950129615588,-0.0038864927679996926,-0.004222238304144859,0.00034474376485833325
2014-06-23,7514.0,7534.7998046875,7441.60009765625,7493.35009765625,127400.0,-0.002409667532315529,-0.002412575453478406,-0.0027481903571666224,0.0003394557137703181
2014-06-24,7515.2001953125,7593.35009765625,7515.2001953125,7580.2001953125,137000.0,0.011590289593357506,0.011523636710027154,0.008649137522716005,0.002915931775706598
2014-06-25,7588.5498046875,7589.25,7557.0498046875,7569.25,115000.0,-0.001444578643090666,-0.0014456230527611481,-0.002543279702213772,0.0011015024880429007
2014-06-26,7554.10009765625,7570.2001953125,7481.2998046875,7493.2001953125,171700.0,-0.010047204767645423,-0.010098018573784505,-0.008061834176998121,-0.0020015064033754994
2014-06-27,7514.2001953125,7538.75,7482.2998046875,7508.7998046875,126700.0,0.0020818353932086087,0.0020796713768032227,-0.0007186913423425777,0.0028025408974308346
2014-06-30,7534.0498046875,7623.64990234375,7531.60009765625,7611.35009765625,152300.0,0.013657348129687996,0.013564927084193412,0.010260125028727002,0.0033627211614081446
2014-07-01,7629.0,7649.5,7618.14990234375,7634.7001953125,139400.0,0.003067799714460584,0.0030631036189189007,0.0007471746378948748,0.0023188924589324705
2014-07-02,7683.0498046875,7732.39990234375,7677.2998046875,7725.14990234375,136300.0,0.011847185183091247,0.01177755667969897,0.0054796075421201015,0.006332875966064176
2014-07-03,7734.35009765625,7754.64990234375,7706.7998046875,7714.7998046875,133800.0,-0.0013397924683778983,-0.00134069079277555,-0.0025277227849660375,0.001190940684491926
2014-07-04,7718.10009765625,7758.0,7661.2998046875,7751.60009765625,113100.0,0.0047700904625405105,0.004758749631257964,0.004340446428023514,0.000427787246889381
2014-07-07,7780.39990234375,7792.0,7755.10009765625,7787.14990234375,173900.0,0.004586124701950078,0.004575640474488179,0.0008675646605217098,0.003715336746565115
2014-07-08,7804.0498046875,7808.85009765625,7595.89990234375,7623.2001953125,180600.0,-0.021053878387766067,-0.02127867207000753,-0.023173815378058293,0.002170229487769784
2014-07-09,7637.9501953125,7650.10009765625,7551.64990234375,7585.0,168300.0,-0.005011044487063243,-0.005023641872147828,-0.006932513823538174,0.0019348829391978666
2014-07-10,7589.5,7731.0498046875,7479.0498046875,7567.75,258400.0,-0.0022742254449571453,-0.0022768154231857557,-0.002865801436194743,0.0005932762030323006
2014-07-11,7584.10009765625,7625.85009765625,7447.2001953125,7459.60009765625,187600.0,-0.014290892582835002,-0.014393990810803546,-0.016415922574449515,0.0021604965354629843
2014-07-14,7469.0,7478.4501953125,7422.14990234375,7454.14990234375,135200.0,-0.000730628350199658,-0.0007308953891714673,-0.0019882310424755656,0.0012601080782739785
2014-07-15,7491.2998046875,7534.89990234375,7459.14990234375,7526.64990234375,122100.0,0.009726125842626887,0.009679131549908635,0.004718820308610601,0.004983787934298081
2014-07-16,7564.14990234375,7640.10009765625,7532.4501953125,7624.39990234375,168000.0,0.012987185702574067,0.012903575337152367,0.007965204388841044,0.004982296305335358
2014-07-17,7612.7001953125,7655.64990234375,7612.7001953125,7640.4501953125,141600.0,0.002105122130833692,0.002102909465983186,0.003645224334078858,-0.0015345085752458362
2014-07-18,7630.25,7685.0,7595.5,7663.89990234375,134600.0,0.0030691525279016307,0.0030644522939827193,0.0044100655081747,-0.0013350254306687232
2014-07-21,7701.64990234375,7722.10009765625,7674.0,7684.2001953125,105400.0,0.002648820212610259,0.0026453182709969426,-0.002265710237742661,0.004925690638059536
2014-07-22,7708.2001953125,7773.85009765625,7704.7998046875,7767.85009765625,120100.0,0.010885960831002128,0.01082713528937421,0.0077384993685068295,0.003123291870328994
2014-07-23,7794.89990234375,7809.2001953125,7752.89990234375,7795.75,122100.0,0.0035917148236637164,0.0035852800193615086,0.00010905818764836157,0.0034822768652115967
2014-07-24,7796.25,7835.64990234375,7771.64990234375,7830.60009765625,117600.0,0.004470397031234974,0.004460434486412476,0.004405976932018598,6.413751082320496e-05
2014-07-25,7828.2001953125,7840.9501953125,7748.60009765625,7790.4501953125,153900.0,-0.005127308487604565,-0.005140498238365478,-0.004822308967341506,-0.0003064774492146913
2014-07-28,7792.89990234375,7799.89990234375,7722.64990234375,7748.7001953125,116500.0,-0.005359125461725012,-0.005373537086780802,-0.005671791962573103,0.00031444999580691556
2014-07-30,7746.2001953125,7798.7001953125,7707.60009765625,7791.39990234375,178100.0,0.005510563830702919,0.005495436222823544,0.005835081187109254,-0.00032263475640886846
2014-07-31,7784.64990234375,7791.85009765625,7711.14990234375,7721.2998046875,208900.0,-0.00899711201258746,-0.009037830441044684,-0.008137822310695948,-0.0008663398214189361
2014-08-01,7662.5,7716.7001953125,7593.89990234375,7602.60009765625,181100.0,-0.015373021386786312,-0.015492411451246685,-0.00781727926182708,-0.007615272839399839
2014-08-04,7639.5498046875,7694.7998046875,7622.0498046875,7683.64990234375,137000.0,0.01066080073217135,0.010604375070275692,0.005772604248118249,0.0048601408145406665
2014-08-05,7706.64990234375,7752.4501953125,7638.0498046875,7746.5498046875,128200.0,0.008186200977814417,0.00815287578222499,0.005177334230742158,0.0029933690748955508
2014-08-06,7726.14990234375,7740.9501953125,7658.9501953125,7672.0498046875,116400.0,-0.009617184666510403,-0.009663728440738909,-0.0070022065763749395,-0.002633417825753325
2014-08-07,7651.14990234375,7708.9501953125,7630.39990234375,7649.25,116800.0,-0.0029718009225604414,-0.0029762254910542657,-0.00024831592218158076,-0.002724161453042249
2014-08-08,7588.7001953125,7592.4501953125,7540.10009765625,7568.5498046875,118400.0,-0.010550079460404649,-0.010606126094877983,-0.0026553151536341875,-0.007915783205869857
2014-08-11,7619.85009765625,7635.5498046875,7598.60009765625,7625.9501953125,107000.0,0.007584067239598591,0.007555452786540585,0.0008005534988314661,0.006778087519088229
2014-08-12,7688.7998046875,7735.75,7654.7998046875,7727.0498046875,120600.0,0.013257313093540057,0.013170203962401476,0.004974768620803571,0.008241544694801737
2014-08-13,7717.2998046875,7757.10009765625,7695.7001953125,7739.5498046875,154100.0,0.0016176937273546521,0.0016163866702790495,0.0028831327748191555,-0.0012618011073366327
2014-08-14,7756.14990234375,7796.7001953125,7739.10009765625,7791.7001953125,127300.0,0.006738168490551644,0.0067155684981506794,0.004583497407393768,0.002144840213599512
2014-08-18,7785.25,7880.5,7779.2001953125,7874.25,126700.0,0.010594581749585608,0.010538852441929612,0.011431874377829871,-0.000827828991210474
2014-08-19,7901.0,7918.5498046875,7881.14990234375,7897.5,140600.0,0.0029526621583007007,0.0029483116130798108,-0.0004429819010251867,0.003397148934819189
2014-08-20,7915.7998046875,7922.7001953125,7864.0498046875,7875.2998046875,117300.0,-0.002811040875276949,-0.0028149992705591483,-0.005116349705561921,0.002317164252928142
2014-08-21,7875.35009765625,7919.64990234375,7855.9501953125,7891.10009765625,115200.0,0.0020063100276317414,0.0020043000756105184,0.00199991109026217,6.386165606046496e-06
2014-08-22,7904.5498046875,7929.0498046875,7900.0498046875,7913.2001953125,104100.0,0.002800635828053233,0.0027967213545059197,0.0010943558885377895,0.001704414703248375
2014-08-25,7931.75,7968.25,7897.9501953125,7906.2998046875,118500.0,-0.0008720101166007632,-0.0008723905385931191,-0.0032086481939672833,0.0023441596610292064
2014-08-26,7874.5,7915.4501953125,7862.4501953125,7904.75,142800.0,-0.0001960214924535686,-0.0001960407071773607,0.0038415137469045655,-0.004022084347047715
2014-08-27,7933.89990234375,7946.85009765625,7916.5498046875,7936.0498046875,120000.0,0.003959619809291937,0.0039518011472649325,0.0002709767416040752,0.0036876438019861476
2014-08-28,7942.25,7967.7998046875,7939.2001953125,7954.35009765625,189700.0,0.002305970025281434,0.002303315356676902,0.0015235100451698195,0.000781269707863703
2014-09-01,7990.35009765625,8035.0,7984.0,8027.7001953125,139300.0,0.009221381603238932,0.009179124246061186,0.00467440064574963,0.004525825436148128
2014-09-02,8038.60009765625,8101.9501953125,8036.5498046875,8083.0498046875,134900.0,0.006894827662761838,0.0068711670335596,0.005529533313171014,0.0013577864243254406
2014-09-03,8110.85009765625,8141.89990234375,8092.25,8114.60009765625,150700.0,0.003903265936881173,0.0038956679592612917,0.0004623436452220487,0.0034393321383010818
2014-09-04,8114.2001953125,8114.7998046875,8060.89990234375,8095.9501953125,141300.0,-0.0022983144109759435,-0.0023009595892866165,-0.0022491434227298037,-4.9281830150262644e-05
2014-09-05,8099.89990234375,8122.7001953125,8049.85009765625,8086.85009765625,126000.0,-0.0011240308347646444,-0.0011246630312066596,-0.001611106908089564,0.00048786207127816245
2014-09-08,8132.9501953125,8180.2001953125,8126.14990234375,8173.89990234375,120700.0,0.010764364818970584,0.010706841477298593,0.00503503723099789,0.005700624730216137
2014-09-09,8161.89990234375,8174.5498046875,8126.5,8152.9501953125,104700.0,-0.002563000193486986,-0.002566290301383355,-0.0010965225178368122,-0.0014680874666154365
2014-09-10,8135.5498046875,8135.75,8082.10009765625,8094.10009765625,107100.0,-0.007218257961404628,-0.007244435632928195,-0.005094887011492169,-0.0021342446854396672
2014-09-11,8115.14990234375,8127.9501953125,8057.2998046875,8085.7001953125,122800.0,-0.001037780882668149,-0.0010383197500981691,-0.0036289788094665486,0.0026006355782028493
2014-09-12,8087.0498046875,8114.2998046875,8071.60009765625,8105.5,111400.0,0.0024487433628788136,0.0024457500763813006,0.0022814494479563743,0.0001669131110973426
2014-09-15,8070.35009765625,8077.2998046875,8030.0,8042.0,96500.0,-0.007834186663376763,-0.00786503512440859,-0.0035128708560590565,-0.004336549545833076
2014-09-16,8036.60009765625,8044.89990234375,7925.14990234375,7932.89990234375,128000.0,-0.013566289188790104,-0.013659152116613792,-0.01290349078620231,-0.0006714626142439691
2014-09-17,7971.5,7990.64990234375,7936.9501953125,7975.5,123700.0,0.005370053597129498,0.005355686271897236,0.0005017876183905162,0.0048658243683177855
2014-09-18,7950.64990234375,8120.85009765625,7939.7001953125,8114.75,116900.0,0.01745972039370569,0.01730905071438062,0.02063983443766973,-0.003115804357877249
2014-09-19,8129.39990234375,8160.89990234375,8105.35009765625,8121.4501953125,161300.0,0.000825681051480398,0.0008253403644006908,-0.0009778959242684145,0.001805342412736067
2014-09-22,8084.4501953125,8159.89990234375,8064.7998046875,8146.2998046875,105500.0,0.0030597502634865936,0.003055078754324302,0.007650441017109789,-0.004555836594473667
2014-09-23,8144.39990234375,8159.75,8008.10009765625,8017.5498046875,140800.0,-0.015804721540682243,-0.01593094790039912,-0.015575131277596743,-0.0002332227378443362
2014-09-24,8015.5498046875,8042.0498046875,7950.0498046875,8002.39990234375,182200.0,-0.0018895925454548435,-0.0018913800776086584,-0.0016405490158716157,-0.00024945276907799063
2014-09-25,8003.2998046875,8019.2998046875,7877.35009765625,7911.85009765625,231900.0,-0.011315331124726713,-0.011379836545715916,-0.011426500226530098,0.00011245405812404299
2014-09-26,7885.85009765625,7993.2998046875,7841.7998046875,7968.85009765625,147800.0,0.007204383209546084,0.007178555614569579,0.010525181048606084,-0.0032862098850560953
2014-09-29,7978.4501953125,7991.75,7934.7001953125,7958.89990234375,97300.0,-0.0012486362763213243,-0.0012494164721180694,-0.002450387292037768,0.0012047030046497577
2014-09-30,7948.7998046875,8030.89990234375,7923.85009765625,7964.7998046875,141100.0,0.0007412962113033661,0.0007410215869771875,0.0020128824971242343,-0.001269031873773875
2014-10-01,7960.5,7977.5,7936.7001953125,7945.5498046875,113000.0,-0.002416884350146642,-0.0024198097296141007,-0.0018780472724703222,-0.0005398509432678331
2014-10-07,7897.39990234375,7943.0498046875,7842.7001953125,7852.39990234375,148200.0,-0.011723531364537632,-0.01179279382430551,-0.005698077918866073,-0.006059983705009794
2014-10-08,7828.75,7869.89990234375,7815.75,7842.7001953125,135900.0,-0.0012352538270948843,-0.001236017381957707,0.0017819186092926712,-0.003011805643863232
2014-10-09,7886.5,7972.35009765625,7886.5,7960.5498046875,123800.0,0.01502666255755103,0.014914880678345798,0.009389438240981424,0.0055847863104187875
2014-10-10,7911.0,7924.0498046875,7848.4501953125,7859.9501953125,142900.0,-0.012637269013223484,-0.012717798464841716,-0.00645301538206295,-0.006224419908575037
2014-10-13,7831.0,7901.14990234375,7796.0,7884.25,118800.0,0.0030915977943464235,0.0030868286329098203,0.006799897841910357,-0.003683254294634749
2014-10-14,7923.25,7928.0,7825.4501953125,7864.0,225500.0,-0.002568411706883933,-0.0025717157348472356,-0.007477991985611965,0.004946570694739512
2014-10-16,7837.2998046875,7893.89990234375,7729.64990234375,7748.2001953125,213500.0,-0.014725305784270115,-0.01483479931274002,-0.011368661604818205,-0.00339524355448881
2014-10-17,7733.75,7819.2001953125,7723.85009765625,7779.7001953125,177600.0,0.0040654602625080916,0.004057218608794233,0.00594151547599806,-0.0018649744389983712
2014-10-20,7896.9501953125,7905.9501953125,7856.9501953125,7879.39990234375,176200.0,0.012815366213124957,0.01273394430406019,-0.0022224140376581793,0.01507127486360549
2014-10-21,7906.14990234375,7936.60009765625,7874.35009765625,7927.75,163400.0,0.006136266499415566,0.006117516281268019,0.002732062751535577,0.0033949285899352736
2014-10-22,7997.7998046875,8005.0,7974.5498046875,7995.89990234375,151100.0,0.008596373793793965,0.008559635367284744,-0.0002375531258780033,0.00883602594525559
2014-10-27,8064.35009765625,8064.39990234375,7985.64990234375,7991.7001953125,132800.0,-0.0005252325670084268,-0.0005253705499506886,-0.009008773362265647,0.008560661857764872
2014-10-28,8002.39990234375,8037.7998046875,7995.0498046875,8027.60009765625,124100.0,0.00449214828714517,0.004482088703870871,0.003149079728584839,0.0013388524055902235
2014-10-29,8077.0498046875,8097.9501953125,8052.25,8090.4501953125,148300.0,0.007829251194837239,0.007798761644535693,0.0016590699511625036,0.006159961436754605
2014-10-30,8085.2001953125,8181.5498046875,8085.2001953125,8169.2001953125,205700.0,0.009733698137790459,0.009686630877276963,0.010389353135461023,-0.0006489132091860327
2014-10-31,8200.7998046875,8330.75,8198.0498046875,8322.2001953125,176200.0,0.018728883653480688,0.01855565765600878,0.014803481796447302,0.0038681399181687216
2014-11-03,8348.150390625,8350.599609375,8297.650390625,8324.150390625,141100.0,0.0002343365055792468,0.00023430905306898972,-0.0028748883138176424,0.0031181892652758477
2014-11-05,8351.25,8365.5498046875,8323.5,8338.2998046875,161600.0,0.0016998027904968627,0.0016983597607461473,-0.0015506894551713815,0.003255540578113617
2014-11-07,8331.849609375,8360.349609375,8290.25,8337.0,153400.0,-0.00015588365949248395,-0.0001558958106129228,0.0006181569359106985,-0.0007735624124325592
2014-11-10,8337.7998046875,8383.0498046875,8304.4501953125,8344.25,130700.0,0.000869617368358,0.0008692394702429653,0.000773608801313952,9.593435138539042e-05
2014-11-11,8354.099609375,8378.7001953125,8321.849609375,8362.650390625,122000.0,0.002205158117865702,0.0022027303251594033,0.0010235431285023563,0.001180406792102346
2014-11-12,8378.900390625,8415.0498046875,8370.5,8383.2998046875,125200.0,0.0024692427756694,0.0024661992049072835,0.0005250586422321507,0.0019431638584601315
2014-11-13,8405.25,8408.0,8320.349609375,8357.849609375,127400.0,-0.0030358207275695825,-0.0030404381788521184,-0.005639379033937123,0.0026183240279951106
2014-11-14,8360.7001953125,8400.650390625,8346.7998046875,8389.900390625,146800.0,0.0038348119131084157,0.00382747776597414,0.0034925538089347285,0.0003410669096393524
2014-11-17,8378.400390625,8438.099609375,8349.099609375,8430.75,113900.0,0.0048689027846677835,0.004857088011971049,0.006248162767868736,-0.0013706956536516538
2014-11-18,8441.25,8454.5,8407.25,8425.900390625,134700.0,-0.0005752287014797464,-0.0005753942089820699,-0.001818404783059381,0.0012454407970821102
2014-11-19,8440.650390625,8455.650390625,8360.5,8382.2998046875,125400.0,-0.005174590716264804,-0.005188025276412326,-0.0069130438102625105,0.0017505547557162496
2014-11-20,8406.5,8410.849609375,8353.150390625,8401.900390625,122800.0,0.00233833033823716,0.002335600698223698,-0.0005471491554154523,0.002887059145625752
2014-11-21,8408.2001953125,8489.7998046875,8398.599609375,8477.349609375,137000.0,0.008980018238991194,0.008939937646133834,0.008224044677367483,0.0007498071144153818
2014-11-24,8490.9501953125,8534.650390625,8490.7998046875,8530.150390625,140700.0,0.006228453901630848,0.006209137249718906,0.004616703008591523,0.0016043441127471343
2014-11-25,8530.7998046875,8535.349609375,8429.4501953125,8463.099609375,271900.0,-0.00786044538249775,-0.007891501533809672,-0.007935972811752085,7.613160762250263e-05
2014-11-26,8450.2998046875,8500.2998046875,8438.650390625,8475.75,151900.0,0.0014947703806991175,0.0014936543234813655,0.0030117505769892824,-0.0015124251489750887
2014-11-27,8477.7998046875,8506.75,8456.349609375,8494.2001953125,194300.0,0.0021768215570894256,0.002174455713767457,0.0019345102506350743,0.00024184345780609386
2014-11-28,8516.7998046875,8617.0,8516.25,8588.25,197200.0,0.0110722378240391,0.011011389339421218,0.008389324270975001,0.0026605929758367988
2014-12-01,8605.099609375,8623.0,8545.150390625,8555.900390625,152000.0,-0.0037667288883066474,-0.0037738408764703764,-0.005717449068968233,0.0019619374581550373
2014-12-02,8535.4501953125,8560.2001953125,8504.650390625,8524.7001953125,137400.0,-0.003646629096650922,-0.0036532942570473856,-0.0012594531927447349,-0.0023901862315868
2014-12-03,8528.7001953125,8546.9501953125,8508.349609375,8537.650390625,153200.0,0.0015191379187295961,0.0015179851960037325,0.0010494207918598382,0.00046922471270010067
2014-12-04,8582.400390625,8626.9501953125,8526.400390625,8564.400390625,143500.0,0.0031331805328282947,0.003128282351293758,-0.0020973153407830205,0.005241488928750111
2014-12-05,8584.25,8588.349609375,8523.900390625,8538.2998046875,143300.0,-0.003047567225613501,-0.003052220515157543,-0.005352849149605382,0.0023176881590833056
2014-12-08,8538.650390625,8546.349609375,8432.25,8438.25,163800.0,-0.0117177666486451,-0.01178696074088962,-0.011758344238479945,4.10603920592633e-05
2014-12-09,8439.2998046875,8444.5,8330.5,8340.7001953125,146300.0,-0.011560430739489869,-0.01162777201814715,-0.01168338744409034,0.00012441023760850886
2014-12-10,8318.0498046875,8376.7998046875,8317.0,8355.650390625,136700.0,0.0017924388795202972,0.001790834377979736,0.004520360760079942,-0.002715646180128809
2014-12-11,8338.849609375,8348.2998046875,8272.400390625,8292.900390625,133900.0,-0.007509888167461565,-0.0075382293595515236,-0.005510258717022708,-0.0020107089771073234
2014-12-12,8302.0,8321.900390625,8216.2998046875,8224.099609375,138100.0,-0.008296347237907065,-0.008330953463077941,-0.009383328188990604,0.0010972770618693276
2014-12-15,8160.75,8242.400390625,8152.5,8219.599609375,137100.0,-0.0005471723609561385,-0.0005473221143822177,0.007211299129981925,-0.00770292340608145
2014-12-16,8172.60009765625,8189.35009765625,8052.60009765625,8067.60009765625,197300.0,-0.018492325531937692,-0.01866544617437457,-0.01284780837742349,-0.005717980674526279
2014-12-17,8041.2001953125,8082.0,7961.35009765625,8029.7998046875,216200.0,-0.004685444557388396,-0.004696455660811477,-0.0014177473944307084,-0.0032723365095178106
2014-12-18,8138.89990234375,8174.2998046875,8084.89990234375,8159.2998046875,162100.0,0.01612742573288095,0.015998760320407486,0.0025064692511914863,0.013586901331283676
2014-12-19,8230.4501953125,8263.4501953125,8208.599609375,8225.2001953125,174800.0,0.008076721312181734,0.008044279165652847,-0.0006378751921723602,0.008720158877373797
2014-12-22,8255.0,8330.9501953125,8228.2001953125,8324.0,139200.0,0.012011841942012103,0.01194027232053888,0.008358570563294972,0.0036229883747367947
2014-12-23,8324.599609375,8364.75,8252.849609375,8267.0,132200.0,-0.006847669389716482,-0.006871222260849433,-0.006919204775942912,7.20338028592023e-05
2014-12-24,8272.0498046875,8286.400390625,8155.25,8174.10009765625,221900.0,-0.01123743829003876,-0.0113010553438477,-0.011841044160027313,0.0006108388396637233
2014-12-26,8204.7998046875,8234.5498046875,8147.9501953125,8200.7001953125,75500.0,0.0032541927965719086,0.003248909370282162,-0.0004996598908675194,0.003755729274718876
2014-12-29,8214.7001953125,8279.150390625,8214.7001953125,8246.2998046875,82100.0,0.005560453167287482,0.005545050916857839,0.0038467148676991857,0.0017071712983730786
2014-12-30,8260.2998046875,8268.25,8220.5498046875,8248.25,77700.0,0.00023649337990261365,0.00023646541975141835,-0.0014587611796683284,0.0016977311438570164
2014-12-31,8243.900390625,8291.0,8243.75,8282.7001953125,84500.0,0.004176667209711216,0.004167969146088031,0.004706486353428446,-0.0005273372382020428
2015-01-02,8288.7001953125,8410.599609375,8288.7001953125,8395.4501953125,101900.0,0.013612710510011006,0.013520889912634575,0.012878979512417425,0.000724401446209007
2015-01-05,8407.9501953125,8445.599609375,8363.900390625,8378.400390625,118200.0,-0.0020308386436523884,-0.0020329035926431203,-0.003514507579263999,0.0014889016918924998
2015-01-06,8325.2998046875,8327.849609375,8111.35009765625,8127.35009765625,172800.0,-0.029963988501869876,-0.030422082918029548,-0.023776886319432707,-0.006337795218872188
2015-01-07,8118.64990234375,8151.2001953125,8065.4501953125,8102.10009765625,164100.0,-0.0031067936900222026,-0.0031116297926513815,-0.0020384922230384985,-0.001070483639557861
2015-01-08,8191.39990234375,8243.5,8167.2998046875,8234.599609375,143800.0,0.016353724358093125,0.01622144246054657,0.005273788063855795,0.011021809606293604
2015-01-09,8285.4501953125,8303.2998046875,8190.7998046875,8284.5,148000.0,0.006059844193054609,0.006041557177687999,-0.00011468239988185237,0.006175234783681185
2015-01-12,8291.349609375,8332.599609375,8245.599609375,8323.0,103200.0,0.004647232784114941,0.004636467736743234,0.0038172785030332113,0.0008267981622306717
2015-01-13,8346.150390625,8356.650390625,8267.900390625,8299.400390625,129600.0,-0.002835469106692301,-0.0028394966643650508,-0.0056013848076009965,0.002781495929953142
2015-01-14,8307.25,8326.4501953125,8236.650390625,8277.5498046875,146100.0,-0.0026327909136885097,-0.0026362628028638235,-0.0035752138568720094,0.0009458043961666094
2015-01-15,8424.5,8527.099609375,8380.5498046875,8494.150390625,232100.0,0.026167234392820093,0.025830729950324278,0.008267599338239659,0.01775286150852073
2015-01-16,8504.0498046875,8530.75,8452.25,8513.7998046875,176000.0,0.0023132877520259942,0.0023106162211340322,0.001146512570355094,0.0011654389912175314
2015-01-19,8550.0498046875,8570.9501953125,8531.5,8550.7001953125,125400.0,0.004334185847861161,0.004324820315931695,7.606863583922379e-05,0.004257793327491867
2015-01-20,8575.099609375,8707.900390625,8574.5,8695.599609375,158700.0,0.016945912118627948,0.01680393189462208,0.014052314898856633,0.002853498953907398
2015-01-21,8719.650390625,8741.849609375,8689.599609375,8729.5,185900.0,0.0038985684884169647,0.003890988763950604,0.001129587647870594,0.0027658565631368415
2015-01-22,8745.849609375,8774.150390625,8727.0,8761.400390625,175500.0,0.0036543204794088346,0.003647659672542357,0.001778075538062139,0.001872914757431697
2015-01-23,8827.9501953125,8866.400390625,8795.400390625,8835.599609375,191200.0,0.008468876599840858,0.008433216854945564,0.0008664994583410445,0.007595795388909584
2015-01-27,8871.349609375,8925.0498046875,8825.4501953125,8910.5,192000.0,0.00847711461998868,0.008441385660836975,0.004413126790046346,0.004046131737575288
2015-01-28,8902.75,8985.0498046875,8874.0498046875,8914.2998046875,185100.0,0.0004264412420740271,0.0004263503418490414,0.0012973300033697452,-0.0008697603950395601
2015-01-29,8901.5,8966.650390625,8861.25,8952.349609375,256300.0,0.0042684008302582566,0.0042593170470792705,0.005712476478683368,-0.0014358732562224734
2015-01-30,8996.599609375,8996.599609375,8775.099609375,8808.900390625,267300.0,-0.01602363904552817,-0.016153405638702815,-0.020863351366043465,0.004942836454204258
2015-02-02,8802.5,8840.7998046875,8751.099609375,8797.400390625,210100.0,-0.0013054977908750764,-0.0013063506955069547,-0.00057933648111332,-0.0007265822453630771
2015-02-03,8823.150390625,8837.2998046875,8726.650390625,8756.5498046875,208700.0,-0.004643483770618517,-0.004654298232220474,-0.007548390652874529,0.0029270010294678225
2015-02-04,8789.150390625,8792.849609375,8704.400390625,8723.7001953125,195300.0,-0.003751432939651078,-0.0037584872121479928,-0.00744670331074467,0.0037229944058615946
2015-02-05,8733.099609375,8838.4501953125,8683.650390625,8711.7001953125,173600.0,-0.0013755630903555804,-0.0013765100457609084,-0.0024503801650822446,0.0010774572546120489
2015-02-06,8696.849609375,8726.2001953125,8645.5498046875,8661.0498046875,171300.0,-0.005814064934449137,-0.005831032408607971,-0.004116410688407058,-0.0017046713735041808
2015-02-09,8584.400390625,8605.5498046875,8516.349609375,8526.349609375,146800.0,-0.01555240973670402,-0.015674617197285398,-0.006762357137185388,-0.008849898775667598
2015-02-10,8478.099609375,8646.25,8470.5,8565.5498046875,196200.0,0.0045975355349490155,0.004586999150377187,0.010314834614091868,-0.005658928170966335
2015-02-11,8603.2998046875,8651.9501953125,8593.650390625,8627.400390625,161600.0,0.007220854159723844,0.007194908616778425,0.002801318852606859,0.004407189364463365
2015-02-12,8676.9501953125,8732.5498046875,8599.25,8711.5498046875,158800.0,0.009753739278629103,0.009706478627223793,0.0039875311712278295,0.005743306493731704
2015-02-13,8741.5,8822.099609375,8729.650390625,8805.5,221900.0,0.0107845558389561,0.010726817268910518,0.007321397929417148,0.003437987038355039
2015-02-16,8831.400390625,8870.099609375,8793.400390625,8809.349609375,136400.0,0.00043718237181300523,0.0004370868354434235,-0.002496861230910567,0.0029413878399863723
2015-02-18,8811.5498046875,8894.2998046875,8808.900390625,8869.099609375,147600.0,0.006782566551384539,0.006759668427262326,0.006531178505838451,0.0002497568390472924
2015-02-19,8883.0498046875,8913.4501953125,8794.4501953125,8895.2998046875,213300.0,0.0029540986646272582,0.0029497438893496893,0.001379030881211067,0.0015728987075254036
2015-02-20,8895.5,8899.9501953125,8816.2998046875,8833.599609375,197600.0,-0.006936269340802492,-0.006960437077779418,-0.0069586184728233375,2.2505740885147495e-05
2015-02-23,8856.849609375,8869.0,8736.099609375,8754.9501953125,139600.0,-0.008903438863023694,-0.008943311319236858,-0.011505153475185938,0.00263199613160246
2015-02-24,8772.900390625,8800.5,8726.75,8762.099609375,149800.0,0.0008166139044774035,0.0008162806567537197,-0.0012311528421708809,0.002050290968201137
2015-02-25,8801.900390625,8840.650390625,8751.400390625,8767.25,135200.0,0.0005878032497472763,0.0005876305610850604,-0.003936694246381896,0.004542379455195327
2015-02-26,8779.0,8786.0498046875,8669.4501953125,8683.849609375,217500.0,-0.00951271956713906,-0.009558254487962844,-0.010838408773778334,0.00134021500470501
2015-02-27,8729.5,8856.9501953125,8717.4501953125,8844.599609375,249500.0,0.018511375395821705,0.018342125395864908,0.013185131952001833,0.005256930126440269
2015-03-02,8953.849609375,8972.349609375,8885.4501953125,8956.75,218100.0,0.01268009809128312,0.012600378838793266,0.000323926663003496,0.012352170230995918
2015-03-03,8962.849609375,9008.400390625,8925.5498046875,8996.25,177800.0,0.004410081781896391,0.00440038586730066,0.00372653699221548,0.000681006991933458
2015-03-04,9109.150390625,9119.2001953125,8893.9501953125,8922.650390625,248400.0,-0.008181143184660233,-0.008214792388202198,-0.020473918203386232,0.01254971689592886
2015-03-05,8929.400390625,8957.5498046875,8849.349609375,8937.75,160100.0,0.0016922784950608172,0.0016908482052135402,0.0009350694346471769,0.0007565016788164426
2015-03-09,8891.150390625,8891.2998046875,8740.4501953125,8756.75,155500.0,-0.02025118178512486,-0.02045904811401918,-0.015116198098135237,-0.005213796467231686
2015-03-10,8769.75,8778.0,8677.349609375,8712.0498046875,163800.0,-0.005104655872612551,-0.005117729137055929,-0.006579457260754298,0.0014845690467353756
2015-03-11,8728.75,8755.599609375,8682.349609375,8699.9501953125,172800.0,-0.0013888361116221049,-0.00138980143838521,-0.0032994191250179006,0.0019169076953066194
2015-03-12,8740.650390625,8787.2001953125,8732.900390625,8776.0,173900.0,0.008741406902360804,0.00870342200550124,0.004044276775206007,0.004678210150493633
2015-03-13,8844.0498046875,8849.75,8631.75,8647.75,179200.0,-0.014613719234275346,-0.014721551472009752,-0.022195691908412557,0.007754079841328624
2015-03-16,8656.75,8663.5498046875,8612.0,8633.150390625,163300.0,-0.0016882552542568652,-0.0016896819631506011,-0.00272615119704277,0.0010407331386776907
2015-03-17,8689.099609375,8742.5498046875,8630.7998046875,8723.2998046875,177000.0,0.010442238346779709,0.01038809476984804,0.003935988405012656,0.006480741817118923
2015-03-18,8742.900390625,8747.25,8664.0,8685.900390625,156400.0,-0.004287301239194297,-0.0042965180681336585,-0.006519575593143097,0.0022469233405193237
2015-03-19,8749.4501953125,8788.2001953125,8614.650390625,8634.650390625,163500.0,-0.00590036699653107,-0.005917842938767325,-0.013120802121829754,0.007316432589543803
2015-03-20,8627.900390625,8627.900390625,8553.0,8570.900390625,174600.0,-0.0073830435647072035,-0.0074104331263360745,-0.006606474045752277,-0.0007817340244984042
2015-03-23,8591.5498046875,8608.349609375,8540.5498046875,8550.900390625,150700.0,-0.002333477124745964,-0.002336203925268819,-0.004731324963084298,0.002409246767712607
2015-03-24,8537.0498046875,8627.75,8535.849609375,8542.9501953125,156700.0,-0.000929749494125387,-0.0009301819792756467,0.000691151013522286,-0.0016197809943717092
2015-03-25,8568.900390625,8573.75,8516.5498046875,8530.7998046875,161000.0,-0.0014222710360253243,-0.0014232834235154116,-0.004446379838792946,0.003037615193722986
2015-03-26,8474.9501953125,8499.4501953125,8325.349609375,8342.150390625,280100.0,-0.022113918786236364,-0.022362097108321904,-0.01566968555885457,-0.006546819835616326
2015-03-27,8396.0,8413.2001953125,8269.150390625,8341.400390625,193000.0,-8.990487642646094e-05,-8.990891811211022e-05,-0.006503050187589328,0.006455123301962619
2015-03-30,8390.9501953125,8492.2998046875,8380.75,8492.2998046875,134700.0,0.018090417315550278,0.017928732765285012,0.012078442490531966,0.005940226145143401
2015-03-31,8527.599609375,8550.4501953125,8454.150390625,8491.0,167200.0,-0.0001530568535489385,-0.00015306856794447524,-0.004291900540776262,0.004156683760506847
2015-04-01,8483.7001953125,8603.400390625,8464.75,8586.25,125500.0,0.011217759981156483,0.011155307528727893,0.012087862881359464,-0.0008597108335296196
2015-04-06,8615.7998046875,8667.5498046875,8573.75,8659.900390625,146900.0,0.00857771327704171,0.008541133724940244,0.0051185713383807615,0.0034415262410831273
2015-04-07,8684.4501953125,8693.599609375,8586.849609375,8660.2998046875,148700.0,4.612224673294918e-05,4.6121183134830896e-05,-0.0027808773246273395,0.002834883033305675
2015-04-08,8698.9501953125,8730.5,8679.7998046875,8714.400390625,148200.0,0.006246964557533818,0.006227533157299894,0.0017760988355612684,0.004462939101032042
2015-04-09,8756.2001953125,8785.5,8682.4501953125,8778.2998046875,152700.0,0.007332623152276119,0.007305870171212896,0.0025238812363872964,0.00479663577685373
2015-04-10,8774.349609375,8787.400390625,8733.599609375,8780.349609375,139000.0,0.0002335081659441407,0.00023348090715570997,0.0006838113668948487,-0.0004499954889203768
2015-04-13,8801.75,8841.650390625,8762.099609375,8834.0,121600.0,0.006110279546012176,0.0060916874846368065,0.0036640440821427557,0.0024373050706489254
2015-04-16,8757.0498046875,8760.0,8645.650390625,8706.7001953125,142900.0,-0.014410211080767454,-0.014515046525185486,-0.0057496086579350856,-0.008710685455342993
2015-04-17,8698.0498046875,8699.849609375,8596.7001953125,8606.0,150400.0,-0.01156582781691673,-0.011633232232741262,-0.010582809567024218,-0.0009935326163702275
2015-04-20,8618.7998046875,8619.9501953125,8422.75,8448.099609375,148900.0,-0.01834770981001632,-0.01851811663955681,-0.019805564484704868,0.0014873117229258657
2015-04-21,8416.099609375,8469.349609375,8352.7001953125,8377.75,407800.0,-0.008327270348106652,-0.008362135754524264,-0.004556696231622659,-0.0037878341259718405
2015-04-22,8400.400390625,8449.9501953125,8284.7001953125,8429.7001953125,171800.0,0.006200972255378856,0.006181825339152998,0.0034879057336599235,0.0027036364924950015
2015-04-23,8478.2001953125,8504.9501953125,8361.849609375,8398.2998046875,156000.0,-0.0037249712205020824,-0.003731926202576211,-0.009424216081754712,0.0057534667753628265
2015-04-24,8405.7001953125,8413.2998046875,8273.349609375,8305.25,173600.0,-0.011079600258562361,-0.011141436198728826,-0.011950247210638892,0.0008811772379058773
2015-04-27,8330.5498046875,8334.4501953125,8202.349609375,8213.7998046875,171500.0,-0.011011130948797465,-0.011072202173819238,-0.01401468123200058,0.003046242399385931
2015-04-28,8215.5498046875,8308.0,8185.14990234375,8285.599609375,174600.0,0.008741362876475867,0.008703378361128562,0.00852649017446551,0.00021305608142546884
2015-04-29,8274.7998046875,8308.2001953125,8219.2001953125,8239.75,160400.0,-0.005533650132347967,-0.0055490174921902485,-0.004235728418184211,-0.0013034427436344166
2015-04-30,8224.5,8229.400390625,8144.75,8181.5,267700.0,-0.007069389241178392,-0.007094495768480639,-0.005228281354489634,-0.0018507843077763281
2015-05-04,8230.0498046875,8346.0,8220.4501953125,8331.9501953125,131700.0,0.01838907233545184,0.018222037975143816,0.01238150351981609,0.005934095787752857
2015-05-05,8338.400390625,8355.650390625,8280.599609375,8324.7998046875,155500.0,-0.0008581893143123631,-0.0008585577695799613,-0.0016310785402906967,0.0007741519285759578
2015-05-06,8316.599609375,8331.9501953125,8083.0,8097.0,209600.0,-0.02736399793773192,-0.027745365388399824,-0.026404975553644947,-0.0009850321334913857
2015-05-07,8077.0,8122.60009765625,7997.14990234375,8057.2998046875,161600.0,-0.004903074634123761,-0.004915134139810429,-0.0024390485715612233,-0.0024700506360380388
2015-05-08,8131.5,8224.9501953125,8123.4501953125,8191.5,183100.0,0.01665572816769534,0.01651854271401412,0.007378712414683638,0.009209064712887127
2015-05-11,8243.2001953125,8332.75,8224.650390625,8325.25,192000.0,0.01632790087285607,0.016196034167464263,0.009953634843680937,0.006311444218091925
2015-05-12,8326.150390625,8326.650390625,8115.2998046875,8126.9501953125,173400.0,-0.02381908107113906,-0.024107341992543527,-0.023924645360332855,0.0001081517822287619
2015-05-13,8181.5498046875,8254.9501953125,8089.7998046875,8235.4501953125,169800.0,0.013350641678914421,0.013262307208340643,0.006588041619464145,0.006718339360131949
2015-05-14,8232.4501953125,8236.25,8137.2998046875,8224.2001953125,134800.0,-0.0013660455388829762,-0.0013669794296785854,-0.001002131783888288,-0.0003642788103688074
2015-05-15,8240.2998046875,8279.2001953125,8212.2001953125,8262.349609375,129800.0,0.004638677701966021,0.004627952191887896,0.002675849812522228,0.0019575896734829244
2015-05-18,8284.9501953125,8384.599609375,8271.9501953125,8373.650390625,148700.0,0.013470838987944989,0.013380913913783618,0.010706183286736622,0.0027353703251501126
2015-05-19,8356.2001953125,8427.7998046875,8335.0,8365.650390625,140300.0,-0.0009553778372400901,-0.0009558345015271625,0.0011309201660583944,-0.0020839412321341897
2015-05-20,8392.650390625,8440.349609375,8391.4501953125,8423.25,123600.0,0.006885251795789804,0.006861656693210339,0.0036460007209619095,0.00322748366705088
2015-05-21,8434.5,8446.349609375,8382.5,8421.0,143800.0,-0.00026711779894939003,-0.0002671534812630433,-0.0016005690912324383,0.0013355889947466832
2015-05-22,8432.5,8489.5498046875,8420.599609375,8458.9501953125,187300.0,0.004506613859696085,0.004496489481834225,0.003136696746219982,0.001365633535209595
2015-05-25,8438.150390625,8441.9501953125,8364.150390625,8370.25,121300.0,-0.010485957862909845,-0.010541322896106728,-0.008046833426960375,-0.0024589108822305333
2015-05-26,8377.099609375,8378.900390625,8320.0498046875,8339.349609375,116800.0,-0.0036916926764433144,-0.003698523791285403,-0.004506332950577922,0.0008183279322600878
2015-05-27,8302.75,8342.849609375,8277.9501953125,8334.599609375,165500.0,-0.0005695887835976965,-0.0005697510609127147,0.0038360313600915357,-0.004388784628222703
2015-05-28,8345.7001953125,8364.5,8270.150390625,8319.0,232300.0,-0.00187166871908917,-0.0018734224796336696,-0.0031992756374709702,0.0013318679310057964
2015-05-29,8327.099609375,8443.900390625,8305.7001953125,8433.650390625,363900.0,0.013781751487558669,0.01368764678319723,0.012795665507596502,0.0009736277647553793
2015-06-01,8417.25,8467.150390625,8405.400390625,8433.400390625,122200.0,-2.964315431874809e-05,-2.9643593685729908e-05,0.0019187253111170512,-0.001944637240741088
2015-06-02,8442.7998046875,8445.349609375,8226.0498046875,8236.4501953125,146800.0,-0.023353592405198742,-0.02363060893126965,-0.024440898060905495,0.00111454616490744
2015-06-03,8232.4501953125,8236.7001953125,8094.14990234375,8135.10009765625,171400.0,-0.012305070176218624,-0.012381404397236432,-0.011825166912237194,-0.0004856461102959702
2015-06-04,8155.14990234375,8160.0498046875,8056.75,8130.64990234375,154700.0,-0.0005470363313393456,-0.0005471860103022912,-0.0030042366226718676,0.0024646045465717644
2015-06-05,8119.14990234375,8191.0,8100.14990234375,8114.7001953125,162100.0,-0.001961676769116849,-0.001963603376990351,-0.0005480508532014547,-0.0014144010796338677
2015-06-08,8124.35009765625,8131.0,8030.5498046875,8044.14990234375,135900.0,-0.008694134258897646,-0.008732148739867544,-0.009871582877212114,0.0011891877840815755
2015-06-09,8026.5,8057.14990234375,8005.14990234375,8022.39990234375,136000.0,-0.0027038282806817193,-0.0027074902267056862,-0.0005108201153989909,-0.002194128970496623
2015-06-10,8024.14990234375,8152.25,8023.7998046875,8124.4501953125,136800.0,0.012720668903445809,0.012640440848079765,0.012499802993392931,0.00021813921286680514
2015-06-11,8157.2998046875,8163.0498046875,7958.25,7965.35009765625,166200.0,-0.019582875620068996,-0.019777160752925255,-0.023531034978136793,0.004043302449432576
2015-06-12,7959.85009765625,7995.60009765625,7940.2998046875,7982.89990234375,136600.0,0.0022032684655837187,0.0022008448289133065,0.002895758639259668,-0.0006904906793259894
2015-06-15,7986.60009765625,8057.7001953125,7944.85009765625,8013.89990234375,133000.0,0.003883300602441242,0.0038757800540692557,0.0034182010309382347,0.0004635151834252157
2015-06-16,8004.2001953125,8061.85009765625,7952.35009765625,8047.2998046875,124000.0,0.004167746384501569,0.0041590853857635356,0.005384624112755254,-0.0012103603924991898
2015-06-17,8084.2001953125,8136.85009765625,8048.9501953125,8091.5498046875,152500.0,0.005498738840850059,0.005483675969067097,0.0009091325298032029,0.004585437540615271
2015-06-18,8113.7001953125,8186.89990234375,8101.7998046875,8174.60009765625,144800.0,0.010263830165222254,0.010211514727058937,0.007505811267087918,0.002737471950326265
2015-06-19,8201.150390625,8250.7998046875,8195.650390625,8224.9501953125,147100.0,0.006159334653041526,0.006140443483030782,0.002902008078611304,0.003247901139085968
2015-06-22,8259.2998046875,8369.4501953125,8257.400390625,8353.099609375,122700.0,0.015580570218593381,0.015460439332762258,0.011356871273066595,0.004176269589398397
2015-06-23,8377.4501953125,8398.4501953125,8334.9501953125,8381.5498046875,131700.0,0.003405944696333929,0.003400157603319678,0.0004893624288323297,0.0029151556998279317
2015-06-24,8399.400390625,8421.349609375,8338.900390625,8360.849609375,130100.0,-0.002469733616678238,-0.0024727884395158908,-0.004589706342970445,0.0021297476425561307
2015-06-25,8336.25,8423.150390625,8329.5,8398.0,201200.0,0.00444337505883885,0.004433532413488122,0.007407407407407408,-0.0029422379930643078
2015-06-26,8393.9501953125,8408.5498046875,8339.7001953125,8381.099609375,110600.0,-0.0020124304149797823,-0.0020144580738723343,-0.001530934260805628,-0.000482234423374613
2015-06-29,8247.0498046875,8329.4501953125,8195.650390625,8318.400390625,132000.0,-0.00748102536329065,-0.007509148581665224,0.008651649696227783,-0.015994297996118966
2015-06-30,8316.349609375,8378.0,8298.9501953125,8368.5,158500.0,0.006022745602803914,0.006004681365091595,0.006270827114604585,-0.0002465355301136106
2015-07-01,8376.25,8481.599609375,8370.150390625,8453.0498046875,131800.0,0.01010334046573469,0.010052642911917523,0.0091687574615729,0.0009260918922148533
2015-07-02,8471.9501953125,8479.25,8433.2001953125,8444.900390625,112000.0,-0.0009640797405430224,-0.000964544764320111,-0.003192866348820908,0.002235925619948329
2015-07-03,8440.099609375,8497.75,8424.150390625,8484.900390625,88400.0,0.004736586359787687,0.004725404031422576,0.00530808679085217,-0.0005684828746268609
2015-07-06,8386.150390625,8533.150390625,8386.150390625,8522.150390625,101500.0,0.004390151714822377,0.004380543110671768,0.016217214534100938,-0.011638321660099777
2015-07-07,8525.5,8561.349609375,8483.849609375,8510.7998046875,122200.0,-0.0013318922357890006,-0.001332779992604704,-0.0017242619567767287,0.0003930474377317748
2015-07-08,8439.2001953125,8457.5,8341.400390625,8363.0498046875,188100.0,-0.01736029555278973,-0.017512752525573723,-0.009023413221942198,-0.00841279445153498
2015-07-09,8364.849609375,8400.2998046875,8323.0,8328.5498046875,131300.0,-0.004125289314989233,-0.004133821795005965,-0.004339564532853835,0.0002152091317800364
2015-07-10,8365.7001953125,8377.099609375,8315.400390625,8360.5498046875,154100.0,0.0038422055160178825,0.0038348430969963264,-0.0006156556540103942,0.004460607368174817
2015-07-13,8397.25,8471.650390625,8355.400390625,8459.650390625,117800.0,0.011853357524637564,0.011783656733947193,0.007431050716008217,0.004389686823218652
2015-07-14,8470.599609375,8480.25,8424.099609375,8454.099609375,101700.0,-0.0006561478304294432,-0.000656363189627265,-0.0019479140510594204,0.001294287381205959
2015-07-15,8463.400390625,8531.400390625,8462.9501953125,8523.7998046875,105500.0,0.008244543893853207,0.008210743295109776,0.007136542202281377,0.0011001504216588706
2015-07-16,8546.150390625,8616.099609375,8542.900390625,8608.0498046875,116000.0,0.009884089482447456,0.009835561378738018,0.007242958669485005,0.0026221387702241345
2015-07-17,8623.650390625,8642.9501953125,8593.150390625,8609.849609375,105000.0,0.00020908390731189108,0.00020906205231804127,-0.001600340995386733,0.0018123252410789637
2015-07-20,8623.900390625,8624.099609375,8559.0,8603.4501953125,90600.0,-0.0007432666484129546,-0.0007435430080160121,-0.0023713394619830383,0.00163194270370304
2015-07-21,8601.5,8646.75,8517.900390625,8529.4501953125,164100.0,-0.00860120048586066,-0.008638404295993872,-0.00837642326193106,-0.00022667595769457042
2015-07-22,8512.25,8643.900390625,8498.650390625,8633.5,136800.0,0.012198887654526924,0.012125080858812433,0.014244177508884254,-0.0020165655368915396
2015-07-23,8643.9501953125,8654.75,8573.7998046875,8589.7998046875,132900.0,-0.005061700968610694,-0.005074554770036643,-0.006264542182851197,0.001210423966236173
2015-07-24,8588.150390625,8589.150390625,8513.5,8521.5498046875,127400.0,-0.00794547038951432,-0.00797720384261551,-0.007754939411657551,-0.00019202008195812735
2015-07-27,8492.099609375,8492.2001953125,8351.5498046875,8361.0,136600.0,-0.01884044667546103,-0.019020189089775028,-0.015437832268273246,-0.00345596704678064
2015-07-28,8371.099609375,8397.400390625,8321.75,8337.0,174600.0,-0.002870470039468942,-0.002874597739444469,-0.004073492249072154,0.0012079427550532233
2015-07-29,8365.599609375,8381.5,8338.4501953125,8375.0498046875,141000.0,0.004563968416396724,0.0045535850933296085,0.0011296494876361924,0.003430443729758906
2015-07-30,8417.0,8458.900390625,8408.2998046875,8421.7998046875,215200.0,0.005582056356707721,0.005566534416230723,0.000570251240049899,0.005008948757417604
2015-07-31,8456.099609375,8548.9501953125,8448.0,8532.849609375,203300.0,0.013185994355469077,0.013099815871268341,0.00907628854264084,0.0040727404453866295
2015-08-03,8510.650390625,8563.9501953125,8508.099609375,8543.0498046875,156700.0,0.0011954031512864116,0.0011946892258352072,0.00380692574308891,-0.0026016184236517925
2015-08-04,8564.099609375,8565.150390625,8448.25,8516.900390625,187400.0,-0.00306089917070973,-0.0030655933038692055,-0.005511287923173112,0.002463968391703645
2015-08-05,8547.4501953125,8591.849609375,8545.849609375,8567.9501953125,132800.0,0.005993941733038577,0.005976049525257857,0.002398376069069392,0.0035869627782811426
2015-08-06,8585.7998046875,8606.2998046875,8551.5,8588.650390625,134900.0,0.002416003226048735,0.0024130893825477714,0.00033201169400009714,0.002083299852135633
2015-08-07,8580.7998046875,8595.9501953125,8552.7001953125,8564.599609375,143700.0,-0.002800298085977815,-0.0028042262557410207,-0.0018879586613418243,-0.0009140651418375768
2015-08-10,8577.0,8621.5498046875,8497.7998046875,8525.599609375,123400.0,-0.004553627931107251,-0.004564027276617137,-0.005992816908592748,0.0014478657719651318
2015-08-11,8548.4501953125,8556.25,8441.2998046875,8462.349609375,154400.0,-0.007418833032042493,-0.00744648944425946,-0.010072069669975129,0.00268023212260318
2015-08-12,8445.7001953125,8446.9501953125,8337.9501953125,8349.4501953125,190000.0,-0.013341379081930671,-0.013431174840318333,-0.011396331597635955,-0.00196746941819267
2015-08-13,8384.4501953125,8429.5,8339.75,8355.849609375,189200.0,0.0007664473603414823,0.0007661537895581861,-0.0034111462613839304,0.0041918927811138386
2015-08-14,8402.349609375,8530.099609375,8381.2001953125,8518.5498046875,155900.0,0.01947141259339502,0.01928427002460754,0.013829488263955185,0.005564963728862289
2015-08-17,8530.5,8530.599609375,8428.0498046875,8477.2998046875,174700.0,-0.004842373519645449,-0.004854135797220708,-0.0062364685906453315,0.0014028438626870702
2015-08-18,8505.849609375,8525.75,8433.599609375,8466.5498046875,153300.0,-0.0012680924643075908,-0.001268897173926015,-0.004620326774198363,0.003367794621550775
2015-08-19,8468.0498046875,8520.4501953125,8425.9501953125,8495.150390625,130500.0,0.0033780685872379923,0.00337237573051901,0.003200333791435477,0.00017716779970626594
2015-08-20,8471.0498046875,8501.349609375,8359.75,8372.75,184100.0,-0.014408266481082843,-0.014513073495647132,-0.01160420573057017,-0.0028369816694589307
2015-08-21,8305.400390625,8322.2001953125,8225.0498046875,8299.9501953125,201300.0,-0.008694849922367243,-0.008732870680242016,-0.000656223066458312,-0.008043905452211042
2015-08-24,8055.9501953125,8060.0498046875,7769.39990234375,7809.0,312400.0,-0.05915098088055637,-0.0609725995392517,-0.030654384563622603,-0.029397766764649027
2015-08-25,7895.39990234375,7925.39990234375,7667.25,7880.7001953125,299100.0,0.009181738418811536,0.009139842514835898,-0.0018618065219073185,0.011064144236618004
2015-08-26,7865.25,7930.0498046875,7777.10009765625,7791.85009765625,216600.0,-0.011274391291918318,-0.011338429020653107,-0.009332176643304409,-0.0019605104787122716
2015-08-27,7921.60009765625,7963.60009765625,7862.2998046875,7948.9501953125,305000.0,0.02016210472317792,0.019961540867943228,0.003452597621576735,0.016652014396302126
2015-08-28,8053.7001953125,8091.7998046875,7961.64990234375,8001.9501953125,195600.0,0.006667547122292117,0.006645417343079588,-0.00642561788308436,0.013177840774719047
2015-08-31,8009.25,8043.60009765625,7947.9501953125,7971.2998046875,198200.0,-0.003830365083121179,-0.0038377197180878234,-0.004738295759590474,0.0009122532019477186
2015-09-01,7907.9501953125,7929.10009765625,7746.5,7785.85009765625,184900.0,-0.023264675971940818,-0.02353957047024599,-0.01544017028946715,-0.007947211988908942
2015-09-02,7856.64990234375,7862.5498046875,7699.25,7717.0,215300.0,-0.0088429775544967,-0.008882308721944062,-0.017774739116489136,0.009093394272876207
2015-09-03,7774.4501953125,7845.60009765625,7754.0498046875,7823.0,155800.0,0.013735907736166952,0.01364242522747763,0.006244789466497895,0.007444628134313853
2015-09-04,7803.39990234375,7804.89990234375,7626.85009765625,7655.0498046875,193600.0,-0.021468770971813878,-0.021702577450189775,-0.01901095670000112,-0.002505445181675828
2015-09-07,7685.85009765625,7705.0498046875,7545.89990234375,7558.7998046875,141400.0,-0.01257339958011272,-0.012653113658095735,-0.016530415159605204,0.00402352613694162
2015-09-08,7587.7001953125,7720.89990234375,7539.5,7688.25,172200.0,0.017125760525132927,0.016980767754825463,0.013251683922569485,0.0038234099819759435
2015-09-09,7805.85009765625,7846.0498046875,7764.5498046875,7818.60009765625,208400.0,0.01695445617094271,0.016812333537542277,0.0016333903214242173,0.015296081378239521
2015-09-10,7729.0498046875,7819.85009765625,7678.5,7788.10009765625,160300.0,-0.0039009540862875447,-0.003908582653268309,0.00764004560210458,-0.011453494468350431
2015-09-11,7833.7998046875,7864.85009765625,7759.89990234375,7789.2998046875,136400.0,0.00015404360706794407,0.00015403174356981987,-0.005680512791936883,0.0058678890176312535
2015-09-14,7811.10009765625,7879.9501953125,7761.85009765625,7872.25,122800.0,0.010649249276883932,0.010592945398427487,0.007828590285521787,0.0027987487342098277
2015-09-15,7867.35009765625,7880.0,7799.75,7829.10009765625,136500.0,-0.005481266771729776,-0.00549634403468119,-0.004861865752153955,-0.0006224271769506812
2015-09-16,7886.85009765625,7913.89990234375,7853.2998046875,7899.14990234375,140000.0,0.008947363530129149,0.008907573043561995,0.001559533214807158,0.007376326688847453
2015-09-18,7967.4501953125,8055.0,7955.85009765625,7981.89990234375,241800.0,0.010475810818002973,0.010421319740291772,0.0018135923886604542,0.008646537135405504
2015-09-21,7911.5,7987.89990234375,7908.35009765625,7977.10009765625,121800.0,-0.0006013361162410247,-0.0006015169913181517,0.008291739576091766,-0.008819943021720714
2015-09-22,8014.7998046875,8021.60009765625,7787.75,7812.0,168400.0,-0.02069675641963653,-0.020913936119176794,-0.025303165347797134,0.004725991471803964
2015-09-23,7737.35009765625,7882.89990234375,7723.25,7845.9501953125,146700.0,0.004345903137800811,0.004336486972064778,0.01403582573950563,-0.009555799071140554
2015-09-24,7838.39990234375,7894.5,7804.10009765625,7868.5,202500.0,0.002874069312977845,0.0028699470722847766,0.0038400819084581034,-0.0009623172185391722
2015-09-28,7892.7998046875,7893.9501953125,7787.9501953125,7795.7001953125,136300.0,-0.009252056260723118,-0.009295122372462671,-0.012302302323357163,0.0030882385063862234
2015-09-29,7725.7001953125,7926.5498046875,7691.2001953125,7843.2998046875,240700.0,0.006105879931557867,0.006087314580231289,0.015221870691585019,-0.008979308881335702
2015-09-30,7924.25,7957.7001953125,7874.5,7948.89990234375,210700.0,0.013463733413981993,0.01337390276102144,0.00311069215935262,0.010320935999937247
2015-10-01,7992.0498046875,8008.25,7930.64990234375,7950.89990234375,156900.0,0.00025160714370175974,0.0002515754959328041,-0.005148854592924927,0.0054284118398606526
2015-10-05,8005.10009765625,8128.89990234375,8005.10009765625,8119.2998046875,183100.0,0.02117998017986733,0.02095880198216427,0.014265868713457516,0.006816862993901229
2015-10-06,8180.4501953125,8180.9501953125,8096.5,8152.89990234375,178500.0,0.004138299910646515,0.004129760698013392,-0.0033678211236511974,0.007531485731035102
2015-10-07,8146.2001953125,8188.89990234375,8132.89990234375,8177.39990234375,193900.0,0.0030050657181448504,0.003000559533489925,0.003829970573176312,-0.0008217575478050461
2015-10-08,8196.75,8196.75,8105.85009765625,8129.35009765625,171700.0,-0.005875926976951273,-0.00589325816039762,-0.008222759306279928,0.0023662897604780227
2015-10-09,8186.35009765625,8232.2001953125,8139.64990234375,8189.7001953125,199700.0,0.00742372968703231,0.007396309429230271,0.00040922970753585683,0.00701163061195181
2015-10-12,8231.5,8244.5,8128.2001953125,8143.60009765625,199100.0,-0.005629033610123568,-0.005644936325841478,-0.01067847929827492,0.00510394809219326
2015-10-13,8121.9501953125,8150.25,8088.60009765625,8131.7001953125,145900.0,-0.0014612581906097155,-0.0014623268695636497,0.0012004506018304707,-0.002658517373658967
2015-10-14,8102.39990234375,8139.2998046875,8096.35009765625,8107.89990234375,138900.0,-0.002926853228365389,-0.002931144839264699,0.0006788112246112459,-0.003603218547781691
2015-10-15,8134.35009765625,8190.5498046875,8129.7998046875,8179.5,167200.0,0.008830905477206663,0.008792141080753622,0.005550523619183669,0.003262274526212891
2015-10-16,8193.650390625,8246.400390625,8147.64990234375,8238.150390625,156400.0,0.007170412693318751,0.007144827515608405,0.005431034749898037,0.001729982349165597
2015-10-19,8262.5498046875,8283.0498046875,8239.2001953125,8275.0498046875,124500.0,0.004479089639404021,0.00446908837067067,0.0015128501849282065,0.0029617587571922075
2015-10-20,8280.2998046875,8294.0498046875,8229.2001953125,8261.650390625,155100.0,-0.0016192547934769097,-0.0016205672034621203,-0.0022522631429290176,0.0006344372691299182
2015-10-21,8258.349609375,8294.400390625,8217.150390625,8251.7001953125,144800.0,-0.001204383487806604,-0.0012051093404612868,-0.0008051746870768813,-0.00039953049256908745
2015-10-23,8308.25,8328.099609375,8280.75,8295.4501953125,152000.0,0.005301937657024025,0.005287931868963474,-0.0015406138100683055,0.006853109462171681
2015-10-26,8333.650390625,8336.2998046875,8252.0498046875,8260.5498046875,133900.0,-0.004207172582956553,-0.004216047634858218,-0.008771736575334985,0.004604957466212712
2015-10-27,8230.349609375,8241.9501953125,8217.0498046875,8232.900390625,156700.0,-0.0033471638954116756,-0.003352778179937369,0.0003099238028837152,-0.0036559546309330054
2015-10-28,8188.89990234375,8209.099609375,8131.7998046875,8171.2001953125,188900.0,-0.007494344931314734,-0.007522568634822207,-0.0021614267169371743,-0.005344469894395225
2015-10-29,8175.4501953125,8179.60009765625,8098.0,8111.75,217500.0,-0.00727557689096936,-0.0073021729802976425,-0.007791643737126958,0.000520119431468349
2015-10-30,8123.5498046875,8146.10009765625,8044.39990234375,8065.7998046875,199500.0,-0.005664646384873739,-0.005680751342262694,-0.007108961154725333,0.0014546558618670448
2015-11-02,8054.5498046875,8060.7001953125,7995.60009765625,8050.7998046875,136100.0,-0.0018597039801661053,-0.0018614353765358403,-0.0004655753693170555,-0.0013947779851245475
2015-11-03,8086.35009765625,8100.35009765625,8031.75,8060.7001953125,132500.0,0.0012297400090901522,0.0012289844981697455,-0.0031719999794696464,0.0044157467371193585
2015-11-04,8104.89990234375,8116.10009765625,8027.2998046875,8040.2001953125,122100.0,-0.0025432033822472278,-0.0025464428174963505,-0.00798278915357614,0.005483358264205539
2015-11-05,8030.35009765625,8031.2001953125,7944.10009765625,7955.4501953125,132100.0,-0.010540782311541208,-0.010596729858654794,-0.00932710298217389,-0.0012251060193740804
2015-11-06,7956.5498046875,8002.64990234375,7926.14990234375,7954.2998046875,219500.0,-0.00014460408861305396,-0.00014461454479229208,-0.0002827858877568316,0.00013822088605971167
2015-11-09,7788.25,7937.75,7771.7001953125,7915.2001953125,211800.0,-0.004915531264230055,-0.004927652224989373,0.01630022088562899,-0.020875477259437242
2015-11-10,7877.60009765625,7885.10009765625,7772.85009765625,7783.35009765625,165200.0,-0.01665783484975325,-0.016798136847989233,-0.011964303700570094,-0.004750365970341134
2015-11-13,7762.4501953125,7775.10009765625,7730.89990234375,7762.25,160900.0,-0.002710927478722036,-0.0027146086971354118,-2.5790221832391488e-05,-0.0026852065089611543
2015-11-16,7732.9501953125,7838.85009765625,7714.14990234375,7806.60009765625,149500.0,0.005713562131630656,0.005697301642988936,0.009524166131109254,-0.003774653571773648
2015-11-17,7848.75,7860.4501953125,7793.0,7837.5498046875,145000.0,0.00396455648349936,0.0039567183391247835,-0.0014270037028189203,0.005399264957405021
2015-11-18,7823.14990234375,7843.39990234375,7725.0498046875,7731.7998046875,143600.0,-0.01349273722468125,-0.013584591382027576,-0.011676894703101915,-0.0018372964386315826
2015-11-19,7788.5,7854.89990234375,7765.4501953125,7842.75,132600.0,0.014349853606560714,0.014247868942778304,0.006965397701739744,0.007333376024315166
2015-11-20,7841.89990234375,7906.9501953125,7817.7998046875,7856.5498046875,151900.0,0.0017595619760288894,0.0017580157603643014,0.00186815727389883,-0.0001083928030665264
2015-11-23,7869.5,7877.5,7825.2001953125,7849.25,127000.0,-0.0009291361817810317,-0.0009295680963622142,-0.002573225744964737,0.0016483310911837468
2015-11-24,7837.0,7870.35009765625,7812.64990234375,7831.60009765625,130600.0,-0.002248610038379506,-0.0022511419581774496,-0.0006890267122304453,-0.0015606586616555723
2015-11-26,7837.14990234375,7897.10009765625,7832.0,7883.7998046875,219800.0,0.006665267171503286,0.006643152490718722,0.005952406541286016,0.0007086425019531935
2015-11-27,7910.60009765625,7959.2998046875,7879.4501953125,7942.7001953125,150300.0,0.0074710662477730505,0.007443296061827621,0.004057858728791082,0.0033994131805344992
2015-11-30,7936.25,7966.0,7922.7998046875,7935.25,216300.0,-0.0009379927643368147,-0.000938432954834984,-0.00012600409513309182,-0.000812090995994873
2015-12-01,7958.14990234375,7972.14990234375,7934.14990234375,7954.89990234375,138600.0,0.0024762801857218797,0.0024732192560477395,-0.00040838637621576395,0.002885845101761129
2015-12-02,7976.7001953125,7979.2998046875,7910.7998046875,7931.35009765625,126300.0,-0.00296041496142041,-0.0029648056574549755,-0.0056853205643732155,0.002740486145190461
2015-12-03,7902.2998046875,7912.2998046875,7853.2998046875,7864.14990234375,125700.0,-0.008472730932953976,-0.008508828559286395,-0.004827696150065095,-0.0036627172689469973
2015-12-04,7817.60009765625,7821.39990234375,7775.7001953125,7781.89990234375,152500.0,-0.010458854551524621,-0.010513932743920033,-0.004566643837819623,-0.005919241782716626
2015-12-07,7816.5498046875,7825.39990234375,7746.0498046875,7765.39990234375,137600.0,-0.0021203048364873966,-0.0021225558652615325,-0.006543795360080218,0.004452627607470787
2015-12-08,7738.5,7771.25,7685.4501953125,7701.7001953125,135100.0,-0.00820301695113268,-0.008236846826399094,-0.004755418322349292,-0.003464071739000986
2015-12-09,7695.5,7702.85009765625,7606.89990234375,7612.5,140000.0,-0.011581883616657795,-0.011649476035916928,-0.010785524007536872,-0.0008050424133977114
2015-12-10,7643.2998046875,7691.9501953125,7610.0,7683.2998046875,140800.0,0.00930046695402309,0.009257483913935133,0.005233341753187374,0.004045951354679803
2015-12-11,7699.60009765625,7703.0498046875,7575.2998046875,7610.4501953125,167800.0,-0.00948155235730297,-0.009526788440796045,-0.0115785107295231,0.0021215224425845474
2015-12-14,7558.2001953125,7663.9501953125,7551.0498046875,7650.0498046875,148900.0,0.005203320218742258,0.0051898297247641055,0.012152312323238535,-0.006865559679003262
2015-12-15,7659.14990234375,7705.0,7625.10009765625,7700.89990234375,134300.0,0.006647028314128445,0.006625034231155874,0.005450996590003314,0.001189547504733106
2015-12-16,7725.25,7776.60009765625,7715.75,7750.89990234375,154300.0,0.006492747683265243,0.006471760590641962,0.003320268255881687,0.0031619808028979972
2015-12-17,7783.0498046875,7852.89990234375,7737.5498046875,7844.35009765625,175900.0,0.012056689737954374,0.011984586823973591,0.007876127547305512,0.004147892857451091
2015-12-18,7828.89990234375,7836.14990234375,7753.35009765625,7761.9501953125,191400.0,-0.010504363180879661,-0.010559923429662535,-0.0085516110649476,-0.0019695953291422115
2015-12-21,7745.64990234375,7840.75,7733.4501953125,7834.4501953125,126300.0,0.009340436124388285,0.009297083993681328,0.01146453739690455,-0.0021000254521851827
2015-12-22,7829.39990234375,7846.2998046875,7776.85009765625,7786.10009765625,125700.0,-0.006171472975241898,-0.006190595230165718,-0.005530411682578392,-0.00064462634171466
2015-12-23,7830.4501953125,7871.4501953125,7826.10009765625,7865.9501953125,117900.0,0.01025546764808305,0.010203237135106905,0.00453358352515302,0.0056960605566322145
2015-12-24,7888.75,7888.75,7835.5,7861.0498046875,93500.0,-0.0006229877514251081,-0.0006231818889286995,-0.003511354183172239,0.00289854424721465
2015-12-28,7863.2001953125,7937.2001953125,7863.0,7925.14990234375,122900.0,0.008154139618607559,0.008121074246974173,0.007878434415059171,0.00027355005736227927
2015-12-29,7929.2001953125,7942.14990234375,7902.75,7928.9501953125,113000.0,0.0004795231655652099,0.0004794082310730862,-3.152903115597867e-05,0.0005110683102097771
2015-12-30,7938.60009765625,7944.75,7889.85009765625,7896.25,106800.0,-0.004124151937772491,-0.004132679706995248,-0.005334706010541231,0.001217046658895008
2015-12-31,7897.7998046875,7955.5498046875,7891.14990234375,7946.35009765625,150900.0,0.006344796283837217,0.006324752800432643,0.0061473187684416165,0.00019627097514643025
2016-01-04,7924.5498046875,7937.5498046875,7781.10009765625,7791.2998046875,134700.0,-0.01951213966956744,-0.019705014523420224,-0.016814835326188556,-0.002743434746875792
2016-01-05,7828.39990234375,7831.2001953125,7763.25,7784.64990234375,145200.0,-0.0008535035886758635,-0.0008538680302466864,-0.00558862609802313,0.004761734060590169
2016-01-06,7788.0498046875,7800.9501953125,7721.2001953125,7741.0,147100.0,-0.005607176031205752,-0.005622955254962513,-0.006041281947013422,0.00043674441193898523
2016-01-07,7673.35009765625,7674.9501953125,7556.60009765625,7568.2998046875,188900.0,-0.022309804329221028,-0.022562432473354942,-0.013690277601283512,-0.008739168368912285
2016-01-08,7611.64990234375,7634.10009765625,7581.0498046875,7601.35009765625,157400.0,0.004366937597831466,0.004357430194614917,-0.0013531632194918113,0.005727851535347568
2016-01-11,7527.4501953125,7605.10009765625,7494.35009765625,7563.85009765625,189000.0,-0.00493333414699082,-0.00494554321070581,0.0048356218107450215,-0.00972194431177901
2016-01-12,7587.2001953125,7588.2998046875,7487.7998046875,7510.2998046875,163900.0,-0.007079766557687717,-0.007104947023205757,-0.010135542577683709,0.0030870650997545956
2016-01-13,7557.89990234375,7590.9501953125,7425.7998046875,7562.39990234375,215200.0,0.006937152844914696,0.00691320150571891,0.0005954034927883238,0.006337975699257803
2016-01-14,7467.39990234375,7604.7998046875,7443.7998046875,7536.7998046875,200800.0,-0.003385181686611949,-0.0033909243778356985,0.009293717123944018,-0.012562149744363222
2016-01-15,7561.64990234375,7566.5,7427.2998046875,7437.7998046875,197500.0,-0.013135548583687595,-0.013222582904531205,-0.01637871354211498,0.003297168334071249
2016-01-18,7420.35009765625,7463.64990234375,7336.39990234375,7351.0,233600.0,-0.01167009155487031,-0.01173872154132596,-0.009345933378285551,-0.0023460845262671267
2016-01-19,7381.7998046875,7462.75,7364.14990234375,7435.10009765625,188300.0,0.011440633608522655,0.011375684463334866,0.007220501013168076,0.004189879565705346
2016-01-20,7357.0,7470.89990234375,7241.5,7309.2998046875,225600.0,-0.01691978471256972,-0.017064559633827973,-0.006483647589030855,-0.010504242932905411
2016-01-21,7376.64990234375,7398.7001953125,7250.0,7276.7998046875,240700.0,-0.004446390334017725,-0.004456304927870771,-0.013535968085529594,0.009214302252735338
2016-01-22,7355.7001953125,7433.39990234375,7327.60009765625,7422.4501953125,229200.0,0.020015720445019758,0.019818039378412727,0.009074594970922981,0.010842732072163741
2016-01-25,7468.75,7487.14990234375,7421.2001953125,7436.14990234375,163200.0,0.0018457122204607046,0.0018440109866640082,-0.0043648666317991636,0.006237806043715823
2016-01-27,7469.60009765625,7477.89990234375,7419.7001953125,7437.75,187600.0,0.00021517824106065397,0.00021515509354344282,-0.0042639628949137,0.0044983218132755845
2016-01-28,7426.5,7468.85009765625,7409.60009765625,7424.64990234375,274500.0,-0.001761298464757477,-0.0017628513745914778,-0.0002491210740254494,-0.0015125541998588282
2016-01-29,7413.35009765625,7575.64990234375,7402.7998046875,7563.5498046875,298700.0,0.018707939656508632,0.018535098493895702,0.020260706030696705,-0.0015219309780428805
2016-02-01,7589.5,7600.4501953125,7541.25,7555.9501953125,200400.0,-0.0010047675458274563,-0.001005272663116682,-0.004420555331378879,0.00343095450980139
2016-02-02,7566.64990234375,7576.2998046875,7428.0498046875,7455.5498046875,230200.0,-0.013287592960483763,-0.013376662920665904,-0.014682864819982887,0.001416063731850403
2016-02-03,7392.4501953125,7419.39990234375,7350.2998046875,7361.7998046875,192000.0,-0.01257452534768888,-0.012654253761286621,-0.004146174788493698,-0.00846344146682886
2016-02-04,7411.4501953125,7457.0498046875,7365.9501953125,7404.0,222700.0,0.005732320415128722,0.00571595318480905,-0.0010052277376446522,0.006744327738087358
2016-02-05,7418.25,7503.14990234375,7406.64990234375,7489.10009765625,249800.0,0.011493800331746407,0.011428248424226505,0.00955078322464867,0.0019246353322528362
2016-02-08,7489.7001953125,7512.5498046875,7363.2001953125,7387.25,171500.0,-0.013599777854234385,-0.013693101923425259,-0.013678811252901608,8.012947462643789e-05
2016-02-09,7303.9501953125,7323.4501953125,7275.14990234375,7298.2001953125,212100.0,-0.012054527014450533,-0.012127772043135017,-0.0007872452366515604,-0.011276158880165149
2016-02-10,7264.2998046875,7271.85009765625,7177.75,7215.7001953125,246900.0,-0.011304156886925099,-0.011368534484495037,-0.006690198736516862,-0.0046450343533702455
2016-02-11,7203.60009765625,7208.64990234375,6959.9501953125,6976.35009765625,292300.0,-0.03317073758299127,-0.03373336331978199,-0.031546726209015635,-0.0016769124726260837
2016-02-12,7023.64990234375,7034.7998046875,6869.0,6980.9501953125,333900.0,0.0006593845767279838,0.0006591672782349067,-0.006079418482547281,0.006780021648195476
2016-02-15,7057.35009765625,7182.7998046875,7056.7998046875,7162.9501953125,354200.0,0.02607094949942601,0.02573689591661371,0.014963137182512718,0.010944054921785613
2016-02-16,7201.25,7204.64990234375,7037.7001953125,7048.25,253800.0,-0.016012982386442,-0.01614257549907488,-0.021246311404270093,0.005346931591478012
2016-02-17,7058.85009765625,7123.7001953125,6960.64990234375,7108.4501953125,260000.0,0.008541154940942874,0.008504885651830765,0.007026654054138183,0.0015039332680097898
2016-02-18,7177.39990234375,7215.10009765625,7127.85009765625,7191.75,246700.0,0.011718419964794835,0.011650291007518507,0.001999344867430897,0.009699682087766087
2016-02-19,7170.5498046875,7226.85009765625,7145.9501953125,7210.75,192300.0,0.0026419160844022294,0.002638432358562314,0.005606291903337803,-0.002947849315187541
2016-02-22,7208.85009765625,7252.39990234375,7200.7001953125,7234.5498046875,154400.0,0.0033006004489823937,0.0032951654232690796,0.0035650217001468127,-0.0002634819323579378
2016-02-23,7240.2998046875,7241.7001953125,7090.7001953125,7109.5498046875,194400.0,-0.017278200216274464,-0.017429210300505937,-0.01805864446598608,0.0007947972099486257
2016-02-24,7075.0,7090.7998046875,7009.75,7018.7001953125,199700.0,-0.012778531956425754,-0.0128608796700014,-0.007957569567137808,-0.004859633259017395
2016-02-25,7029.85009765625,7034.2001953125,6961.39990234375,6970.60009765625,283100.0,-0.006853134671341854,-0.006876725240095017,-0.008428344726689681,0.0015885993180327833
2016-02-26,7039.2998046875,7052.89990234375,6985.10009765625,7029.75,206700.0,0.008485625558068977,0.008449825021575584,-0.001356641278602844,0.00985563740119723
2016-02-29,7050.4501953125,7094.60009765625,6825.7998046875,6987.0498046875,473400.0,-0.006074212498666354,-0.006092735574228962,-0.008992388977820428,0.002944655971051602
2016-03-01,7038.25,7235.5,7035.10009765625,7222.2998046875,275100.0,0.03366943224623564,0.03311502695088197,0.026149938505665472,0.00732787038073646
2016-03-02,7321.7001953125,7380.35009765625,7308.14990234375,7368.85009765625,338500.0,0.020291361052837242,0.02008823459754814,0.006439747747925587,0.013762983165069666
2016-03-03,7429.5498046875,7483.9501953125,7406.0498046875,7475.60009765625,278600.0,0.014486656477644022,0.014382727390574045,0.00619826156084123,0.008237337742907304
2016-03-04,7505.39990234375,7505.89990234375,7444.10009765625,7485.35009765625,281700.0,0.0013042431206367056,0.0013033933343828406,-0.0026713839300206966,0.003986275924101777
2016-03-08,7486.39990234375,7527.14990234375,7442.14990234375,7485.2998046875,257000.0,-6.71885323921817e-06,-6.718875810813698e-06,-0.00014694615176856835,0.00014024790741968182
2016-03-09,7436.10009765625,7539.0,7424.2998046875,7531.7998046875,245100.0,0.006212176026787919,0.006192960002448895,0.012869609845813285,-0.006572843882677858
2016-03-10,7545.35009765625,7547.10009765625,7447.39990234375,7486.14990234375,224700.0,-0.006060955352974129,-0.006079397498643517,-0.007845917624271519,0.0017990776866263524
2016-03-11,7484.85009765625,7543.9501953125,7460.60009765625,7510.2001953125,198700.0,0.0032126384433233124,0.0032074889464729544,0.0033868544226674548,-0.00017362792683233067
2016-03-14,7542.60009765625,7583.7001953125,7515.0498046875,7538.75,166900.0,0.0038014705260878134,0.0037942631968658764,-0.0005104470085118739,0.0043141196640766565
2016-03-15,7535.85009765625,7545.2001953125,7452.7998046875,7460.60009765625,193700.0,-0.010366427105786724,-0.010420532757604035,-0.009985602025629963,-0.0003846662037804676
2016-03-16,7457.0498046875,7508.0,7405.14990234375,7498.75,195400.0,0.005113516586384925,0.005100486959710426,0.005592049993589592,-0.0004758723054818775
2016-03-17,7557.39990234375,7585.2998046875,7479.39990234375,7512.5498046875,239600.0,0.0018402806717785491,0.0018385894298917032,-0.005934593674517713,0.007821290527587932
2016-03-18,7534.64990234375,7613.60009765625,7517.89990234375,7604.35009765625,237400.0,0.012219591930221929,0.012145535400108631,0.009250621623550002,0.002941757223687291
2016-03-21,7619.2001953125,7713.5498046875,7617.7001953125,7704.25,196800.0,0.013137204502793765,0.013051659829120443,0.011162563327818124,0.0019528424474863375
2016-03-22,7695.5498046875,7728.2001953125,7643.7998046875,7714.89990234375,208900.0,0.001382341219943628,0.0013813866658977931,0.0025144529172514097,-0.001129272195541422
2016-03-23,7717.4501953125,7726.85009765625,7670.60009765625,7716.5,199600.0,0.00020740355370829633,0.000207382048564695,-0.00012312296010373204,0.0003305672142259724
2016-03-28,7741.0,7749.39990234375,7587.7001953125,7615.10009765625,242400.0,-0.013140659929210097,-0.013227762297457975,-0.01626403595707919,0.003175014579148578
2016-03-29,7606.5498046875,7652.89990234375,7582.25,7597.0,216800.0,-0.0023768693023248355,-0.0023796985402065656,-0.0012554712626235587,-0.0011228076924926543
2016-03-30,7651.10009765625,7741.9501953125,7643.4501953125,7735.2001953125,232600.0,0.01819141704784788,0.018027932915947852,0.010991896143407176,0.007121244919869685
2016-03-31,7727.64990234375,7777.60009765625,7702.0,7738.39990234375,380100.0,0.00041365536126503066,0.0004135698294723892,0.0013911085693387312,-0.0009760953534629197
2016-04-01,7718.0498046875,7740.14990234375,7666.10009765625,7713.0498046875,183900.0,-0.0032758836421172832,-0.0032812610960895605,-0.0006478320465052308,-0.0026297552353279794
2016-04-04,7733.14990234375,7764.4501953125,7704.39990234375,7758.7998046875,155500.0,0.005931505845093277,0.005913983718554631,0.003316876391595108,0.002605985720983474
2016-04-05,7736.2998046875,7736.2998046875,7588.64990234375,7603.2001953125,203800.0,-0.02005459778469787,-0.020258420894693874,-0.01720455679527229,-0.0028999330523268
2016-04-06,7636.0498046875,7638.64990234375,7591.75,7614.35009765625,165600.0,0.0014664749128432408,0.0014654006885952725,-0.0028417450889240297,0.004320497755044295
2016-04-07,7630.39990234375,7630.75,7535.85009765625,7546.4501953125,234400.0,-0.00891736017820488,-0.008957357794121351,-0.011002006199631037,0.0021078364511293276
2016-04-08,7542.35009765625,7569.35009765625,7526.7001953125,7555.2001953125,143400.0,0.0011594855559287076,0.001158813871706803,0.0017037259593986637,-0.0005433147440364461
2016-04-11,7577.7998046875,7678.7998046875,7516.85009765625,7671.39990234375,179800.0,0.015380096361092388,0.015263021567415073,0.012351883141377073,0.0029912654583291592
2016-04-12,7669.25,7717.39990234375,7663.35009765625,7708.9501953125,163400.0,0.004894842329530746,0.0048829015384887434,0.0051765420754963,-0.00028024902509555865
2016-04-13,7777.14990234375,7864.7998046875,7772.2001953125,7850.4501953125,220400.0,0.018355287868643932,0.018188863004861715,0.00942508423897808,0.008846821590924207
2016-04-18,7908.14990234375,7920.60009765625,7842.75,7914.7001953125,184600.0,0.008184244011682829,0.008150934704248517,0.000828296510516155,0.007349859638075593
2016-04-20,7950.0498046875,7950.39990234375,7877.5498046875,7914.75,205300.0,6.292681500319475e-06,6.292661701482301e-06,-0.0044401991880210065,0.004466323234319841
2016-04-21,7953.64990234375,7978.4501953125,7884.10009765625,7912.0498046875,223700.0,-0.0003411598992387743,-0.00034121810751646184,-0.005230315410789133,0.004914861788906788
2016-04-22,7891.7998046875,7923.35009765625,7873.35009765625,7899.2998046875,183300.0,-0.0016114660947212922,-0.0016127659027939515,0.0009503535550338235,-0.0025593873269102617
2016-04-25,7894.7998046875,7911.0,7827.0,7855.0498046875,146300.0,-0.005601762319964343,-0.005617511031739854,-0.005034959844884049,-0.0005696707444031518
2016-04-26,7828.14990234375,7974.5,7822.5498046875,7962.64990234375,202400.0,0.013698206928241197,0.013605234565983467,0.01718158206956802,-0.0034245361916989355
2016-04-27,7942.0,7991.0,7940.5498046875,7979.89990234375,206800.0,0.0021663642394880167,0.002164021055994669,0.004772085412207252,-0.0025933455064590803
2016-04-28,7967.39990234375,7992.0,7834.4501953125,7847.25,292500.0,-0.016623003291656557,-0.016762715869970777,-0.015080189750285512,-0.0015664356887896134
2016-04-29,7844.25,7889.0498046875,7788.7001953125,7849.7998046875,243700.0,0.00032492971263820003,0.0003248769344116223,0.0007074997211333142,-0.0003822995316830737
2016-05-02,7822.7001953125,7829.7998046875,7777.2998046875,7805.89990234375,146300.0,-0.005592486870497626,-0.005608183374211703,-0.002147633496016763,-0.0034522675799728672
2016-05-03,7824.7998046875,7890.25,7735.14990234375,7747.0,186500.0,-0.0075455620851691,-0.007574173857563739,-0.009942721427951868,0.002421232987893585
2016-05-04,7724.14990234375,7749.0,7697.25,7706.5498046875,199700.0,-0.0052214012278947175,-0.005235080380291306,-0.0022785805400940724,-0.0029495414555634437
2016-05-05,7731.0,7777.5498046875,7706.85009765625,7735.5,185100.0,0.003756570196288278,0.003749531907512104,0.0005820721769499418,0.003172651307285161
2016-05-06,7717.64990234375,7738.89990234375,7678.35009765625,7733.4501953125,163600.0,-0.00026498670900398924,-0.00026502182418547155,0.0020472933041380454,-0.0023075557696658265
2016-05-09,7755.25,7873.64990234375,7753.5498046875,7866.0498046875,160600.0,0.01714624210748439,0.017000904277695215,0.014287070653750684,0.002818897663647408
2016-05-10,7873.5498046875,7896.89990234375,7837.7001953125,7887.7998046875,162000.0,0.002765047328716186,0.0027612316174809364,0.0018098570979402828,0.000953464596109045
2016-05-11,7804.64990234375,7893.10009765625,7780.89990234375,7848.85009765625,214100.0,-0.00493796850778383,-0.004950200558543867,0.005663315570276458,-0.01054158376260213
2016-05-12,7871.4501953125,7916.0498046875,7849.64990234375,7900.39990234375,152700.0,0.006567816182767139,0.006546342052207653,0.0036778111164941043,0.0028794151213307833
2016-05-13,7881.0,7881.0,7784.2001953125,7814.89990234375,179500.0,-0.010822236982540034,-0.010881223351540733,-0.008387272891289177,-0.002455559539206969
2016-05-16,7831.2001953125,7873.89990234375,7772.14990234375,7860.75,205200.0,0.005867010227795566,0.005849866346159204,0.0037733430317855423,0.0020857967693049292
2016-05-17,7896.85009765625,7940.10009765625,7879.7001953125,7890.75,183400.0,0.003816429729987636,0.0038091656381104887,-0.0007724722618275966,0.0045924495316922685
2016-05-18,7846.75,7882.0498046875,7810.75,7870.14990234375,156400.0,-0.002610664088489645,-0.002614077814670393,0.0029821139126071303,-0.005576149288724139
2016-05-19,7875.5,7876.2001953125,7766.7998046875,7783.39990234375,170400.0,-0.011022661712474568,-0.011083861385826453,-0.01169450798758809,0.0006797961566979465
2016-05-20,7792.2001953125,7812.39990234375,7735.75,7749.7001953125,157000.0,-0.0043296897826234915,-0.004339090032687426,-0.005454171984129262,0.0011306489553620444
2016-05-23,7813.9501953125,7820.60009765625,7722.2001953125,7731.0498046875,172000.0,-0.0024065951139995434,-0.0024094956185153732,-0.01060928065227892,0.008290643299835313
2016-05-24,7738.0498046875,7761.5498046875,7715.7998046875,7748.85009765625,147000.0,0.002302441895789764,0.0022997953380331686,0.001395738363199404,0.0009054397755600735
2016-05-25,7811.7998046875,7941.2001953125,7809.2998046875,7934.89990234375,176200.0,0.024009988881288802,0.023726281336622208,0.01575822483090047,0.008123748199786448
2016-05-26,7974.4501953125,8083.0,7948.5,8069.64990234375,264300.0,0.016981940750153468,0.016839359534278495,0.011938090363547546,0.004984346804055831
2016-05-27,8081.9501953125,8164.2001953125,8077.0498046875,8156.64990234375,260900.0,0.010781136858828422,0.010723434761836886,0.009242782401031813,0.001524265998848042
2016-05-30,8166.5,8200.0,8150.7998046875,8178.5,247400.0,0.0026788078338353394,0.002675226223002301,0.0014694177432192494,0.0012076155988280986
2016-05-31,8209.849609375,8213.599609375,8134.2998046875,8160.10009765625,471000.0,-0.0022497893677019265,-0.0022523239460265896,-0.0060597348411766255,0.003833173488414746
2016-06-01,8179.2001953125,8215.349609375,8171.0498046875,8179.9501953125,194400.0,0.0024325801667495206,0.0024296262330994575,9.16960072000469e-05,0.002340669529499515
2016-06-02,8156.89990234375,8229.5,8154.75,8218.9501953125,181700.0,0.00476775519028827,0.004756425442880727,0.007607092610137447,-0.002817901383062077
2016-06-03,8246.2001953125,8262.0,8209.849609375,8220.7998046875,379000.0,0.00022504204686080165,0.00022501672869773692,-0.003080253937982089,0.0033155085932436296
2016-06-06,8228.75,8234.7001953125,8186.0498046875,8201.0498046875,171600.0,-0.002402442641741276,-0.0024053331374929024,-0.0033662701276013975,0.0009670829482998478
2016-06-07,8235.5498046875,8294.9501953125,8216.400390625,8266.4501953125,241900.0,0.007974636440766236,0.007943007071457264,0.0037520737968717226,0.0042067785005135225
2016-06-08,8285.5,8288.900390625,8252.0498046875,8273.0498046875,174300.0,0.0007983607496653278,0.0007980422292402209,-0.0015026486406976042,0.002304472202385277
2016-06-09,8273.349609375,8273.349609375,8184.60009765625,8203.599609375,174900.0,-0.0083947512649023,-0.008430185637149968,-0.008430684461945417,3.6238714207924993e-05
2016-06-10,8180.25,8265.599609375,8162.85009765625,8170.0498046875,182200.0,-0.004089644337244347,-0.004098029802836798,-0.001246929533021607,-0.0028462638947318046
2016-06-13,8102.25,8125.25,8063.89990234375,8110.60009765625,169700.0,-0.007276541569812833,-0.007303144729646939,0.001030589978863896,-0.008298579116200785
2016-06-14,8134.39990234375,8134.9501953125,8069.5,8108.85009765625,145500.0,-0.00021576701833758705,-0.00021579029938960387,-0.0031409575376468006,0.0029344073682510273
2016-06-15,8139.39990234375,8213.2001953125,8123.14990234375,8206.599609375,169800.0,0.012054669964487674,0.011982591110193301,0.008256100921137904,0.0037674644764157123
2016-06-16,8180.64990234375,8180.64990234375,8074.4501953125,8140.75,189200.0,-0.008023982222768011,-0.008056347617289792,-0.004877351166478682,-0.003162053501623955
2016-06-17,8176.64990234375,8195.25,8135.7998046875,8170.2001953125,166600.0,0.003617626792678852,0.0036110989197415846,-0.0007887957914648223,0.00440990109556859
2016-06-20,8115.75,8244.150390625,8107.35009765625,8238.5,168600.0,0.008359624373303065,0.008324876233428225,0.015124911437636694,-0.006664487284380104
2016-06-21,8255.400390625,8257.25,8202.150390625,8219.900390625,137000.0,-0.002257645126540031,-0.0022601974495153427,-0.004300215412969493,0.0020513917126904167
2016-06-22,8213.650390625,8238.349609375,8153.25,8203.7001953125,136100.0,-0.0019708505629796313,-0.001972795244488282,-0.0012114218209064607,-0.0007603498464687333
2016-06-23,8201.150390625,8285.599609375,8188.2998046875,8270.4501953125,154100.0,0.008136572328440339,0.00810364889252149,0.008450010228652658,-0.0003108115395241929
2016-06-24,8029.10009765625,8100.7001953125,7927.0498046875,8088.60009765625,297600.0,-0.021987932139331257,-0.02223326969761141,0.00741054405553724,-0.029182220067420474
2016-06-27,8039.35009765625,8120.64990234375,8039.35009765625,8094.7001953125,162500.0,0.0007541598771854119,0.0007538756415223447,0.006884897035692783,-0.006088816285313779
2016-06-28,8096.0498046875,8146.35009765625,8086.85009765625,8127.85009765625,170400.0,0.004095260052119798,0.004086897298664459,0.003927877636120528,0.0001667275306603122
2016-06-29,8173.10009765625,8212.400390625,8157.64990234375,8204.0,147000.0,0.009369009200318468,0.009325392253691965,0.003780683213779674,0.005567277872539542
2016-06-30,8260.25,8308.150390625,8242.099609375,8287.75,279400.0,0.010208434909800168,0.010156680759383653,0.0033291970582004175,0.006856411506582155
2016-07-01,8313.0498046875,8356.75,8308.650390625,8328.349609375,165500.0,0.00489874928358125,0.004886789454209853,0.001840456276211994,0.003052674693071099
2016-07-04,8376.75,8398.4501953125,8364.7001953125,8370.7001953125,154200.0,0.005085111447510116,0.005072225932684971,-0.0007222138284537559,0.005811522437832939
2016-07-05,8379.2998046875,8381.4501953125,8319.9501953125,8335.9501953125,139000.0,-0.0041513850919495665,-0.00416002601386157,-0.005173416679845924,0.0010273464793083482
2016-07-07,8342.0,8361.9501953125,8317.7001953125,8337.900390625,155500.0,0.00023394997172565546,0.0002339226096985007,-0.0004914420252936946,0.0007257486604108968
2016-07-08,8350.0,8353.2998046875,8287.5498046875,8323.2001953125,137900.0,-0.0017630571995113087,-0.0017646132140196943,-0.0032095574476047905,0.0014511578224902523
2016-07-11,8413.349609375,8475.25,8407.0498046875,8467.900390625,149800.0,0.017385163388715874,0.01723577043083921,0.0064838362581787915,0.010831100051308483
2016-07-12,8502.599609375,8526.599609375,8479.2001953125,8521.0498046875,183600.0,0.006276575256050743,0.006256959594241648,0.002169947564290425,0.004097735819898906
2016-07-13,8540.4501953125,8550.25,8493.5498046875,8519.5,195500.0,-0.00018187954806314632,-0.0001818960901539572,-0.0024530551473736944,0.0022767606186655178
2016-07-14,8515.75,8571.400390625,8500.7001953125,8565.0,153900.0,0.005340689007570898,0.005326478102926448,0.005783401344567419,-0.0004401666764481484
2016-07-15,8565.4501953125,8594.7998046875,8510.0498046875,8541.400390625,221700.0,-0.0027553542761237226,-0.0027591572520208334,-0.00280776890170483,5.256220811441915e-05
2016-07-18,8564.0498046875,8587.099609375,8494.349609375,8508.7001953125,164300.0,-0.003828434895569499,-0.0038357821106622886,-0.006463018155815092,0.0026517213836925253
2016-07-19,8514.2998046875,8540.0498046875,8476.7001953125,8528.5498046875,167900.0,0.0023328603569714446,0.0023301434628515147,0.0016736549483675385,0.0006581039696386133
2016-07-20,8515.4501953125,8569.900390625,8512.5498046875,8565.849609375,160300.0,0.004373522526303297,0.004363986470652139,0.005918584796637454,-0.001535971492808793
2016-07-21,8582.7001953125,8585.25,8503.4501953125,8510.099609375,150000.0,-0.006508402848794281,-0.00652967485068765,-0.008458944654405068,0.0019671820900354904
2016-07-22,8519.650390625,8548.9501953125,8489.7998046875,8541.2001953125,143200.0,0.003654550165692383,0.0036478885225085054,0.002529423591279443,0.0011222878330917011
2016-07-25,8519.9501953125,8641.150390625,8517.2001953125,8635.650390625,150000.0,0.011058187743255843,0.010997493024321226,0.013579914513603126,-0.0024879407476787892
2016-07-26,8633.75,8644.900390625,8577.150390625,8590.650390625,154800.0,-0.005210956669673972,-0.005224581055714631,-0.004991991819892862,-0.00022006340449621424
2016-07-27,8599.400390625,8665.0,8572.0498046875,8615.7998046875,184100.0,0.0029275331807177007,0.0029232563005614403,0.0019070415747100826,0.0010185491903557033
2016-07-28,8636.9501953125,8674.7001953125,8625.25,8666.2998046875,233500.0,0.005861324676151858,0.005844213941164874,0.0033981450293564044,0.0024548377520904035
2016-07-29,8668.2998046875,8670.349609375,8631.150390625,8638.5,157000.0,-0.003207805558776422,-0.0032129615963578163,-0.00343779118846182,0.00023077899969698988
2016-08-01,8654.2998046875,8711.2998046875,8590.5,8636.5498046875,188400.0,-0.00022575624385023918,-0.00022578173062699604,-0.0020510035936571,0.0018289986325750998
2016-08-02,8647.4501953125,8687.2001953125,8611.400390625,8622.900390625,169400.0,-0.001580424402241265,-0.0015816745902789463,-0.0028389645656250956,0.0012621232866721612
2016-08-03,8635.2001953125,8635.4501953125,8529.599609375,8544.849609375,163000.0,-0.009051569392458547,-0.009092783738205783,-0.010463056315306456,0.0014264115471950259
2016-08-04,8599.9501953125,8601.400390625,8518.150390625,8551.099609375,164700.0,0.0007314347572768831,0.0007311673892417124,-0.005680333586597579,0.006448397392160802
2016-08-05,8600.2001953125,8689.400390625,8590.150390625,8683.150390625,157900.0,0.015442549763450941,0.015324527088340225,0.009645147023171813,0.005742020112088107
2016-08-08,8712.849609375,8723.5,8697.599609375,8711.349609375,172600.0,0.0032475792173825013,0.003242317221417232,-0.0001721595192445425,0.0034203275785785734
2016-08-09,8727.7998046875,8728.349609375,8638.2001953125,8678.25,200100.0,-0.003799596028080332,-0.0038068328301676924,-0.005677238914312395,0.0018883635774181984
2016-08-10,8686.7001953125,8690.099609375,8564.599609375,8575.2998046875,173600.0,-0.011863013316336768,-0.0119339403558223,-0.012824247196318996,0.0009737211203295596
2016-08-11,8572.7998046875,8601.150390625,8540.0498046875,8592.150390625,189200.0,0.00196501420606765,0.001963086091088332,0.0022572072576475355,-0.0002915349966695543
2016-08-16,8670.25,8682.349609375,8600.4501953125,8642.5498046875,224800.0,0.0058657509204553815,0.0058486143833095606,-0.0031948554323693087,0.0090896464591932
2016-08-17,8639.7998046875,8667.099609375,8603.599609375,8624.0498046875,174100.0,-0.0021405719860551065,-0.0021428662849281455,-0.0018229589059985951,-0.00031819313306224393
2016-08-18,8648.849609375,8690.7001953125,8645.0498046875,8673.25,164300.0,0.0057049989769026865,0.005688787100174632,0.0028212296116874288,0.002875656478006465
2016-08-19,8694.2998046875,8696.599609375,8647.099609375,8666.900390625,191900.0,-0.0007320911278931863,-0.0007323592374647016,-0.003151422734206578,0.002426980046407056
2016-08-22,8667.0,8684.849609375,8614.0,8629.150390625,152300.0,-0.0043556517669032235,-0.004365165253066113,-0.004367094655013269,1.1493079475996703e-05
2016-08-23,8628.349609375,8642.150390625,8580.0,8632.599609375,187500.0,0.0003997170745508871,0.0003996372089627608,0.0004925623314315206,-9.279954731928137e-05
2016-08-24,8648.5,8661.0498046875,8620.900390625,8650.2998046875,149600.0,0.0020503899304304962,0.0020482907499330422,0.00020810599381395617,0.001841900626056163
2016-08-25,8668.849609375,8683.0498046875,8583.650390625,8592.2001953125,213100.0,-0.006716485056797228,-0.006739142150229588,-0.00884193607184128,0.0021444117667977322
2016-08-26,8614.349609375,8622.9501953125,8547.5498046875,8572.5498046875,147500.0,-0.0022870033493540554,-0.0022896225356679534,-0.004852345978854777,0.0025778512556753133
2016-08-29,8583.75,8622.0,8543.75,8607.4501953125,129700.0,0.004071179686342186,0.00406291485846204,0.00276105377166157,0.0013065185467194013
2016-08-30,8646.75,8750.599609375,8642.25,8744.349609375,150200.0,0.015904758198549196,0.015779602831678955,0.011287432778211468,0.004565789379635579
2016-08-31,8754.0498046875,8819.2001953125,8754.0498046875,8786.2001953125,362200.0,0.00478601471887985,0.0047745981624819625,0.0036726305358446266,0.0011093100968996273
2016-09-01,8793.599609375,8813.25,8759.9501953125,8774.650390625,238900.0,-0.0013145392127147382,-0.0013154039773133465,-0.0021548875991349355,0.0008421631533558318
2016-09-02,8796.349609375,8824.099609375,8768.2001953125,8809.650390625,191500.0,0.0039887629069979,0.00398082888319566,0.001512079651293561,0.002472943967452407
2016-09-06,8852.7001953125,8950.849609375,8848.4501953125,8943.0,195600.0,0.015136765190694401,0.015023347446829987,0.010200255593803312,0.004886664371302689
2016-09-07,8968.7001953125,8968.7001953125,8913.349609375,8917.9501953125,290100.0,-0.002801051625573092,-0.0028049819116828943,-0.0056585680081629374,0.002873777849994409
2016-09-08,8915.5,8960.349609375,8896.0,8952.5,217200.0,0.0038741867728371293,0.0038667014380895045,0.004150075710840671,-0.0002747487100553538
2016-09-09,8934.2998046875,8939.150390625,8858.7001953125,8866.7001953125,175900.0,-0.009583893290980194,-0.009630114351834806,-0.007566301876229065,-0.0020329735060039093
2016-09-12,8732.9501953125,8746.9501953125,8699.400390625,8715.599609375,184500.0,-0.017041355026008564,-0.01718822993969123,-0.0019867954756930943,-0.015084529425130302
2016-09-14,8710.650390625,8739.849609375,8688.900390625,8726.599609375,184300.0,0.0012621047883116798,0.0012613090035687876,0.0018310020532066864,-0.000567857516616107
2016-09-15,8743.849609375,8751.9501953125,8704.349609375,8742.5498046875,145400.0,0.001827767518446155,0.0018260991839711186,-0.00014865359602095313,0.001976714960254198
2016-09-16,8780.849609375,8847.650390625,8750.5,8779.849609375,265800.0,0.004266467508998506,0.0042573919410826295,-0.00011388419623225703,0.0043808506148818
2016-09-19,8788.4501953125,8824.2998046875,8774.2001953125,8808.400390625,131700.0,0.003251853109136782,0.003246577269225301,0.0022700470354990285,0.0009795823755701255
2016-09-20,8816.099609375,8816.4501953125,8759.2998046875,8775.900390625,136500.0,-0.0036896597064991488,-0.0036964832905136196,-0.004559750970514482,0.0008740768367199192
2016-09-21,8790.2998046875,8826.849609375,8757.2998046875,8777.150390625,148800.0,0.0001424355273373923,0.00014242538436080372,-0.0014959005215599093,0.0016407905082745026
2016-09-22,8873.349609375,8893.349609375,8837.7998046875,8867.4501953125,172800.0,0.010288054854791007,0.01023549301709891,-0.0006648463457663232,0.010960188041525614
2016-09-23,8880.75,8885.2001953125,8820.2998046875,8831.5498046875,185900.0,-0.00404855847332275,-0.004056776073300545,-0.00554009462179433,0.0014998454340945187
2016-09-26,8807.900390625,8809.5498046875,8715.099609375,8723.0498046875,164000.0,-0.012285499419638857,-0.01236159001721051,-0.009633463387916343,-0.002677832836310073
2016-09-27,8748.900390625,8768.5,8690.5,8706.400390625,151400.0,-0.0019086689214536934,-0.0019104927510736648,-0.004857753329268835,0.002963480263933457
2016-09-28,8711.2001953125,8767.0498046875,8703.150390625,8745.150390625,165500.0,0.004450748674702076,0.004440873383603119,0.003897303993859378,0.0005512961123024391
2016-09-29,8792.7001953125,8800.650390625,8558.25,8591.25,372900.0,-0.0175983698107679,-0.01775506219605918,-0.02291107291704267,0.005437276955062371
2016-09-30,8581.5,8637.150390625,8555.2001953125,8611.150390625,181700.0,0.002316355667103087,0.002313677050935853,0.003455152435471654,-0.0011348756001745963
2016-10-03,8666.150390625,8745.2001953125,8635.0,8738.099609375,137300.0,0.014742422671912614,0.014634809521912494,0.008302327504936254,0.006387067639636018
2016-10-04,8770.0,8783.650390625,8736.099609375,8769.150390625,184300.0,0.0035534936242527237,0.0035471948830647004,-9.687678164196124e-05,0.003650724076293942
2016-10-05,8806.349609375,8806.9501953125,8731.400390625,8743.9501953125,157200.0,-0.0028737328235858284,-0.002877869921600413,-0.007085729823407338,0.004242055055843182
2016-10-06,8768.7001953125,8781.150390625,8684.650390625,8709.5498046875,163600.0,-0.003934193340149772,-0.00394195263650275,-0.006745628121328647,0.0028305284736489123
2016-10-07,8721.7001953125,8723.7001953125,8663.7998046875,8697.599609375,150400.0,-0.0013720795655899343,-0.0013730217286708416,-0.0027632898858932255,0.0013950652901095566
2016-10-10,8735.349609375,8745.7998046875,8703.9501953125,8708.7998046875,108400.0,0.0012877340663539627,0.0012869056479532695,-0.003039352272633264,0.004340277972707538
2016-10-13,8671.5,8681.5498046875,8541.349609375,8573.349609375,212300.0,-0.015553256286772621,-0.015675477121613476,-0.01131873270195468,-0.00428300173663694
2016-10-14,8594.0,8604.4501953125,8549.7998046875,8583.400390625,162800.0,0.0011723284023095193,0.001171641761961016,-0.0012333732109611358,0.0024086724052893743
2016-10-17,8612.9501953125,8615.400390625,8506.150390625,8520.400390625,197400.0,-0.007339748483457642,-0.007366816969274471,-0.010745424342273473,0.003442668795897605
2016-10-18,8556.0498046875,8685.099609375,8555.900390625,8677.900390625,216600.0,0.01848504680288232,0.018316274989203487,0.014241453558480128,0.004184006904385041
2016-10-19,8697.5,8698.75,8636.7001953125,8659.099609375,172100.0,-0.002166512682066579,-0.0021688629658940845,-0.004415106711698764,0.0022585658388259507
2016-10-20,8693.349609375,8727.0,8678.2998046875,8699.400390625,161000.0,0.004654153788272275,0.004643356702434108,0.0006960241474097365,0.00395537660323463
2016-10-21,8708.599609375,8709.099609375,8652.0498046875,8693.0498046875,157300.0,-0.0007300027188475999,-0.0007302693005771827,-0.0017855689071708258,0.0010574543459240747
2016-10-24,8709.849609375,8736.9501953125,8684.150390625,8708.9501953125,157100.0,0.0018290923188344355,0.001827421566475664,-0.00010326401750173733,0.0019325558998225393
2016-10-25,8721.7001953125,8722.650390625,8663.4501953125,8691.2998046875,189800.0,-0.0020266955521803798,-0.0020287520787162444,-0.0034856037176488556,0.0014640111280992917
2016-10-26,8657.2998046875,8657.2998046875,8596.599609375,8615.25,219300.0,-0.008750107164233856,-0.008788614143283245,-0.004857150108713125,-0.0039119580228566845
2016-10-27,8607.099609375,8624.849609375,8550.25,8615.25,242800.0,0.0,0.0,0.0009469381086425972,-0.0009460422651693219
2016-10-28,8625.0,8653.75,8581.75,8638.0,175500.0,0.0026406662604103737,0.0026371858270232084,0.0015072463768115941,0.0011317141116044223
2016-11-01,8653.150390625,8669.599609375,8614.5,8626.25,165000.0,-0.0013602685806899384,-0.001361194585834806,-0.0031087395238322026,0.001753923434244038
2016-11-02,8542.7998046875,8549.5,8504.849609375,8514.0,155300.0,-0.013012606868569754,-0.013098012546713908,-0.0033712372226839876,-0.00967398293725547
2016-11-03,8499.849609375,8537.650390625,8476.150390625,8484.9501953125,170500.0,-0.003412004309079175,-0.003417838470350909,-0.0017529032567901591,-0.0016620144027484143
2016-11-04,8503.599609375,8504.0,8400.25,8433.75,224800.0,-0.00603423639902867,-0.006052515976111644,-0.008214122557933301,0.0021979403099858905
2016-11-07,8535.75,8535.849609375,8481.4501953125,8497.0498046875,172800.0,0.007505534867348507,0.007477508488472915,-0.004533895124915795,0.012094264117385504
2016-11-08,8540.0,8559.400390625,8480.099609375,8543.5498046875,195700.0,0.005472487636161372,0.005457567982692605,0.00041566799619437936,0.005054718555233842
2016-11-09,8067.5,8476.2001953125,8002.25,8432.0,314300.0,-0.013056610804363489,-0.013142597631657107,0.04518128292531763,-0.05572037567175072
2016-11-10,8555.599609375,8598.4501953125,8510.7001953125,8525.75,263100.0,0.011118358633776193,0.01105700404045472,-0.003488897416645303,0.01465839769627609
2016-11-11,8456.650390625,8460.599609375,8284.9501953125,8296.2998046875,266900.0,-0.026912611243878892,-0.027281387102400093,-0.0189614774799327,-0.008104812992991818
2016-11-15,8284.849609375,8288.5498046875,8093.2001953125,8108.4501953125,359200.0,-0.022642577269069153,-0.02290285685988103,-0.02129180641527751,-0.0013801568870534927
2016-11-16,8205.650390625,8210.0498046875,8089.39990234375,8111.60009765625,269500.0,0.0003884715658204474,0.00038839613027746525,-0.011461650020600801,0.011987518326090416
2016-11-17,8105.10009765625,8151.25,8060.2998046875,8079.9501953125,191300.0,-0.003901807530291679,-0.003909439439923456,-0.0031029724544700678,-0.0008013215545325142
2016-11-18,8097.5498046875,8128.9501953125,8048.2998046875,8074.10009765625,161200.0,-0.000724026450019899,-0.0007242886837538094,-0.0028959015500806752,0.0021781829033067843
2016-11-21,8102.10009765625,8102.4501953125,7916.39990234375,7929.10009765625,218800.0,-0.017958657713704862,-0.01812187142597807,-0.02135248860354674,0.003467878730922328
2016-11-22,7989.14990234375,8019.0498046875,7938.14990234375,8002.2998046875,210200.0,0.009231779915716665,0.009189427494782599,0.0016459701600907823,0.0075733442569668186
2016-11-23,8051.2001953125,8055.2001953125,7973.10009765625,8033.2998046875,181000.0,0.0038738863522509437,0.0038664021768522933,-0.002223319528860034,0.006110792124578444
2016-11-24,8011.7998046875,8024.85009765625,7952.5498046875,7965.5,260500.0,-0.008439844937436325,-0.008475662098624583,-0.005778951773159779,-0.0026763597180145776
2016-11-25,8007.9501953125,8122.25,7976.75,8114.2998046875,177900.0,0.018680535394827613,0.018508197132649923,0.01328050334744244,0.005329256834159814
2016-11-28,8080.64990234375,8146.5,8066.5,8126.89990234375,189700.0,0.001552826240037497,0.0015516218520139676,0.005723549536106673,-0.004146987805936256
2016-11-29,8131.5498046875,8197.349609375,8128.7001953125,8142.14990234375,189700.0,0.0018764842908427504,0.001874725893588773,0.0013035765519310335,0.0005721618820983627
2016-11-30,8172.14990234375,8234.25,8139.25,8224.5,248000.0,0.01011404833415619,0.010063243621010479,0.006405915001783819,0.0036845305428931468
2016-12-01,8244.0,8250.7998046875,8185.0498046875,8192.900390625,157700.0,-0.00384213136056899,-0.0038495313077255163,-0.0061983999727074236,0.0023709648002918113
2016-12-02,8153.5498046875,8159.2998046875,8070.0498046875,8086.7998046875,171500.0,-0.012950308300941793,-0.013034894616329137,-0.00818661829496954,-0.004803010418938844
2016-12-05,8088.75,8141.89990234375,8056.85009765625,8128.75,126500.0,0.00518749027126697,0.005174081595203409,0.004945139854736517,0.0002411578571995281
2016-12-06,8153.14990234375,8178.7001953125,8130.85009765625,8143.14990234375,115300.0,0.0017714780678148578,0.0017699108511295017,-0.0012265198260521795,0.0030016795133015533
2016-12-07,8168.39990234375,8190.4501953125,8077.5,8102.0498046875,169800.0,-0.005047198952388254,-0.005059979081726745,-0.008122777832805694,0.003100765711402731
2016-12-08,8152.10009765625,8256.25,8151.75,8246.849609375,142500.0,0.017871996368588716,0.017714169916451,0.011622712010858495,0.006177485225997134
2016-12-09,8271.7001953125,8274.9501953125,8241.9501953125,8261.75,149700.0,0.0018067979083868924,0.0018051676124941,-0.0012029202071587035,0.0030133429266431524
2016-12-12,8230.650390625,8230.650390625,8154.4501953125,8170.7998046875,108100.0,-0.011008587201561393,-0.011069630108506541,-0.0072716715079615,-0.0037642883620298364
2016-12-13,8196.150390625,8228.849609375,8155.7998046875,8221.7998046875,184000.0,0.006241739024219095,0.006222340051564259,0.0031294464889075925,0.0031025831673120474
2016-12-14,8229.349609375,8229.400390625,8165.10009765625,8182.4501953125,144600.0,-0.004786009184091999,-0.004797498800311476,-0.005699042608309103,0.0009182666650671335
2016-12-15,8128.39990234375,8225.900390625,8121.9501953125,8153.60009765625,181800.0,-0.003525850688682164,-0.0035320811496494836,0.003100265195519447,-0.006605636658774156
2016-12-16,8178.2001953125,8178.7001953125,8127.4501953125,8139.4501953125,203000.0,-0.001735417750965862,-0.0017369253327930302,-0.004738206338139086,0.00301708415443643
2016-12-19,8126.0,8132.5,8094.85009765625,8104.35009765625,107400.0,-0.004312342580149231,-0.004321667547371758,-0.002664275454559439,-0.0016524697602113166
2016-12-20,8110.60009765625,8124.10009765625,8062.75,8082.39990234375,128000.0,-0.0027084460873485483,-0.0027121205636996375,-0.0034769554623521773,0.0007711907709672461
2016-12-21,8105.85009765625,8112.5498046875,8053.25,8061.2998046875,123700.0,-0.0026106228238139684,-0.0026140364419853872,-0.005496066721198237,0.002901390131129229
2016-12-22,8043.85009765625,8046.4501953125,7964.9501953125,7979.10009765625,122600.0,-0.010196830414798908,-0.010249174221346512,-0.008049627878926574,-0.0021646269775382017
2016-12-23,7972.5,8022.60009765625,7942.0498046875,7985.75,124100.0,0.0008334150796909245,0.0008330679821808747,0.0016619629978049544,-0.0008271731868846572
2016-12-26,7965.10009765625,7970.0498046875,7893.7998046875,7908.25,106900.0,-0.009704786651222541,-0.009752185003088458,-0.00713739902314326,-0.0025858438272861033
2016-12-27,7915.0498046875,8044.64990234375,7903.7001953125,8032.85009765625,118800.0,0.01575571051196545,0.015632877835896817,0.014883076654676964,0.0008598368396927259
2016-12-28,8047.5498046875,8100.5498046875,8028.39990234375,8034.85009765625,126700.0,0.00024897763255693484,0.00024894664276991384,-0.0015780836825455536,0.0018299491279613128
2016-12-29,8030.60009765625,8111.10009765625,8020.7998046875,8103.60009765625,178500.0,0.008556475748073389,0.008520076594398652,0.009090229760202507,-0.0005289457735172579
2016-12-30,8119.64990234375,8197.0,8114.75,8185.7998046875,127600.0,0.01014360358861044,0.010092502517199517,0.008146890954578686,0.0019805770884649128
2017-01-02,8210.099609375,8212.0,8133.7998046875,8179.5,118300.0,-0.0007696016073948098,-0.0007698979027411989,-0.0037270691990214985,0.002968531513998792
2017-01-03,8196.0498046875,8219.099609375,8148.60009765625,8192.25,127300.0,0.0015587749862460143,0.0015575613575361691,-0.0004636141529211802,0.0020233271822849806
2017-01-04,8202.650390625,8218.5,8180.89990234375,8190.5,132400.0,-0.00021361652781592966,-0.00021363934707617968,-0.0014812761785979523,0.0012695401904238763
2017-01-05,8226.650390625,8282.650390625,8223.7001953125,8273.7998046875,159100.0,0.01017029542610337,0.01011892597298775,0.005731301541175367,0.0044136976527684516
2017-01-06,8281.849609375,8306.849609375,8233.25,8243.7998046875,139400.0,-0.0036259035398709116,-0.0036324930615801707,-0.004594360738503132,0.0009729271770558679
2017-01-09,8259.349609375,8263.0,8227.75,8236.0498046875,99100.0,-0.0009401004613908137,-0.0009405426329750955,-0.002821021725615407,0.0018862423950006936
2017-01-10,8262.7001953125,8293.7998046875,8261.0,8288.599609375,142900.0,0.0063804622280927425,0.006360193250249055,0.0031344976158269615,0.0032358219361218635
2017-01-11,8327.7998046875,8389.0,8322.25,8380.650390625,186500.0,0.01110570972035907,0.011044494137506545,0.006346284394078709,0.004729411138180902
2017-01-12,8391.0498046875,8417.2001953125,8382.2998046875,8407.2001953125,172600.0,0.003167988574872327,0.0031629810720875113,0.0019247163347758814,0.0012408838906027254
2017-01-13,8457.650390625,8461.0498046875,8373.150390625,8400.349609375,185300.0,-0.0008148474852923693,-0.0008151796539613075,-0.0067750236299097735,0.006000831922692754
2017-01-16,8390.9501953125,8426.7001953125,8374.400390625,8412.7998046875,124100.0,0.0014821044232022906,0.0014810071904502009,0.0026039493581079785,-0.0011189312944796987
2017-01-17,8415.0498046875,8440.900390625,8378.2998046875,8398.0,122000.0,-0.0017592008642893786,-0.001760750075312027,-0.0020261085891616014,0.0002674496068177362
2017-01-18,8403.849609375,8460.2998046875,8397.400390625,8417.0,163800.0,0.002262443438914019,0.002259887967437504,0.0015648055636704812,0.0006965479131936176
2017-01-19,8418.400390625,8445.150390625,8404.0498046875,8435.099609375,165900.0,0.0021503634757038537,0.0021480547533008396,0.001983656986497908,0.00016637645538790543
2017-01-20,8404.349609375,8423.650390625,8340.9501953125,8349.349609375,202600.0,-0.010165855054597661,-0.010217880246458876,-0.006544230375500781,-0.003645481550191015
2017-01-23,8329.599609375,8404.150390625,8327.2001953125,8391.5,195000.0,0.005048344194100052,0.005035644029815811,0.0074313764800088165,-0.0023654537088522287
2017-01-24,8407.0498046875,8480.9501953125,8398.150390625,8475.7998046875,179200.0,0.010045856484240057,0.009995732282151228,0.008177660605943743,0.0018530423270571412
2017-01-25,8499.4501953125,8612.599609375,8493.9501953125,8602.75,292500.0,0.014977960574563243,0.014866898538362306,0.012153704335425189,0.0027903432324959195
2017-01-27,8610.5,8672.7001953125,8606.900390625,8641.25,275400.0,0.00447531312661642,0.004465328690727306,0.0035712211834388248,0.0009008747202929295
2017-01-30,8635.5498046875,8662.599609375,8617.75,8632.75,304700.0,-0.0009836539852451365,-0.0009841380903137704,-0.0003242184633085233,-0.0006596493924490092
2017-01-31,8629.4501953125,8631.75,8552.400390625,8561.2998046875,521000.0,-0.008276643631809133,-0.008311085218864388,-0.00789741977559812,-0.00038224258637166604
2017-02-01,8570.349609375,8722.400390625,8537.5,8716.400390625,327700.0,0.01811647640847469,0.017954328487415367,0.017041402965666284,0.001057059663130245
2017-02-02,8724.75,8757.599609375,8685.7998046875,8734.25,283500.0,0.002047818890261066,0.002045724967320079,0.0010888564142239032,0.000957919439311266
2017-02-03,8735.150390625,8748.25,8707.75,8740.9501953125,191000.0,0.0007671174184962215,0.0007668233343177947,0.0006639616295243915,0.00010308734293156253
2017-02-06,8785.4501953125,8814.099609375,8770.2001953125,8801.0498046875,194400.0,0.006875638006406781,0.006852108598963618,0.0017756186681615032,0.005090979699651414
2017-02-07,8805.7001953125,8809.2998046875,8741.0498046875,8768.2998046875,226300.0,-0.0037211469911869743,-0.003728087682222944,-0.004247293207291929,0.0005283904452538343
2017-02-08,8774.5498046875,8791.25,8715.0,8769.0498046875,218700.0,8.55353964515082e-05,8.553173850807276e-05,-0.0006268127849775057,0.0007127949704295893
2017-02-09,8795.5498046875,8821.400390625,8724.099609375,8778.400390625,187500.0,0.0010663168924529565,0.0010657487804178315,-0.0019497830656771897,0.0030219921873216424
2017-02-10,8812.349609375,8822.099609375,8771.2001953125,8793.5498046875,225900.0,0.0017257602055471555,0.0017242727924366554,-0.0021333475770752295,0.0038673582018720043
2017-02-13,8819.7998046875,8826.900390625,8754.2001953125,8805.0498046875,204900.0,0.001307776751758416,0.0013069223565665177,-0.0016723735602434818,0.002985142585535496
2017-02-14,8819.900390625,8820.4501953125,8772.5,8792.2998046875,188300.0,-0.0014480326951941125,-0.0014490821077153884,-0.003129353475107008,0.0016865987435521453
2017-02-15,8778.9501953125,8807.900390625,8712.849609375,8724.7001953125,216100.0,-0.007688501401983627,-0.007718210304816345,-0.0061795543650500105,-0.0015183296374724198
2017-02-16,8739.0,8783.9501953125,8719.599609375,8778.0,184600.0,0.006109070053333943,0.006090485336691579,0.004462753175420529,0.0016390024146827216
2017-02-17,8883.7001953125,8896.4501953125,8804.25,8821.7001953125,298300.0,0.004978377228582742,0.004966026084143879,-0.00697907388102926,0.012041489554853041
2017-02-20,8818.5498046875,8886.25,8809.7998046875,8879.2001953125,167800.0,0.0065180179247708026,0.006496867502078924,0.006877592344351368,-0.0003571183054570356
2017-02-21,8890.75,8920.7998046875,8860.9501953125,8907.849609375,175700.0,0.003226575978951818,0.0032213817527225,0.0019233033630458624,0.0013007708389768443
2017-02-22,8931.599609375,8960.75,8905.25,8926.900390625,247100.0,0.0021386509747480797,0.0021363673161383717,-0.0005261340583457742,0.002666187805304267
2017-02-23,8956.400390625,8982.150390625,8927.5498046875,8939.5,377200.0,0.0014114204061503877,0.0014104252886116898,-0.0018869623830897815,0.003304618480002398
2017-02-27,8943.7001953125,8951.7998046875,8888.650390625,8896.7001953125,189900.0,-0.004787717958219084,-0.00479921579345047,-0.005255095650973773,0.00046984678253817326
2017-02-28,8898.9501953125,8914.75,8867.599609375,8879.599609375,293600.0,-0.0019221268068030373,-0.0019239764630964217,-0.0021744796310572538,0.0002529027561460913
2017-03-01,8904.400390625,8960.7998046875,8898.599609375,8945.7998046875,205900.0,0.007455313102474381,0.007427659614302356,0.004649320812896889,0.002793006705371666
2017-03-02,8982.849609375,8992.5,8879.7998046875,8899.75,218800.0,-0.0051476453411544165,-0.005160940111567701,-0.00925091847115782,0.004141586610074408
2017-03-03,8883.5,8907.099609375,8860.099609375,8897.5498046875,202600.0,-0.0002472199008398679,-0.0002472504647169898,0.0015815618492148365,-0.0018258939857861175
2017-03-06,8915.099609375,8967.7998046875,8914.0,8963.4501953125,174800.0,0.00740657732427441,0.00737928331770254,0.0054234487617676385,0.0019724311830493185
2017-03-07,8977.75,8977.849609375,8932.7998046875,8946.900390625,173400.0,-0.0018463654426456033,-0.0018480720763560477,-0.003436229497925427,0.001595346030368773
2017-03-08,8950.7001953125,8957.0498046875,8891.9501953125,8924.2998046875,177800.0,-0.0025260799775062015,-0.0025292759007722594,-0.0029495335615001314,0.00042470626938929837
2017-03-09,8914.5,8945.7998046875,8899.5,8927.0,171500.0,0.0003025666294942386,0.0003025208654424808,0.001402209882775254,-0.0010981034817266718
2017-03-10,8953.7001953125,8975.7001953125,8903.9501953125,8934.5498046875,152700.0,0.0008457269729471584,0.0008453695473995277,-0.002138824196394887,0.002990948281897614
2017-03-14,9091.650390625,9122.75,9060.5,9087.0,270300.0,0.017062996865551794,0.016919058968585234,-0.0005115012594187876,0.017583492103326503
2017-03-15,9086.849609375,9106.5498046875,9075.5,9084.7998046875,240600.0,-0.0002421255983823256,-0.00024215491551740303,-0.0002255792464513988,-1.6550085286673268e-05
2017-03-16,9129.650390625,9158.4501953125,9128.5498046875,9153.7001953125,208600.0,0.0075841396735512046,0.0075555246752815495,0.0026342525352554703,0.0049368821439915896
2017-03-17,9207.7998046875,9218.400390625,9147.599609375,9160.0498046875,286700.0,0.0006936658662091144,0.000693425391241901,-0.005185820827217753,0.005910135597701109
2017-03-20,9166.9501953125,9167.599609375,9116.2998046875,9126.849609375,332100.0,-0.0036244557639315556,-0.0036310400180971465,-0.004374474070777143,0.0007533136579092444
2017-03-21,9133.9501953125,9147.75,9087.2001953125,9121.5,247700.0,-0.0005861397529225432,-0.0005863115999817308,-0.0013630680095988899,0.000777988708196348
2017-03-22,9047.2001953125,9072.900390625,9019.2998046875,9030.4501953125,232300.0,-0.009981889457600146,-0.010032042543653485,-0.0018514014986292051,-0.008145568677026805
2017-03-23,9048.75,9099.0498046875,9048.599609375,9086.2998046875,191800.0,0.006184587497530369,0.006165541424006181,0.004149722855366763,0.002026455413817465
2017-03-24,9104.0,9133.5498046875,9089.400390625,9108.0,203700.0,0.002388232369495924,0.0023853850750034113,0.0004393673110720562,0.0019480091668743647
2017-03-27,9093.4501953125,9094.849609375,9024.650390625,9045.2001953125,202700.0,-0.006895015885759803,-0.006918896341847197,-0.0053060168542927695,-0.0015974752621321915
2017-03-28,9081.5,9110.400390625,9079.7998046875,9100.7998046875,183300.0,0.006146863328001739,0.006128048426003716,0.002125178074932555,0.004013156580692561
2017-03-29,9128.7001953125,9153.150390625,9109.099609375,9143.7998046875,243400.0,0.004724859454424246,0.004713732341589461,0.0016540809810747762,0.0030657075448060614
2017-03-30,9142.599609375,9183.150390625,9136.349609375,9173.75,323400.0,0.003275464899958447,0.0032701122498964663,0.003407169946834135,-0.00013125782914502667
2017-03-31,9158.900390625,9191.7001953125,9152.099609375,9173.75,190900.0,0.0,0.0,0.0016213310268337429,-0.0016187065676522686
2017-04-03,9220.599609375,9245.349609375,9192.400390625,9237.849609375,139100.0,0.006987285393105225,0.006962987433382358,0.001870811089385244,0.00510692022073852
2017-04-05,9264.400390625,9273.900390625,9215.400390625,9265.150390625,184800.0,0.002955317785461098,0.0029509594186491106,8.095505034075962e-05,0.0028741300597765773
2017-04-06,9245.7998046875,9267.9501953125,9218.849609375,9261.9501953125,186100.0,-0.00034540133484917135,-0.00034546099962948787,0.0017467813457102935,-0.002088534467511721
2017-04-07,9223.7001953125,9250.5,9188.099609375,9198.2998046875,190000.0,-0.006872244968150865,-0.006895967591191596,-0.0027538178916427184,-0.00412979979306717
2017-04-10,9225.599609375,9225.650390625,9174.849609375,9181.4501953125,135800.0,-0.0018318178068531532,-0.001833497636833679,-0.004785533291260074,0.002967918557469488
2017-04-11,9184.5498046875,9242.7001953125,9172.849609375,9237.0,200100.0,0.006050221207523521,0.006031992108960761,0.0057106985565836986,0.00033759474909339217
2017-04-12,9242.5,9246.400390625,9161.7998046875,9203.4501953125,161800.0,-0.003632110499891761,-0.0036387226287440087,-0.004225026203678659,0.0005954314171267728
2017-04-13,9202.5,9202.650390625,9144.9501953125,9150.7998046875,166500.0,-0.005720723153564311,-0.005737149166000338,-0.005618059800325998,-0.00010324338072519296
2017-04-17,9144.75,9160.0,9120.25,9139.2998046875,0.0,-0.0012567207506942735,-0.0012575110864404995,-0.0005959917233932038,-0.0006611230511677226
2017-04-18,9163.0,9217.900390625,9095.4501953125,9105.150390625,174200.0,-0.003736545992832463,-0.003743544319295666,-0.00631339183400633,0.0025932178415182627
2017-04-19,9112.2001953125,9120.5,9075.150390625,9103.5,173700.0,-0.00018125901870869043,-0.00018127544810997014,-0.000954785356556977,0.0007742655953007365
2017-04-20,9108.099609375,9143.900390625,9102.650390625,9136.400390625,170300.0,0.003614037526775471,0.00360752258526342,0.0031072103362670632,0.0005052572499588071
2017-04-21,9179.099609375,9183.650390625,9088.75,9119.400390625,155200.0,-0.0018606890321317682,-0.0018624222643066866,-0.006503820776607183,0.004673527529924621
2017-04-24,9135.349609375,9225.400390625,9130.5498046875,9217.9501953125,167700.0,0.010806610135114969,0.010748636018943606,0.00904186369098918,0.0017489328318555071
2017-04-25,9273.0498046875,9309.2001953125,9250.349609375,9306.599609375,168700.0,0.00961704198701141,0.009571092601938416,0.0036179903477430555,0.005977425371968183
2017-04-26,9336.2001953125,9367.0,9301.349609375,9351.849609375,185700.0,0.004862141050359314,0.00485035901773151,0.0016762080648567526,0.0031806016353902082
2017-04-27,9359.150390625,9367.150390625,9322.650390625,9342.150390625,209400.0,-0.001037144431864756,-0.001037682638315093,-0.0018164041916698753,0.0007806777862083182
2017-04-28,9340.9501953125,9342.650390625,9282.25,9304.0498046875,162200.0,-0.004078352878555069,-0.004086692040742791,-0.0039503893986628305,-0.00012847099033049344
2017-05-02,9339.849609375,9352.5498046875,9269.900390625,9313.7998046875,161600.0,0.0010479307618374012,0.0010473820656935206,-0.0027891032272459888,0.0038477658051081797
2017-05-03,9344.7001953125,9346.2998046875,9298.400390625,9311.9501953125,151600.0,-0.00019858805361794296,-0.00019860777483643832,-0.003504660322481838,0.003317699679291827
2017-05-04,9360.9501953125,9365.650390625,9323.25,9359.900390625,269600.0,0.005149318274558334,0.005136105872378302,-0.00011214723565409953,0.005262055635205811
2017-05-05,9374.5498046875,9377.099609375,9272.0,9285.2998046875,231900.0,-0.007970232889681239,-0.008002164979810267,-0.009520457180287512,0.001565124996113532
2017-05-08,9311.4501953125,9338.7001953125,9297.9501953125,9314.0498046875,174300.0,0.0030962920535411165,0.0030915084131222883,0.000279184157190539,0.002816321623971527
2017-05-09,9337.349609375,9338.9501953125,9307.7001953125,9316.849609375,132300.0,0.0003006001413146109,0.0003005549701442118,-0.0021954838211709817,0.0025015761324116885
2017-05-10,9339.650390625,9414.75,9336.0,9407.2998046875,152700.0,0.009708238203339103,0.009661416055306064,0.007243249076047371,0.002447262991886969
2017-05-11,9448.599609375,9450.650390625,9411.2998046875,9422.400390625,171100.0,0.0016051987553300506,0.0016039118008357616,-0.0027728150025539086,0.004390186934078682
2017-05-12,9436.650390625,9437.75,9372.5498046875,9400.900390625,154300.0,-0.002281796475279485,-0.0022844037397764944,-0.0037884205221289584,0.0015123534778015073
2017-05-15,9433.5498046875,9449.25,9423.099609375,9445.400390625,140800.0,0.004733589140501593,0.004722420937348687,0.0012562170320669197,0.00347300925505598
2017-05-16,9461.0,9517.2001953125,9456.349609375,9512.25,166500.0,0.007077477566896029,0.007052549770711115,0.005416974949793891,0.0016515561786542515
2017-05-17,9517.599609375,9532.599609375,9486.099609375,9525.75,205500.0,0.0014192225814082526,0.0014182164368899746,0.0008563493905513449,0.0005623915871639202
2017-05-18,9453.2001953125,9489.099609375,9418.099609375,9429.4501953125,193300.0,-0.010109419697924005,-0.01016086690923151,-0.002512376709400142,-0.007616177695981944
2017-05-19,9469.900390625,9505.75,9390.75,9427.900390625,252100.0,-0.00016435790585866972,-0.00016437141409942322,-0.0044351047284065526,0.004289772412458185
2017-05-22,9480.25,9498.650390625,9427.900390625,9438.25,196800.0,0.001097763971423804,0.0010971618691591547,-0.004430262915007516,0.0055526264816136445
2017-05-23,9445.0498046875,9448.0498046875,9370.0,9386.150390625,224400.0,-0.00552004973114717,-0.005535341505865151,-0.006236008838541932,0.0007204518515084894
2017-05-24,9410.900390625,9431.900390625,9341.650390625,9360.5498046875,211800.0,-0.0027274851639997877,-0.002731211528938736,-0.005350241087203357,0.002636863780141494
2017-05-25,9384.0498046875,9523.2998046875,9379.2001953125,9509.75,289200.0,0.015939255537936958,0.01581355951256376,0.013395090385145922,0.0025105362922412805
2017-05-26,9507.75,9604.900390625,9495.400390625,9595.099609375,218800.0,0.008974958266515953,0.008934922695320598,0.009187200901895821,-0.00021031047083256658
2017-05-29,9560.0498046875,9637.75,9547.7001953125,9604.900390625,235000.0,0.00102143611312,0.001020914802213731,0.004691459443601307,-0.0036528859641284175
2017-05-30,9590.650390625,9635.2998046875,9581.2001953125,9624.5498046875,193900.0,0.0020457696866569286,0.0020436799494468433,0.0035346314047311296,-0.0014836176764424247
2017-05-31,9636.5498046875,9649.599609375,9609.25,9621.25,414300.0,-0.0003428528870922376,-0.0003429116745806887,-0.0015876849077309523,0.001246811564542538
2017-06-01,9603.5498046875,9634.650390625,9589.900390625,9616.099609375,176100.0,-0.0005353140834091219,-0.0005354574151470177,0.0013067881088485041,-0.0018396980966610367
2017-06-02,9657.150390625,9673.5,9637.4501953125,9653.5,162200.0,0.00388935141525959,0.003881807442491232,-0.0003779987343413165,0.004268963812519003
2017-06-05,9656.2998046875,9687.2001953125,9640.7001953125,9675.099609375,127700.0,0.002237489964779682,0.00223499051174814,0.0019468952981735227,0.00029003000854612316
2017-06-06,9704.25,9709.2998046875,9630.2001953125,9637.150390625,145900.0,-0.003922359487981697,-0.003930072114359614,-0.006914455972898473,0.0030129292515762617
2017-06-07,9663.9501953125,9678.5498046875,9630.5498046875,9663.900390625,160700.0,0.002775716774745085,0.002771871586730097,-5.1536573030102916e-06,0.0027808847637752748
2017-06-08,9682.400390625,9688.7001953125,9641.5,9647.25,155400.0,-0.0017229472523487832,-0.0017244332330555142,-0.0036303384705134094,0.0019143409236654536
2017-06-09,9638.5498046875,9676.25,9608.150390625,9668.25,159000.0,0.0021767861307626646,0.0021744203643893584,0.003081396674223331,-0.0009018316424369639
2017-06-12,9646.7001953125,9647.0498046875,9598.5,9616.400390625,141400.0,-0.005362874292141773,-0.005377306123000276,-0.003140950177162467,-0.0022289250575336797
2017-06-13,9615.5498046875,9654.150390625,9595.400390625,9606.900390625,129700.0,-0.0009878956380873216,-0.0009883839285963953,-0.0008995236089654991,-8.845159341838904e-05
2017-06-14,9621.5498046875,9627.400390625,9580.4501953125,9618.150390625,181800.0,0.0011710332721861505,0.001170348147540874,-0.00035331252568519134,0.0015248845586861494
2017-06-15,9617.900390625,9621.400390625,9560.7998046875,9578.0498046875,171100.0,-0.0041692616884621,-0.00417797729350316,-0.004143376861788271,-2.5992523494296775e-05
2017-06-16,9595.4501953125,9615.849609375,9565.5,9588.0498046875,213200.0,0.001044053873587636,0.0010435092284018055,-0.0007712395431550659,0.0018166945233970536
2017-06-19,9626.400390625,9673.2998046875,9614.900390625,9657.5498046875,141700.0,0.007248606485755094,0.0072224616043765726,0.003235831961948718,0.003999831740418243
2017-06-20,9670.5,9676.5,9643.75,9653.5,159500.0,-0.0004193408027297618,-0.00041942875067181194,-0.0017579235820278166,0.0013409400494330708
2017-06-21,9648.099609375,9650.4501953125,9608.599609375,9633.599609375,144000.0,-0.0020614689620345183,-0.0020635967138743832,-0.0015028866395523568,-0.0005594230719428186
2017-06-22,9642.650390625,9698.849609375,9617.75,9630.0,198800.0,-0.00037365154469337636,-0.00037372136982585634,-0.0013119204899618942,0.0009395014965322177
2017-06-23,9643.25,9647.650390625,9565.2998046875,9574.9501953125,175200.0,-0.005716490621754944,-0.005732892290795095,-0.0070826541557566175,0.001375908618899273
2017-06-27,9594.0498046875,9615.400390625,9473.4501953125,9511.400390625,203300.0,-0.006637089842891464,-0.006659213268124637,-0.008614653430516778,0.001994747647288064
2017-06-28,9520.2001953125,9522.5,9474.349609375,9491.25,172400.0,-0.0021185514012070916,-0.002120798705808072,-0.003040922955249862,0.0009251849702567047
2017-06-29,9522.9501953125,9575.7998046875,9493.7998046875,9504.099609375,259300.0,0.0013538374160411148,0.001352921804466218,-0.001979490131826885,0.0033399389240089555
2017-06-30,9478.5,9535.7998046875,9448.75,9520.900390625,179600.0,0.0017677404426008625,0.0017661798283679123,0.004473322849079496,-0.002693533362144913
2017-07-03,9587.9501953125,9624.0,9543.5498046875,9615.0,183000.0,0.009883477981521338,0.00983495586260243,0.002821229161236623,0.007042380650628623
2017-07-04,9645.900390625,9650.650390625,9595.5,9613.2998046875,144800.0,-0.00017682738559543498,-0.00017684302140083614,-0.003379734873603403,0.0032137691757670307
2017-07-05,9619.75,9643.650390625,9607.349609375,9637.599609375,130800.0,0.0025277277502206985,0.0025245384198064923,0.0018555169702954859,0.0006709657915125926
2017-07-06,9653.599609375,9700.7001953125,9639.9501953125,9674.5498046875,147400.0,0.003833962481337938,0.00382663157881288,0.0021701951769528974,0.0016601644235599868
2017-07-07,9670.349609375,9684.25,9642.650390625,9665.7998046875,141800.0,-0.0009044348498532528,-0.000904844097829429,-0.0004704901964546509,-0.00043414891620744225
2017-07-10,9719.2998046875,9782.150390625,9646.4501953125,9771.0498046875,37500.0,0.010888907501369838,0.010830050223587575,0.005324457629657808,0.005534979109959921
2017-07-11,9797.4501953125,9830.0498046875,9778.849609375,9786.0498046875,179700.0,0.001535147225716127,0.0015339700917757582,-0.001163607918155523,0.002701899095052698
2017-07-12,9807.2998046875,9824.9501953125,9787.7001953125,9816.099609375,145500.0,0.0030706776776372458,0.003065972775967725,0.0008972708964494022,0.002171458394767344
2017-07-13,9855.7998046875,9897.25,9853.4501953125,9891.7001953125,181300.0,0.007701693029408263,0.0076721863955028615,0.003642564919787177,0.004044396134141078
2017-07-14,9913.2998046875,9913.2998046875,9845.4501953125,9886.349609375,159600.0,-0.0005409167111671831,-0.0005410630593885717,-0.0027185897575453745,0.0021836093844853554
2017-07-17,9908.150390625,9928.2001953125,9894.7001953125,9915.9501953125,163500.0,0.0029940865038224906,0.0029896131536668747,0.0007872109707660577,0.002205139622953129
2017-07-18,9832.7001953125,9885.349609375,9792.0498046875,9827.150390625,293900.0,-0.008955249163058343,-0.008995588419495522,-0.000564423258846612,-0.008395564556118304
2017-07-19,9855.9501953125,9905.0498046875,9851.650390625,9899.599609375,200200.0,0.007372352703497453,0.007345309743460549,0.004428737280273566,0.0029306364045242166
2017-07-20,9920.2001953125,9922.5498046875,9863.4501953125,9873.2998046875,161100.0,-0.002656653372384299,-0.002660188538483533,-0.004727766547207525,0.0020809514273679394
2017-07-21,9899.599609375,9924.7001953125,9838.0,9915.25,187500.0,0.004248852576378193,0.004239851688892752,0.0015809114754680538,0.002663729979617733
2017-07-24,9936.7998046875,9982.0498046875,9919.599609375,9966.400390625,174500.0,0.005158759549683589,0.005145498736317388,0.0029788852064360273,0.0021734000340384763
2017-07-25,10010.5498046875,10011.2998046875,9949.099609375,9964.5498046875,185500.0,-0.00018568247962835738,-0.00018569972075426088,-0.004595152204173663,0.004429825446710892
2017-07-26,9983.650390625,10025.9501953125,9965.9501953125,10020.650390625,197600.0,0.0056300171143817135,0.005614227803035337,0.0037060592621256357,0.0019168538781867243
2017-07-27,10063.25,10114.849609375,10005.5,10020.5498046875,287900.0,-1.0037865166290239e-05,-1.0037915545995924e-05,-0.004243181408839093,0.004251182080442087
2017-07-28,9996.5498046875,10026.0498046875,9944.5,10014.5,191600.0,-0.0006037397952625145,-0.0006039221195206731,0.0017956390617973955,-0.0023950781611576915
2017-07-31,10034.7001953125,10085.900390625,10016.9501953125,10077.099609375,237700.0,0.006250897136651945,0.006231441314613235,0.00422527960350086,0.0020170947438713865
2017-08-01,10101.0498046875,10128.599609375,10065.75,10114.650390625,184300.0,0.0037263481265050746,0.003719422490879323,0.0013464527153592,0.0023766953033012078
2017-08-02,10136.2998046875,10137.849609375,10054.2001953125,10081.5,161500.0,-0.0032774628232060676,-0.0032828454686495033,-0.005406292803430893,0.0021404016180891694
2017-08-03,10081.150390625,10081.150390625,9998.25,10013.650390625,192700.0,-0.006730110536626532,-0.006752859858295522,-0.006695664421668766,-3.467830927937311e-05
2017-08-04,10008.599609375,10075.25,9988.349609375,10066.400390625,178600.0,0.0052678092346210015,0.005253982862758577,0.005775111754481449,-0.0005043896134748875
2017-08-07,10074.7998046875,10088.099609375,10046.349609375,10057.400390625,137400.0,-0.000894063384204502,-0.0008944632972548343,-0.0017270233056546273,0.0008344009513393197
2017-08-08,10068.349609375,10083.7998046875,9947.0,9978.5498046875,203300.0,-0.007840056363968673,-0.007870951189924851,-0.008919019320096333,0.0010886728503129207
2017-08-09,9961.150390625,9969.7998046875,9893.0498046875,9908.0498046875,169200.0,-0.007065154895241621,-0.007090231284273741,-0.00533076842083179,-0.0017436816374185448
2017-08-10,9872.849609375,9892.650390625,9776.2001953125,9820.25,235500.0,-0.008861461782919355,-0.008900958038211523,-0.00532770288783218,-0.0035526865534978216
2017-08-11,9712.150390625,9771.650390625,9685.5498046875,9710.7998046875,285900.0,-0.011145357329243155,-0.01120793220489222,-0.0001390614728128285,-0.011007826621012703
2017-08-14,9755.75,9818.2998046875,9752.099609375,9794.150390625,195600.0,0.008583287433983067,0.008546660459731773,0.003936180265484458,0.004628887034701518
2017-08-16,9825.849609375,9903.9501953125,9773.849609375,9897.2998046875,219500.0,0.010531736796816515,0.010476664391422662,0.007271655699302402,0.0032365460489908976
2017-08-17,9945.5498046875,9947.7998046875,9883.75,9904.150390625,197600.0,0.0006921671640436333,0.0006919277268328227,-0.004162606882023534,0.004875067033651756
2017-08-18,9865.9501953125,9865.9501953125,9783.650390625,9837.400390625,246300.0,-0.006739598791147605,-0.006762412448120804,-0.0028937714180905304,-0.003856988616475298
2017-08-21,9864.25,9884.349609375,9740.099609375,9754.349609375,205300.0,-0.008442350412935062,-0.008478188903126932,-0.011141281965177281,0.002729339897620469
2017-08-22,9815.75,9828.4501953125,9752.599609375,9765.5498046875,183600.0,0.0011482257414410224,0.0011475670344457027,-0.005114249579757023,0.006294667823468977
2017-08-23,9803.0498046875,9857.900390625,9786.75,9852.5,168600.0,0.008903768559017866,0.008864363739937172,0.00504436846672497,0.0038400295682276754
2017-08-24,9881.2001953125,9881.5,9848.849609375,9857.0498046875,184700.0,0.00046179189926420783,0.0004616853061997081,-0.002444074621264793,0.0029129860758690686
2017-08-28,9907.150390625,9925.75,9882.0,9912.7998046875,159600.0,0.005655850493267112,0.005639916223863896,0.0005702360254716596,0.005082716119956579
2017-08-29,9886.400390625,9887.349609375,9783.75,9796.0498046875,173300.0,-0.011777701789638884,-0.011847608353940924,-0.00913887586660732,-0.0026631642505295446
2017-08-30,9859.5,9909.4501953125,9850.7998046875,9884.400390625,157800.0,0.009019001301445284,0.0089785730092648,0.0025255226558141895,0.006477120530985714
2017-08-31,9905.7001953125,9925.099609375,9856.9501953125,9917.900390625,327700.0,0.0033891787742403867,0.0033834484516002566,0.0012316338140612496,0.0021548909236519904
2017-09-01,9937.650390625,9983.4501953125,9909.849609375,9974.400390625,157800.0,0.00569677026131532,0.005680605029627355,0.003698057242451323,0.001991348896654467
2017-09-04,9984.150390625,9988.400390625,9861.0,9912.849609375,148800.0,-0.006170875324781666,-0.006189993868598528,-0.007141396960221132,0.0009775023678780816
2017-09-05,9933.25,9963.099609375,9901.0498046875,9952.2001953125,139200.0,0.003969654285916446,0.003961795997934277,0.0019077537877834545,0.0020579743896958235
2017-09-06,9899.25,9931.5498046875,9882.5498046875,9916.2001953125,149200.0,-0.0036172905783141696,-0.0036238487939692175,0.0017122706581306664,-0.005320451183994431
2017-09-07,9945.849609375,9964.849609375,9917.2001953125,9929.900390625,188800.0,0.0013815972895521167,0.001380643762176384,-0.0016036054612133083,0.0029899975271289515
2017-09-08,9958.650390625,9963.599609375,9913.2998046875,9934.7998046875,163600.0,0.0004934001218306339,0.0004932784400140928,-0.002394961666688567,0.002895295911240298
2017-09-11,9971.75,10028.650390625,9968.7998046875,10006.0498046875,173000.0,0.007171760015373785,0.007146165244692658,0.0034396976145109935,0.003719269239332425
2017-09-12,10056.849609375,10097.5498046875,10028.0498046875,10093.0498046875,182600.0,0.008694739852208588,0.008657158285843384,0.0035995561948897158,0.005076909037940426
2017-09-13,10099.25,10131.9501953125,10063.150390625,10079.2998046875,215000.0,-0.0013623236054590704,-0.0013632524119145414,-0.0019754135517488923,0.0006143034496491291
2017-09-14,10107.400390625,10126.5,10070.349609375,10086.599609375,225600.0,0.0007242372812548137,0.0007239751479918529,-0.002057975388933194,0.002787950203091636
2017-09-15,10062.349609375,10115.150390625,10043.650390625,10085.400390625,266600.0,-0.00011889227256378643,-0.0001188993408102696,0.0022907951069920884,-0.0024041798960137977
2017-09-18,10133.099609375,10171.7001953125,10131.2998046875,10153.099609375,156100.0,0.006712596042585561,0.006690166885736892,0.0019737297343348213,0.0047295314913168305
2017-09-19,10175.599609375,10178.9501953125,10129.9501953125,10147.5498046875,187500.0,-0.0005466118624873895,-0.0005467613092135457,-0.002756575117367738,0.002216072023879715
2017-09-20,10160.9501953125,10171.0498046875,10134.2001953125,10141.150390625,199400.0,-0.0006306363787978997,-0.000630835313560427,-0.001948617433105237,0.0013205543094560524
2017-09-21,10139.599609375,10158.900390625,10058.599609375,10121.900390625,191800.0,-0.0018982067377479872,-0.001900010615274047,-0.0017455540092170337,-0.00015291965805315556
2017-09-22,10094.349609375,10095.0498046875,9952.7998046875,9964.400390625,226600.0,-0.01556031910231781,-0.01568265154818977,-0.012873461270779775,-0.0027218980810676417
2017-09-25,9960.099609375,9960.5,9816.0498046875,9872.599609375,221400.0,-0.009212875602266135,-0.009255576609087487,-0.008785052703452898,-0.00043161465631653934
2017-09-26,9875.25,9891.349609375,9813.0,9871.5,190900.0,-0.00011137992205778602,-0.00011138612526191736,-0.000379737221842485,0.00026845924375209086
2017-09-27,9920.599609375,9921.0498046875,9714.400390625,9735.75,200100.0,-0.013751709466646389,-0.013847140123069935,-0.01863290694650316,0.004973875234260244
2017-09-28,9736.400390625,9789.2001953125,9687.5498046875,9768.9501953125,385000.0,0.003410132276660871,0.0034043309606841105,0.003343104574750398,6.680436792234804e-05
2017-09-29,9814.2998046875,9854.0,9775.349609375,9788.599609375,196300.0,0.002011415113154058,0.0020093949262780385,-0.0026186478734045895,0.0046422193243200694
2017-10-03,9893.2998046875,9895.400390625,9831.0498046875,9859.5,162800.0,0.007243159742390093,0.00721705404356513,-0.0034164338850305,0.010696136269811642
2017-10-04,9884.349609375,9938.2998046875,9850.650390625,9914.900390625,156200.0,0.005618985813175215,0.005603258200374948,0.003090823620911135,0.0025203721664384606
2017-10-05,9927.0,9945.9501953125,9881.849609375,9888.7001953125,147800.0,-0.0026425071639926134,-0.0026460047490028745,-0.00385814492671502,0.0012203460345845474
2017-10-06,9908.150390625,9989.349609375,9906.599609375,9979.7001953125,195800.0,0.009202422785872022,0.009160338481321154,0.00722130789972665,0.0019669112146528515
2017-10-09,9988.2001953125,10015.75,9959.4501953125,9988.75,143900.0,0.0009068212982741297,0.0009064103842389305,5.504542127199507e-05,0.0008517289932209065
2017-10-10,10013.7001953125,10034.0,10002.2998046875,10016.9501953125,148600.0,0.0028231956263296,0.0028192178944088774,0.0003245553528276544,0.0024978295895382303
2017-10-11,10042.599609375,10067.25,9955.7998046875,9984.7998046875,189700.0,-0.0032095987299651796,-0.00321476053982032,-0.00575546242364801,0.0025606011373105176
2017-10-12,10011.2001953125,10104.4501953125,9977.099609375,10096.400390625,200900.0,0.011177047924897598,0.011115046293774924,0.008510487618896374,0.0026440580824270486
2017-10-13,10123.7001953125,10191.900390625,10120.099609375,10167.4501953125,230100.0,0.007037142143597297,0.007012497012134821,0.0043215424356656896,0.0027039146261324185
2017-10-16,10207.400390625,10242.9501953125,10175.099609375,10230.849609375,203000.0,0.006235527378509298,0.006216166917771876,0.0022972762753126607,0.003929224588768405
2017-10-17,10227.650390625,10251.849609375,10212.599609375,10234.4501953125,195700.0,0.00035193420634405115,0.0003518722920273383,0.0006648452408710532,-0.00031270313533574067
2017-10-18,10209.400390625,10236.4501953125,10175.75,10210.849609375,254200.0,-0.0023059945074831445,-0.0023086574073600593,0.00014194944801369295,-0.002447596520521748
2017-10-19,10210.349609375,10211.9501953125,10123.349609375,10146.5498046875,30200.0,-0.006297204164917303,-0.006317115188263494,-0.006248542618846265,-4.8967521717382804e-05
2017-10-23,10176.650390625,10224.150390625,10124.5,10184.849609375,218100.0,0.00377466285828576,0.003767556695072139,0.0008056893413134579,0.0029665833723690137
2017-10-24,10218.5498046875,10237.75,10182.400390625,10207.7001953125,217200.0,0.0022435859942857572,0.002241072913402321,-0.0010617562748505682,0.0033088554671911385
2017-10-25,10321.150390625,10340.5498046875,10240.900390625,10295.349609375,594200.0,0.008586597606260904,0.008549942456258083,-0.002499797045243677,0.011114177840430473
2017-10-26,10291.7998046875,10355.650390625,10271.849609375,10343.7998046875,429700.0,0.004706027201677676,0.004694988474485417,0.005052566216485876,-0.00034479690561139655
2017-10-27,10362.2998046875,10366.150390625,10311.2998046875,10323.0498046875,312700.0,-0.002006032637116295,-0.0020080474155119445,-0.0037877691960084797,0.0017885110258626965
2017-10-30,10353.849609375,10384.5,10344.2998046875,10363.650390625,236900.0,0.00393300300838062,0.003925288971653147,0.000946583311498535,0.0029835954751971064
2017-10-31,10364.900390625,10367.7001953125,10323.9501953125,10335.2998046875,232600.0,-0.002735579151063039,-0.0027393276855447964,-0.0028558485679489576,0.00012061387183909206
2017-11-01,10390.349609375,10451.650390625,10383.0498046875,10440.5,260300.0,0.010178727013297362,0.010127272636955603,0.004826631683283335,0.005326386822618591
2017-11-02,10440.5,10453.0,10412.5498046875,10423.7998046875,201500.0,-0.0015995589591015769,-0.001600839619376669,-0.0015995589591015756,0.0
2017-11-03,10461.5498046875,10461.7001953125,10403.599609375,10452.5,199900.0,0.0027533333189682097,0.002749549839980272,-0.0008650539218811595,0.003621520050972595
2017-11-06,10431.75,10490.4501953125,10413.75,10451.7998046875,193600.0,-6.698831021290097e-05,-6.699055402996047e-05,0.0019219981966113067,-0.0019851710117196842
2017-11-07,10477.150390625,10485.75,10340.7998046875,10350.150390625,286900.0,-0.009725541625559164,-0.009773143593572503,-0.012121616590866172,0.0024254756512012967
2017-11-08,10361.9501953125,10384.25,10285.5,10303.150390625,274500.0,-0.004540996818999998,-0.004551338464517429,-0.005674588622718881,0.0011400611819310446
2017-11-09,10358.650390625,10368.4501953125,10266.9501953125,10308.9501953125,240200.0,0.0005629156585715833,0.0005627572809849458,-0.004797941183291667,0.005386701920851347
2017-11-10,10304.349609375,10344.9501953125,10254.099609375,10321.75,279400.0,0.0012416205767800115,0.0012408504033945,0.0016886452114521571,-0.0004462710412154184
2017-11-13,10322.0,10334.150390625,10216.25,10224.9501953125,210300.0,-0.009378235734008311,-0.009422488277922888,-0.009402228704466189,2.422069900937341e-05
2017-11-14,10223.400390625,10248.0,10175.5498046875,10186.599609375,305000.0,-0.0037506868204679744,-0.003757738283689395,-0.0035996615454625867,-0.0001515708788694627
2017-11-15,10171.9501953125,10175.4501953125,10094.0,10118.0498046875,207400.0,-0.00672940994209803,-0.0067521545169891405,-0.005298923961487612,-0.0014381063970569485
2017-11-16,10152.900390625,10232.25,10139.2001953125,10214.75,182600.0,0.009557197007243445,0.009511815914835575,0.006091816820355175,0.0034443975479696086
2017-11-17,10324.5498046875,10343.599609375,10268.0498046875,10283.599609375,203300.0,0.006740214824151325,0.006717601133431633,-0.003966293551502653,0.010749142630754546
2017-11-20,10287.2001953125,10309.849609375,10261.5,10298.75,147200.0,0.0014732575363192169,0.001472173357154509,0.0011227354837288791,0.0003501289503937455
2017-11-21,10329.25,10358.7001953125,10315.0498046875,10326.900390625,186100.0,0.0027333793542905216,0.0027296504663746014,-0.00022747144032722607,0.0029615244568515597
2017-11-22,10350.7998046875,10368.7001953125,10309.5498046875,10342.2998046875,157600.0,0.00149119420929833,0.0014900834832817704,-0.0008211925803212482,0.0023142872651503877
2017-11-23,10358.4501953125,10374.2998046875,10307.2998046875,10348.75,153000.0,0.0006236712756650942,0.0006234768735595227,-0.0009364523774888275,0.001561586004080066
2017-11-24,10366.7998046875,10404.5,10362.25,10389.7001953125,129200.0,0.003957018510689636,0.003949210104835523,0.0022090125261843346,0.0017441531283971495
2017-11-27,10361.0498046875,10407.150390625,10340.2001953125,10399.5498046875,141900.0,0.000948016707878141,0.0009475676238426342,0.003715839680896235,-0.0027575762617217904
2017-11-28,10387.900390625,10409.5498046875,10355.2001953125,10370.25,196000.0,-0.0028174108723719726,-0.0028213872448567432,-0.0016991297530085426,-0.0011201844581050168
2017-11-29,10376.650390625,10392.9501953125,10345.900390625,10361.2998046875,152500.0,-0.0008630645657047298,-0.0008634372203591307,-0.0014793392240880358,0.0006171876883392396
2017-11-30,10332.7001953125,10332.7001953125,10211.25,10226.5498046875,342500.0,-0.013005125084696312,-0.013090432150481796,-0.010273247904081824,-0.002760233746161983
2017-12-01,10263.7001953125,10272.7001953125,10108.5498046875,10121.7998046875,143400.0,-0.010242946252702612,-0.010295766224326257,-0.013825461375986689,0.0036327394218499316
2017-12-04,10175.0498046875,10179.2001953125,10095.7001953125,10127.75,148600.0,0.0005878594150563465,0.0005876866933977984,-0.0046486066992723375,0.005260922071916442
2017-12-05,10118.25,10147.9501953125,10069.099609375,10118.25,155500.0,-0.0009380168349337747,-0.000938457048031478,0.0,-0.0009380168349337217
2017-12-06,10088.7998046875,10104.2001953125,10033.349609375,10044.099609375,166100.0,-0.007328380957675518,-0.007355365457362713,-0.0044306752218168915,-0.0029106016665431276
2017-12-07,10063.4501953125,10182.650390625,10061.900390625,10166.7001953125,166200.0,0.012206229598028528,0.012132334291871919,0.010259900729482746,0.0019265625282567365
2017-12-08,10198.4501953125,10270.849609375,10195.25,10265.650390625,200000.0,0.009732773998600175,0.009685715646246356,0.006589255624681791,0.0031229405205278685
2017-12-11,10310.5,10329.2001953125,10282.0498046875,10322.25,147400.0,0.0055134947345070184,0.005498351059959995,0.001139614955627758,0.004368900914057861
2017-12-12,10324.900390625,10326.099609375,10230.2001953125,10240.150390625,175100.0,-0.007953654423696332,-0.007985453457626933,-0.008208311634362392,0.00025676481629489695
2017-12-13,10236.599609375,10296.5498046875,10169.849609375,10192.9501953125,181600.0,-0.004609326378225087,-0.0046199820794001496,-0.004264054053899353,-0.0003467508888590923
2017-12-14,10229.2998046875,10276.099609375,10141.5498046875,10252.099609375,154300.0,0.005802972930222028,0.005786200538018408,0.002228872466623,0.003566151965670973
2017-12-15,10345.650390625,10373.099609375,10319.650390625,10333.25,255100.0,0.007915489872025061,0.007884326721783314,-0.0011986090924005087,0.00912503631592233
2017-12-18,10263.099609375,10443.5498046875,10074.7998046875,10388.75,230400.0,0.005371011056540809,0.005356638616709943,0.012242928102366126,-0.006788802228243776
2017-12-19,10414.7998046875,10472.2001953125,10406.0,10463.2001953125,169100.0,0.007166424768379365,0.007140867974318959,0.004647270377988055,0.0025075013536277222
2017-12-20,10494.400390625,10494.4501953125,10437.150390625,10444.2001953125,175200.0,-0.001815888030940238,-0.0018175387542658723,-0.004783522015926276,0.002981897959524625
2017-12-21,10473.9501953125,10473.9501953125,10426.900390625,10440.2998046875,151900.0,-0.00037345038892977467,-0.00037352013889224483,-0.0032127697762072477,0.002848470868391838
2017-12-22,10457.2998046875,10501.099609375,10448.25,10493.0,138800.0,0.0050477664720738336,0.0050350692095142814,0.0034139018656132755,0.0016283057304893982
2017-12-26,10512.2998046875,10545.4501953125,10477.9501953125,10531.5,155600.0,0.003669112741827796,0.0036623979675021196,0.001826450507427358,0.0018393028387972935
2017-12-27,10531.0498046875,10552.400390625,10469.25,10490.75,165200.0,-0.003869344347908643,-0.0038768496273459364,-0.003826760430813086,-4.274750154299008e-05
2017-12-28,10498.2001953125,10534.5498046875,10460.4501953125,10477.900390625,272900.0,-0.0012248513571480046,-0.0012256021006669842,-0.0019336461783767437,0.0007101680349355385
2017-12-29,10492.349609375,10538.7001953125,10488.650390625,10530.7001953125,152000.0,0.005039158869532878,0.005026504801246669,0.003655099893281619,0.0013790185257848318
2018-01-02,10477.5498046875,10495.2001953125,10404.650390625,10442.2001953125,153400.0,-0.008403999578242116,-0.008439512288536271,-0.0033738431249627763,-0.005047184863230527
2018-01-03,10482.650390625,10503.599609375,10429.5498046875,10443.2001953125,167300.0,9.576525840304662e-05,9.576067320342099e-05,-0.0037633798555164718,0.003873723406553542
2018-01-04,10469.400390625,10513.0,10441.4501953125,10504.7998046875,174900.0,0.0058985376343401175,0.005881209368789884,0.003381226502159474,0.0025088282157283677
2018-01-05,10534.25,10566.099609375,10520.099609375,10558.849609375,180900.0,0.005145248428569005,0.005132056867763014,0.002335202731566082,0.0028034989585768782
2018-01-08,10591.7001953125,10631.2001953125,10588.5498046875,10623.599609375,169000.0,0.006132296831134809,0.006113570815585057,0.003011736876447609,0.0031111898694278772
2018-01-09,10645.099609375,10659.150390625,10603.599609375,10637.0,205000.0,0.0012613794869653638,0.001260584616212523,-0.0007608768045596098,0.002023796151073588
2018-01-10,10652.0498046875,10655.5,10592.7001953125,10632.2001953125,176400.0,-0.0004512366915013777,-0.0004513385294137436,-0.0018634544279228827,0.0014148542528438469
2018-01-11,10637.0498046875,10664.599609375,10612.349609375,10651.2001953125,153800.0,0.0017870242895141608,0.0017854294613236375,0.0013302927865172026,0.000456124723567384
2018-01-12,10682.5498046875,10690.400390625,10597.099609375,10681.25,175200.0,0.00282125996474325,0.0028172876803263624,-0.00012167550924308783,0.002943293600733999
2018-01-15,10718.5,10782.650390625,10713.7998046875,10741.5498046875,175900.0,0.005645388385020489,0.005629512900836509,0.002150469252927182,0.0034874195435927445
2018-01-16,10761.5,10762.349609375,10687.849609375,10700.4501953125,211000.0,-0.003826227138756466,-0.00383356587156863,-0.005672982826511174,0.0018572920737931079
2018-01-17,10702.4501953125,10803.0,10666.75,10788.5498046875,252700.0,0.008233261943837888,0.00819955353642979,0.008044850272950602,0.00018690802382091655
2018-01-18,10873.400390625,10887.5,10782.400390625,10817.0,312000.0,0.002637073177355065,0.002633602200690908,-0.005187005775454399,0.007864874100190315
2018-01-19,10829.2001953125,10906.849609375,10793.900390625,10894.7001953125,207600.0,0.007183155709762357,0.007157479729840962,0.006048461457786343,0.0011278723594804474
2018-01-22,10883.2001953125,10975.099609375,10881.400390625,10966.2001953125,231600.0,0.006562824007838586,0.006541382438729125,0.007626433265074817,-0.0010555591061558475
2018-01-23,10997.400390625,11092.900390625,10994.5498046875,11083.7001953125,284600.0,0.010714741469905364,0.010657745398174344,0.007847291325417992,0.002845123630502069
2018-01-24,11069.349609375,11110.099609375,11046.150390625,11086.0,283400.0,0.00020749430668232094,0.000207472782716017,0.0015041887023694899,-0.0012947468520999085
2018-01-25,11095.599609375,11095.599609375,11009.2001953125,11069.650390625,330300.0,-0.001474797886974577,-0.0014758864718050037,-0.002338694587363691,0.000865921827079199
2018-01-29,11079.349609375,11171.5498046875,11075.9501953125,11130.400390625,241700.0,0.005487978197707966,0.00547297411504586,0.0046077417041522385,0.0008761991939884901
2018-01-30,11120.849609375,11121.099609375,11033.900390625,11049.650390625,228000.0,-0.0072549052294663685,-0.007281350035077295,-0.006402318280608548,-0.0008580806543172073
2018-01-31,11018.7998046875,11058.5,10979.2998046875,11027.7001953125,245900.0,-0.001986505865481769,-0.0019884815852113905,0.0008077459235817762,-0.002791996565219382
2018-02-01,11044.5498046875,11117.349609375,10878.7998046875,11016.900390625,306200.0,-0.000979334267002474,-0.000979814128127614,-0.002503444192063411,0.0015279350251253833
2018-02-02,10938.2001953125,10954.9501953125,10736.099609375,10760.599609375,282700.0,-0.023264327729431322,-0.023539213933076866,-0.016236728416582618,-0.007143587808007335
2018-02-05,10604.2998046875,10702.75,10586.7998046875,10666.5498046875,240100.0,-0.00874020111347329,-0.00877862069830589,0.005870260285595014,-0.01452519472533169
2018-02-06,10295.150390625,10594.150390625,10276.2998046875,10498.25,266500.0,-0.015778279553294694,-0.01590408165467595,0.019727697184486703,-0.03481907653956536
2018-02-07,10607.2001953125,10614.0,10446.400390625,10476.7001953125,250400.0,-0.0020527044686019513,-0.0020548141539544224,-0.012302963797899294,0.010377938733836592
2018-02-08,10518.5,10637.7998046875,10479.5498046875,10576.849609375,232200.0,0.009559251691416026,0.009513851145813865,0.005547331784474973,0.003989787233407913
2018-02-09,10416.5,10480.2001953125,10398.2001953125,10454.9501953125,191600.0,-0.011525115565078292,-0.0115920444485001,0.003691277810444967,-0.015160432009250746
2018-02-12,10518.2001953125,10555.5,10485.400390625,10539.75,217400.0,0.008110971654893273,0.008078254517088934,0.0020488110406097614,0.006049765787345241
2018-02-14,10585.75,10590.5498046875,10456.650390625,10500.900390625,229200.0,-0.0036860086221209842,-0.003692818691702758,-0.00801545562430626,0.00436442989634479
2018-02-15,10537.900390625,10618.099609375,10511.0498046875,10545.5,210600.0,0.004247217640005241,0.004238223668407977,0.0007211692171393991,0.003523507377808562
2018-02-16,10596.2001953125,10612.900390625,10434.0498046875,10452.2998046875,184300.0,-0.00883791146104973,-0.008877197442514924,-0.013580376736243434,0.004807756418614575
2018-02-19,10488.900390625,10489.349609375,10302.75,10378.400390625,187300.0,-0.0070701582851038225,-0.007095270288084443,-0.010534946074877889,0.0035016777763192254
2018-02-20,10391.0,10429.349609375,10347.650390625,10360.400390625,187700.0,-0.001734371321447492,-0.0017358770846747271,-0.0029448185328649792,0.0012140222867467571
2018-02-21,10426.0,10426.099609375,10349.599609375,10397.4501953125,234100.0,0.003576097765586983,0.003569718731482044,-0.0027383277083732976,0.0063317639185412455
2018-02-22,10354.349609375,10397.5498046875,10340.650390625,10382.7001953125,313600.0,-0.0014186170381128571,-0.0014196242279203768,0.002738036381525201,-0.0041453034280396085
2018-02-23,10408.099609375,10499.099609375,10396.650390625,10491.0498046875,210600.0,0.010435590678416817,0.010381515779008083,0.007969773390502852,0.0024463206665610096
2018-02-26,10526.5498046875,10592.9501953125,10520.2001953125,10582.599609375,171900.0,0.008726467454819975,0.008688611908417675,0.005324613071468191,0.003383836761897581
2018-02-27,10615.2001953125,10631.650390625,10537.25,10554.2998046875,187500.0,-0.0026741826897078713,-0.002677764703635068,-0.005737092989719838,0.003080583896287593
2018-02-28,10488.9501953125,10535.5,10461.5498046875,10492.849609375,286000.0,-0.005822290104475547,-0.0058393057141950064,0.0003717639982924739,-0.00619175223220172
2018-03-01,10479.9501953125,10525.5,10447.150390625,10458.349609375,176000.0,-0.0032879533476946055,-0.003293370543887722,-0.002061134407600674,-0.0012293528014520306
2018-03-05,10428.2998046875,10428.7001953125,10323.900390625,10358.849609375,194000.0,-0.009513929416818057,-0.009559475957881534,-0.006659781231191903,-0.0028732836259903727
2018-03-06,10420.5,10441.349609375,10215.900390625,10249.25,222900.0,-0.010580287725753812,-0.01063665692404489,-0.016433952305551558,0.005951470766522661
2018-03-07,10232.9501953125,10243.349609375,10141.5498046875,10154.2001953125,249500.0,-0.00927383024977435,-0.009317099938461516,-0.007695727868984814,-0.0015903412139912677
2018-03-08,10216.25,10270.349609375,10146.400390625,10242.650390625,226400.0,0.008710700361544088,0.00867298109371104,0.002584156674415759,0.006110752545153104
2018-03-09,10271.2998046875,10296.7001953125,10211.900390625,10226.849609375,186500.0,-0.001542645765246653,-0.0015438368683495453,-0.004327611515361894,0.0027970703841187954
2018-03-12,10301.599609375,10433.650390625,10295.4501953125,10421.400390625,216400.0,0.019023530088059015,0.018844845326350685,0.01162933775265105,0.007309191281299017
2018-03-13,10389.5,10478.599609375,10377.849609375,10426.849609375,266700.0,0.0005228873803659884,0.000522750722395459,0.003594938098561047,-0.0030610464457058294
2018-03-14,10393.0498046875,10420.349609375,10336.2998046875,10410.900390625,181400.0,-0.001529629691374823,-0.0015308007692338495,0.0017175503122720515,-0.003241612371306275
2018-03-15,10405.4501953125,10420.0,10346.2001953125,10360.150390625,173900.0,-0.004874698450260895,-0.004886618546444992,-0.004353468983774185,-0.0005235085446987748
2018-03-16,10345.150390625,10346.2998046875,10180.25,10195.150390625,328500.0,-0.01592640973139836,-0.0160545978679463,-0.014499547549925737,-0.001447855430127119
2018-03-19,10215.349609375,10224.5498046875,10075.2998046875,10094.25,210200.0,-0.009896900659531527,-0.00994620052782473,-0.01185467105931083,0.001981257556394096
2018-03-20,10051.5498046875,10155.650390625,10049.099609375,10124.349609375,203000.0,0.002981856935879268,0.002977420018466655,0.0072426447763856375,-0.004230150364068653
2018-03-21,10181.9501953125,10227.2998046875,10132.9501953125,10155.25,204800.0,0.003052086486265315,0.003047438325629427,-0.0026223066112415344,0.005689312218551076
2018-03-22,10167.5,10207.849609375,10105.400390625,10114.75,230500.0,-0.003988084980675044,-0.003996058598285198,-0.00518809933611999,0.0012062726176115801
2018-03-23,9968.7998046875,10027.7001953125,9951.900390625,9998.0498046875,285700.0,-0.011537625281148767,-0.011604700101594518,0.002934154619721238,-0.014429441687881558
2018-03-26,9989.150390625,10143.5,9958.5498046875,10130.650390625,262600.0,0.013262645068574441,0.01317546616079525,0.01416536887189128,-0.0008901149960592901
2018-03-27,10188.0,10207.900390625,10139.650390625,10184.150390625,225700.0,0.005281003483202706,0.005267107884641591,-0.00037785722173144874,0.005660999754573692
2018-03-28,10143.599609375,10158.349609375,10096.900390625,10113.7001953125,344400.0,-0.006917631084606968,-0.006941668814759831,-0.0029476137874040417,-0.0039817539701032835
2018-04-02,10151.650390625,10220.099609375,10127.75,10211.7998046875,225400.0,0.009699675438319622,0.009652935584409928,0.005925087227003768,0.0037523551795701007
2018-04-03,10186.849609375,10255.349609375,10171.0498046875,10245.0,205300.0,0.0032511600254110373,0.0032458864317621047,0.005708378238104541,-0.0024432710971328646
2018-04-04,10274.599609375,10279.849609375,10111.2998046875,10128.400390625,231100.0,-0.011381123413860439,-0.011446384030859532,-0.014229188903536577,0.00288917612249878
2018-04-05,10228.4501953125,10331.7998046875,10227.4501953125,10325.150390625,236800.0,0.019425574859986305,0.019239306758980577,0.009454041762535621,0.009878144704874385
2018-04-06,10322.75,10350.4501953125,10290.849609375,10331.599609375,200200.0,0.0006246125727966678,0.0006244175835545499,0.0008572918432588215,-0.00023247996728255888
2018-04-09,10333.7001953125,10397.7001953125,10328.5,10379.349609375,221600.0,0.004621743176794313,0.004611095715747583,0.00441752839735056,0.00020331662249027795
2018-04-10,10412.900390625,10424.849609375,10381.5,10402.25,251700.0,0.002206341580816895,0.0022039111834326382,-0.0010228073087675763,0.003232455068253577
2018-04-11,10428.150390625,10428.150390625,10355.599609375,10417.150390625,250400.0,0.0014324199692374862,0.001431395034394698,-0.0010548371080157319,0.002489883498762287
2018-04-12,10410.650390625,10469.900390625,10395.25,10458.650390625,238600.0,0.003983815001590951,0.0039759006232568585,0.0046106629460177595,-0.000623971024345557
2018-04-13,10495.2998046875,10519.900390625,10451.4501953125,10480.599609375,213100.0,0.002098666456015641,0.002096467331850084,-0.0014006455828860147,0.0035042202094595363
2018-04-16,10398.2998046875,10540.150390625,10396.349609375,10528.349609375,195000.0,0.004556037037927396,0.004545689717794212,0.012506833533389201,-0.00785258551561134
2018-04-17,10557.2998046875,10560.4501953125,10495.650390625,10548.7001953125,206100.0,0.001932932196645476,0.0019310664870136763,-0.0008145652329757392,0.002749737270001104
2018-04-18,10578.900390625,10594.2001953125,10509.7001953125,10526.2001953125,205400.0,-0.002132964212026689,-0.0021352422200410556,-0.0049816326240487915,0.0028629304799012096
2018-04-19,10563.650390625,10572.2001953125,10546.2001953125,10565.2998046875,262600.0,0.0037145036812440413,0.0037076219486611,0.00015614053868763183,0.0035578076245573616
2018-04-20,10560.349609375,10582.349609375,10527.4501953125,10564.0498046875,244600.0,-0.00011831183431687542,-0.00011831883371402492,0.00035038568317995216,-0.0004685333501188248
2018-04-23,10592.7998046875,10638.349609375,10514.9501953125,10584.7001953125,194200.0,0.0019547797489403163,0.0019528716532068399,-0.0007646334797544065,0.002721494174255312
2018-04-24,10578.099609375,10636.7998046875,10569.0,10614.349609375,219200.0,0.0028011576629851653,0.002797241731914462,0.0034268915342669766,-0.0006235968724388727
2018-04-25,10612.400390625,10612.599609375,10536.4501953125,10570.5498046875,189200.0,-0.00412647089076601,-0.004135008266019891,-0.003943555123916247,-0.0001836399611595962
2018-04-26,10586.5,10628.400390625,10559.650390625,10617.7998046875,335100.0,0.0044699661676110836,0.004460005540255803,0.00295657721508525,0.0015089276912944396
2018-04-27,10651.650390625,10719.7998046875,10647.5498046875,10692.2998046875,0.0,0.007016519558704637,0.006992018327494462,0.003816255000096266,0.003188097963813161
2018-04-30,10705.75,10759.0,10704.599609375,10739.349609375,173800.0,0.004400344691688707,0.004390691482923282,0.003138463851201457,0.0012579328636673132
2018-05-02,10783.849609375,10784.650390625,10689.7998046875,10718.0498046875,229700.0,-0.0019833421447520427,-0.0019853115722468315,-0.006101699028730572,0.004143640128928606
2018-05-03,10720.150390625,10720.599609375,10647.4501953125,10679.650390625,185200.0,-0.003582686660562606,-0.003589119852419833,-0.003777932074107665,0.00019598583471606154
2018-05-04,10700.4501953125,10700.4501953125,10601.599609375,10618.25,186500.0,-0.0057492884485150775,-0.005765879228025447,-0.007681938031776372,0.0019476110103528157
2018-05-07,10653.150390625,10725.650390625,10635.650390625,10715.5,168400.0,0.00915875968262192,0.009117072584576636,0.005852692122873717,0.0032868307513008264
2018-05-08,10757.900390625,10758.5498046875,10689.400390625,10717.7998046875,269800.0,0.00021462411343375898,0.00021460108497364168,-0.0037275476144439635,0.003956921340581401
2018-05-09,10693.349609375,10766.25,10689.849609375,10741.7001953125,215400.0,0.0022299717349214543,0.002227489038162844,0.004521556640690996,-0.0022812700141876642
2018-05-10,10779.650390625,10785.5498046875,10705.0,10716.5498046875,192100.0,-0.0023413789407356056,-0.002344124254457977,-0.005853676478448523,0.0035329784505678937
2018-05-11,10741.9501953125,10812.0498046875,10724.4501953125,10806.5,203100.0,0.00839357787271755,0.008358547680564028,0.006009132747205234,0.0023702022654613778
2018-05-14,10815.150390625,10834.849609375,10774.75,10806.599609375,171400.0,9.217542682682378e-06,9.217500201396874e-06,-0.0007906298979820156,0.0008004803243418313
2018-05-15,10812.599609375,10929.2001953125,10781.400390625,10801.849609375,254300.0,-0.0004395462191344457,-0.00043964284789006357,-0.00099421049408685,0.0005552162768013397
2018-05-16,10751.9501953125,10790.4501953125,10699.7001953125,10741.099609375,231100.0,-0.005624036826737067,-0.005639911268794516,-0.001009173753634992,-0.004619524976462545
2018-05-17,10775.599609375,10777.25,10664.5,10682.7001953125,214100.0,-0.005437005165795927,-0.005451839472282671,-0.008621275606944001,0.0032119616477523268
2018-05-18,10671.849609375,10674.9501953125,10589.099609375,10596.400390625,223000.0,-0.008078463600931896,-0.008111271197454395,-0.007069928973110661,-0.0010157156654327121
2018-05-21,10616.7001953125,10621.7001953125,10505.7998046875,10516.7001953125,0.0,-0.007521440524559053,-0.007549869197766206,-0.009419122529630453,0.0019157264674011314
2018-05-22,10518.4501953125,10558.599609375,10490.5498046875,10536.7001953125,241700.0,0.0019017372016476575,0.0018999311888009693,0.0017350464812898986,0.000166402005144162
2018-05-23,10521.099609375,10533.5498046875,10417.7998046875,10430.349609375,290900.0,-0.010093348388598211,-0.010144631600820039,-0.008625524267362293,-0.0014805950295938275
2018-05-24,10464.849609375,10535.150390625,10419.7998046875,10513.849609375,297600.0,0.008005484296034426,0.007973610404251362,0.0046823415365762205,0.003307655188181874
2018-05-25,10533.0498046875,10628.0498046875,10524.0,10605.150390625,260800.0,0.00868385840031305,0.008646370571623485,0.006845176589349576,0.0018261812776339838
2018-05-28,10648.349609375,10709.7998046875,10640.5498046875,10688.650390625,232600.0,0.007873532851907061,0.00784269833741265,0.003784697415881092,0.004073418778501086
2018-05-29,10689.400390625,10717.25,10616.099609375,10633.2998046875,225800.0,-0.005178444790938985,-0.005191899405584954,-0.005248244418527188,7.016788580322769e-05
2018-05-30,10579.0,10648.7001953125,10558.4501953125,10614.349609375,238700.0,-0.0017821556488181178,-0.0017837455774774606,0.003341488739483883,-0.00510658080604131
2018-05-31,10670.099609375,10763.7998046875,10620.400390625,10736.150390625,610300.0,0.011475105468772284,0.011409765823805856,0.00619026847621612,0.005252323698736987
2018-06-01,10738.4501953125,10764.75,10681.5,10696.2001953125,220600.0,-0.0037210912532843476,-0.003728031736138272,-0.003934459743403455,0.0002142112958391707
2018-06-04,10765.9501953125,10770.2998046875,10618.349609375,10628.5,203800.0,-0.006329368754912523,-0.00634948413268003,-0.012767121602730977,0.006521007341519956
2018-06-05,10630.7001953125,10633.150390625,10550.900390625,10593.150390625,167700.0,-0.003325926459519235,-0.003331469647161854,-0.0035322042760699062,0.00020700901467751799
2018-06-06,10603.4501953125,10698.349609375,10587.5,10684.650390625,189900.0,0.0086376570355291,0.00860056590990892,0.007657903212333323,0.0009723079827711487
2018-06-07,10722.599609375,10818.0,10722.599609375,10768.349609375,220900.0,0.007833594520176401,0.007803071219768874,0.004266689204733504,0.003551751097377755
2018-06-08,10736.400390625,10779.4501953125,10709.0498046875,10767.650390625,209400.0,-6.493276828523076e-05,-6.49348765086917e-05,0.002910658960454514,-0.0029669559318713785
2018-06-11,10781.849609375,10850.5498046875,10777.0498046875,10786.9501953125,211400.0,0.0017923877528847054,0.0017907833428202438,0.00047307151576895997,0.0013186924013025851
2018-06-12,10816.150390625,10856.5498046875,10789.400390625,10842.849609375,198300.0,0.005182133323169635,0.005168752278609608,0.002468458535223567,0.0027069926887387527
2018-06-13,10887.5,10893.25,10842.650390625,10856.7001953125,213400.0,0.0012773935299743577,0.001276578356983104,-0.002828914322617681,0.00411795720069696
2018-06-14,10832.900390625,10833.7001953125,10773.5498046875,10808.0498046875,184300.0,-0.0044811397339686865,-0.004491210136474933,-0.0022939919173452544,-0.0021921766521448044
2018-06-15,10808.650390625,10834.0,10755.400390625,10817.7001953125,305400.0,0.000892889170515776,0.0008924907821071907,0.0008372742535321011,5.556839100052289e-05
2018-06-18,10830.2001953125,10830.2001953125,10787.349609375,10799.849609375,196600.0,-0.00165012762557748,-0.0016514905857463397,-0.002802403038739419,0.0011555136280645372
2018-06-19,10789.4501953125,10789.4501953125,10701.2001953125,10710.4501953125,224500.0,-0.008277838793689818,-0.00831229035595547,-0.007321967159579801,-0.0009629221182369618
2018-06-20,10734.650390625,10781.7998046875,10724.0498046875,10772.0498046875,193500.0,0.005751355755517995,0.005734879851344152,0.003483989948583925,0.002259493753408365
2018-06-21,10808.4501953125,10809.599609375,10725.900390625,10741.099609375,223600.0,-0.0028731945983977436,-0.002877330145384961,-0.006231289844561542,0.003379151719959578
2018-06-22,10742.7001953125,10837.0,10710.4501953125,10821.849609375,229800.0,0.007517852262492797,0.00748973404895337,0.00736773926698953,0.00014901509116468706
2018-06-25,10822.900390625,10831.0498046875,10753.0498046875,10762.4501953125,229600.0,-0.005488841206131911,-0.0055039602444048865,-0.005585396994401159,9.709811981583122e-05
2018-06-26,10742.7001953125,10805.25,10732.5498046875,10769.150390625,220000.0,0.0006225529680423669,0.0006223592623338975,0.0024621552153192687,-0.0018350839856710282
2018-06-27,10785.5,10785.5,10652.400390625,10671.400390625,246000.0,-0.009076853461448153,-0.009118299083682797,-0.010578981908580965,0.0015181893447446908
2018-06-28,10660.7998046875,10674.2001953125,10557.7001953125,10589.099609375,352300.0,-0.007712275637441368,-0.007742169031781291,-0.006725592509576419,-0.0009933640899476312
2018-06-29,10612.849609375,10723.0498046875,10612.349609375,10714.2998046875,242800.0,0.011823497741172861,0.011754146307527904,0.009559185237382676,0.002242872470382002
2018-07-02,10732.349609375,10736.150390625,10604.650390625,10657.2998046875,295400.0,-0.005319993003655044,-0.005334194556937323,-0.006992858732624769,0.001684646222014734
2018-07-03,10668.599609375,10713.2998046875,10630.25,10699.900390625,202100.0,0.003997315147197256,0.003989347109783859,0.002933916577251107,0.0010602877740691786
2018-07-04,10715.0,10777.150390625,10677.75,10769.900390625,173900.0,0.006542116977213297,0.0065208102070441875,0.005123694878674755,0.0014111915834496853
2018-07-05,10786.0498046875,10786.0498046875,10726.25,10749.75,220500.0,-0.0018709913642785958,-0.0018727438548922296,-0.003365440114296941,0.0014994952113538363
2018-07-06,10744.150390625,10816.349609375,10735.0498046875,10772.650390625,0.0,0.0021303184376380013,0.002128052526818883,0.0026526062055933415,-0.0005209060094420801
2018-07-09,10838.2998046875,10860.349609375,10807.150390625,10852.900390625,183600.0,0.007449420253147654,0.007421810355794803,0.0013471288117703972,0.006094081928030638
2018-07-10,10902.75,10956.900390625,10876.650390625,10947.25,197000.0,0.008693492612951825,0.008655921796766377,0.0040815390612460156,0.0045932062011793005
2018-07-11,10956.400390625,10976.650390625,10923.0,10948.2998046875,222300.0,9.589665783638068e-05,9.589206004582807e-05,-0.0007393473813198158,0.0008358620315604376
2018-07-12,11006.9501953125,11078.2998046875,10999.650390625,11023.2001953125,248300.0,0.006841280560560881,0.006817985187144955,0.0014763399226536288,0.005357031837937879
2018-07-13,11056.900390625,11071.349609375,10999.75,11018.900390625,0.0,-0.0003900686380828855,-0.00039014473464332456,-0.0034367678696119665,0.003057206139359662
2018-07-16,11018.9501953125,11019.5,10926.25,10936.849609375,210500.0,-0.0074463674542162295,-0.007474230051277428,-0.0074508537094963795,4.519932637051004e-06
2018-07-17,10939.650390625,11018.5,10925.599609375,11008.0498046875,210600.0,0.006510119262449043,0.006489019959189796,0.00625243144160407,0.00025608665658154314
2018-07-18,11060.2001953125,11076.2001953125,10956.2998046875,10980.4501953125,225500.0,-0.002507220612614547,-0.0025103689537061304,-0.007210538560938472,0.004737477714062765
2018-07-19,10999.5,11006.5,10935.4501953125,10957.099609375,215400.0,-0.0021265599790679657,-0.00212882431847883,-0.0038547561820991864,0.0017348837569184793
2018-07-20,10963.5,11030.25,10946.2001953125,11010.2001953125,187300.0,0.00484622644956767,0.004834521296150269,0.0042596064498107355,0.0005841318280545486
2018-07-23,11019.849609375,11093.400390625,11010.9501953125,11084.75,229100.0,0.006770976309698584,0.0067481562013002455,0.005889408016039239,0.0008764067765641679
2018-07-24,11109.0,11143.400390625,11092.5,11134.2998046875,205800.0,0.00447008770495505,0.004460126536742217,0.0022774151307498425,0.002187690295225422
2018-07-25,11148.400390625,11157.150390625,11113.25,11132.0,205900.0,-0.0002065513528324292,-0.00020657268750096133,-0.0014710980993104218,0.0012664097594680991
2018-07-26,11132.9501953125,11185.849609375,11125.7001953125,11167.2998046875,365400.0,0.0031710209025781477,0.0031660038191820943,0.0030854004349595327,8.535710676428315e-05
2018-07-27,11232.75,11283.400390625,11210.25,11278.349609375,314600.0,0.009944194803553685,0.00989507665693427,0.004059523213371614,0.005860879214958223
2018-07-30,11296.650390625,11328.099609375,11261.4501953125,11319.5498046875,278800.0,0.0036530340643325943,0.0036463779405013436,0.002027097703360285,0.0016226470967691659
2018-07-31,11311.0498046875,11366.0,11267.75,11356.5,256500.0,0.0032642813495284972,0.003258965149071806,0.004018211934109302,-0.0007509132559741991
2018-08-01,11359.7998046875,11390.5498046875,11313.5498046875,11346.2001953125,269700.0,-0.0009069523785937283,-0.0009073639087465626,-0.0011971698101042472,0.00029056528750055034
2018-08-02,11328.900390625,11328.900390625,11234.9501953125,11244.7001953125,210000.0,-0.008945726168478219,-0.008985979419681003,-0.00743233609699474,-0.0015247223202219838
2018-08-03,11297.7998046875,11368.0,11294.5498046875,11360.7998046875,218300.0,0.010324829240302646,0.010271892255968624,0.005576306988008503,0.004722189871912749
2018-08-06,11401.5,11427.650390625,11370.599609375,11387.099609375,203700.0,0.0023149606664707445,0.0023122852731850252,-0.001263025972459764,0.0035825114439308205
2018-08-07,11423.150390625,11428.9501953125,11359.7001953125,11389.4501953125,226400.0,0.00020642534254866618,0.00020640403976921495,-0.0029501664742291943,0.0031659318427599763
2018-08-08,11412.5,11459.9501953125,11379.2998046875,11450.0,210500.0,0.005316306199962151,0.005302224530419492,0.0032858707557502738,0.0020237855464688274
2018-08-09,11493.25,11495.2001953125,11454.099609375,11470.7001953125,302200.0,0.001807877319869089,0.0018062450766348273,-0.001962004192678311,0.003777292576419214
2018-08-10,11474.9501953125,11478.75,11419.650390625,11429.5,0.0,-0.003591776841080363,-0.003598242758917501,-0.003960818525475286,0.00037050920411438895
2018-08-13,11369.599609375,11406.2998046875,11340.2998046875,11355.75,246900.0,-0.006452600726191027,-0.006473508743511776,-0.0012181263941414494,-0.005240858359945755
2018-08-14,11381.7001953125,11452.4501953125,11370.7998046875,11435.099609375,232600.0,0.006987615029830696,0.00696331478277028,0.00469169044572904,0.002285203118464214
2018-08-16,11397.150390625,11449.849609375,11366.25,11385.0498046875,290600.0,-0.004376857779749166,-0.004386464262815843,-0.0010617203004931503,-0.0033186609689772667
2018-08-17,11437.150390625,11486.4501953125,11431.7998046875,11470.75,234700.0,0.0075274326228431665,0.007499242877784467,0.0029377605633778767,0.004576228196739985
2018-08-20,11502.099609375,11565.2998046875,11499.650390625,11551.75,232600.0,0.007061438877143944,0.007036623669863275,0.0043166371628821166,0.0027330043262210404
2018-08-21,11576.2001953125,11581.75,11539.599609375,11570.900390625,224200.0,0.00165779129785526,0.001656418678663017,-0.00045781902507577803,0.0021165793332179107
2018-08-23,11620.7001953125,11620.7001953125,11546.7001953125,11582.75,248500.0,0.0010240870610727093,0.001023563041648874,-0.0032657408481984724,0.00430388327669374
2018-08-24,11566.599609375,11604.599609375,11532.0,11557.099609375,218800.0,-0.0022145337355118366,-0.0022169894415104054,-0.0008213304100454924,-0.0013943485463296713
2018-08-27,11605.849609375,11700.9501953125,11595.599609375,11691.9501953125,199500.0,0.011668203138797129,0.011600654595540067,0.007418723215916004,0.004218186365760359
2018-08-28,11731.9501953125,11760.2001953125,11710.5,11738.5,241900.0,0.003981355027167455,0.003973450407027797,0.0005582878019817178,0.00342115723483296
2018-08-29,11744.9501953125,11753.2001953125,11678.849609375,11691.900390625,251600.0,-0.003969809547642367,-0.003977710157774837,-0.004516818190397486,0.0005494905918558589
2018-08-30,11694.75,11698.7998046875,11639.7001953125,11676.7998046875,313800.0,-0.0012915424723947133,-0.0012923772322029556,-0.0015348934618097864,0.0002437250814491135
2018-08-31,11675.849609375,11727.650390625,11640.099609375,11680.5,346500.0,0.00031688436681198695,0.0003168341695652239,0.00039829141181006803,-8.137463418003933e-05
2018-09-03,11751.7998046875,11751.7998046875,11567.400390625,11582.349609375,234400.0,-0.00840292715423141,-0.008438430776075216,-0.014419084576722498,0.006104174024014383
2018-09-04,11598.75,11602.5498046875,11496.849609375,11520.2998046875,254800.0,-0.00535727264157837,-0.005371674285373425,-0.006763676716240974,0.001415981314510242
2018-09-05,11514.849609375,11542.650390625,11393.849609375,11476.9501953125,246100.0,-0.0037628889968090995,-0.003769986473883496,-0.0032913511985118403,-0.000473094919828594
2018-09-06,11514.150390625,11562.25,11436.0498046875,11536.900390625,247900.0,0.005223530144531363,0.005209934834070753,0.0019758296728973946,0.0032412962223791453
2018-09-07,11558.25,11603.0,11484.400390625,11589.099609375,295900.0,0.0045245444601755835,0.0045143394792379185,0.00266905538251898,0.0018505498575985717
2018-09-10,11570.25,11573.0,11427.2998046875,11438.099609375,286700.0,-0.013029485041085365,-0.013115113390097494,-0.011421567435880815,-0.0016264947243832136
2018-09-11,11476.849609375,11479.400390625,11274.0,11287.5,0.0,-0.013166488710376734,-0.013253935347788789,-0.016498395972735197,0.00338780053709616
2018-09-12,11340.099609375,11380.75,11250.2001953125,11369.900390625,268200.0,0.0073001453488372725,0.007273628261968242,0.002627911771194966,0.004659987541528239
2018-09-14,11443.5,11523.25,11430.5498046875,11515.2001953125,276600.0,0.012779338401883056,0.012698371727607837,0.006265582672477826,0.006473197376090139
2018-09-17,11464.9501953125,11464.9501953125,11366.900390625,11377.75,201400.0,-0.011936413868727347,-0.012008224872722099,-0.007605806726325965,-0.004363797341574252
2018-09-18,11381.5498046875,11411.4501953125,11268.9501953125,11278.900390625,240900.0,-0.008687975159851424,-0.008725935642451747,-0.009018931149448888,0.0003339680242139263
2018-09-19,11326.650390625,11332.0498046875,11210.900390625,11234.349609375,250600.0,-0.003949922395540484,-0.003957743942134398,-0.008148991808416441,0.004233568729775263
2018-09-21,11271.2998046875,11346.7998046875,10866.4501953125,11143.099609375,719000.0,-0.00812241056873042,-0.008155577062129398,-0.011374038268344544,0.0032890373361414062
2018-09-24,11164.400390625,11170.150390625,10943.599609375,10967.400390625,0.0,-0.015767535507102526,-0.015893165427847328,-0.017645372174705,0.0019115669783727914
2018-09-25,10969.9501953125,11080.599609375,10882.849609375,11067.4501953125,405000.0,0.009122472156029238,0.009081113743931286,0.008887916377383565,0.00023248943201522836
2018-09-26,11145.5498046875,11145.5498046875,10993.0498046875,11053.7998046875,340500.0,-0.0012333817079910325,-0.001234142949208208,-0.008231985106864138,0.007056693998774736
2018-09-27,11079.7998046875,11089.4501953125,10953.349609375,10977.5498046875,405700.0,-0.006898080420062014,-0.006921982157626523,-0.009228506092388183,0.002352132339955567
2018-09-28,11008.099609375,11034.099609375,10850.2998046875,10930.4501953125,478100.0,-0.004290539347394984,-0.004299770124143364,-0.007053843698540865,0.002782934737809615
2018-10-01,10930.900390625,11035.650390625,10821.5498046875,11008.2998046875,387000.0,0.007122269255513958,0.007097025685968254,0.007080790355466272,4.1187261682328994e-05
2018-10-03,10982.7001953125,10989.0498046875,10843.75,10858.25,386800.0,-0.01363060666494631,-0.013724356268050715,-0.01133147523826757,-0.0023254825748931095
2018-10-04,10754.7001953125,10754.7001953125,10547.25,10599.25,425100.0,-0.023852830796859514,-0.024141915818458322,-0.01445416352752017,-0.009536509537678723
2018-10-05,10514.099609375,10540.650390625,10261.900390625,10316.4501953125,606400.0,-0.026681114672028716,-0.027043516339215604,-0.018798510705211883,-0.008033624136141709
2018-10-08,10310.150390625,10398.349609375,10198.400390625,10348.0498046875,456200.0,0.003063031253653259,0.003058349730753957,0.003675932224709531,-0.0006106562401049976
2018-10-09,10390.2998046875,10397.599609375,10279.349609375,10301.0498046875,430500.0,-0.004541918611438267,-0.004552264462335634,-0.008589742517317506,0.004082894921984375
2018-10-10,10331.849609375,10482.349609375,10318.25,10460.099609375,0.0,0.015440154906845027,0.015322168649223668,0.012413072668385285,0.0029899675539365443
2018-10-11,10169.7998046875,10335.9501953125,10138.599609375,10234.650390625,483500.0,-0.021553257346415555,-0.021788921165731508,0.006376780977301917,-0.027753063118759885
2018-10-12,10331.5498046875,10492.4501953125,10322.150390625,10472.5,343500.0,0.02323964183406524,0.022973713528550762,0.013642696205031104,0.009467779588373672
2018-10-15,10524.2001953125,10526.2998046875,10410.150390625,10512.5,259500.0,0.003819527333492445,0.003812251460013522,-0.001111741994200309,0.004936757728574838
2018-10-16,10550.150390625,10604.900390625,10525.2998046875,10584.75,265200.0,0.006872770511296089,0.006849260681022563,0.003279537077096613,0.0035814878121284187
2018-10-17,10688.7001953125,10710.150390625,10436.4501953125,10453.0498046875,284800.0,-0.012442447418455793,-0.012520502809902525,-0.022046683536726366,0.009820751110087626
2018-10-19,10339.7001953125,10380.099609375,10249.599609375,10303.5498046875,357500.0,-0.014302046081609565,-0.014405306077947945,-0.003496270679239691,-0.010843687870325674
2018-10-22,10405.849609375,10408.5498046875,10224.0,10245.25,297300.0,-0.0056582251546914986,-0.005674293551714025,-0.015433589317907314,0.009928598068304546
2018-10-23,10152.599609375,10222.099609375,10102.349609375,10146.7998046875,302600.0,-0.009609350217173795,-0.009655817945697833,-0.0005712630174191455,-0.009043253275908348
2018-10-24,10278.150390625,10290.650390625,10126.7001953125,10224.75,351400.0,0.007682244334463961,0.007652886157385112,-0.005195525322698922,0.012945025866857075
2018-10-25,10135.0498046875,10166.599609375,10079.2998046875,10124.900390625,0.0,-0.009765481735494741,-0.009813476770964884,-0.0010014172853700094,-0.008772849733489817
2018-10-26,10122.349609375,10128.849609375,10004.5498046875,10030.0,364300.0,-0.0093729702973544,-0.009417173007402645,-0.009123337262473993,-0.0002519314908383551
2018-10-29,10078.099609375,10275.2998046875,10020.349609375,10250.849609375,364400.0,0.022018904224825553,0.021779988895005153,0.01714112845633138,0.004795574214855433
2018-10-30,10239.400390625,10285.099609375,10175.349609375,10198.400390625,289800.0,-0.005116572845048073,-0.005129707325392901,-0.004004140714874166,-0.0011169043724462626
2018-10-31,10209.5498046875,10396.0,10105.099609375,10386.599609375,375000.0,0.01845379780568379,0.018285592676591408,0.017341587834383384,0.0010932512585747497
2018-11-01,10441.7001953125,10441.900390625,10341.900390625,10380.4501953125,348500.0,-0.0005920526730374132,-0.0005922280054286613,-0.005865902952039977,0.005304968710622668
2018-11-02,10462.2998046875,10606.9501953125,10457.7001953125,10553.0,421200.0,0.01662257430466929,0.016485931474334168,0.008669240702877098,0.00788497683963272
2018-11-05,10558.75,10558.7998046875,10477.0,10524.0,301900.0,-0.0027480337344830685,-0.0027518165109068284,-0.0032911092695631586,0.0005448687576992325
2018-11-06,10552.0,10600.25,10491.4501953125,10530.0,0.0,0.0005701254275940482,0.0005699629678378127,-0.002084912812736922,0.0026605853287723297
2018-11-07,10614.4501953125,10616.4501953125,10582.2998046875,10598.400390625,31200.0,0.006495763592117676,0.006474757039787639,-0.0015120712229247477,0.008019961568138652
2018-11-09,10614.7001953125,10619.5498046875,10544.849609375,10585.2001953125,296600.0,-0.0012454893970770264,-0.0012462656636175824,-0.002779164692096281,0.0015379495099957043
2018-11-12,10607.7998046875,10645.5,10464.0498046875,10482.2001953125,259700.0,-0.009730567027500525,-0.009778218363148,-0.011840307291574126,0.0021350195516385137
2018-11-13,10451.900390625,10596.25,10440.5498046875,10582.5,254600.0,0.009568583199961456,0.009523094254035388,0.012495297935688654,-0.0028905958790073163
2018-11-14,10634.900390625,10651.599609375,10532.7001953125,10576.2998046875,384500.0,-0.0005858913595558901,-0.000586063060967349,-0.005510214838416189,0.004951607902197023
2018-11-15,10580.599609375,10646.5,10557.5,10616.7001953125,0.0,0.0038198983927342223,0.003812621107308771,0.0034119603113525695,0.00040655094569031527
2018-11-16,10644.0,10695.150390625,10631.150390625,10682.2001953125,342800.0,0.006169525256907837,0.006150571652505879,0.0035888947118094703,0.002571402053865423
2018-11-19,10731.25,10774.7001953125,10688.7998046875,10763.400390625,272100.0,0.0076014485618920435,0.007572703131144189,0.0029959595224228306,0.004591732395075665
2018-11-20,10740.099609375,10740.849609375,10640.849609375,10656.2001953125,295200.0,-0.009959695953136949,-0.010009625523730635,-0.007811791055388766,-0.002164815987919129
2018-11-21,10670.9501953125,10671.2998046875,10562.349609375,10600.0498046875,300900.0,-0.00526926949530282,-0.005283201056794732,-0.006644243420435501,0.0013841706921467467
2018-11-22,10612.650390625,10646.25,10512.0,10526.75,239500.0,-0.006915043423200262,-0.006939063131569403,-0.00809415060924674,0.0011887289370968647
2018-11-26,10568.2998046875,10637.7998046875,10489.75,10628.599609375,0.0,0.009675313783931383,0.009628807669070337,0.005705724269929816,0.003947068628731565
2018-11-27,10621.4501953125,10695.150390625,10596.349609375,10685.599609375,0.0,0.0053628890065369195,0.005348559924642655,0.0060396097409382635,-0.0006726581417361728
2018-11-28,10708.75,10757.7998046875,10699.849609375,10728.849609375,424500.0,0.004047503329813518,0.004039334223781422,0.0018769332905334423,0.0021665036564432966
2018-11-29,10808.7001953125,10883.0498046875,10782.349609375,10858.7001953125,691300.0,0.012102936537020215,0.01203028163822991,0.004625903124011518,0.007442604644930952
2018-11-30,10892.099609375,10922.4501953125,10835.099609375,10876.75,453900.0,0.001662243580064171,0.0016608635822544591,-0.0014092424716524215,0.0030758206287818785
2018-12-03,10930.7001953125,10941.2001953125,10845.349609375,10883.75,409700.0,0.000643574597191332,0.0006433675918710725,-0.004295259633288088,0.004960139316661687
2018-12-04,10877.099609375,10890.9501953125,10833.349609375,10869.5,322100.0,-0.0013092913747559942,-0.0013101492455916805,-0.0006986797627972329,-0.0006110385322154588
2018-12-05,10820.4501953125,10821.0498046875,10747.9501953125,10782.900390625,312300.0,-0.007967211865771207,-0.007999119688821785,-0.003470262697920541,-0.004512609106904641
2018-12-06,10718.150390625,10722.650390625,10588.25,10601.150390625,318500.0,-0.01685539079615528,-0.016999059579474705,-0.010916062542128359,-0.006004877876484487
2018-12-07,10644.7998046875,10704.5498046875,10599.349609375,10693.7001953125,325800.0,0.008730166187373989,0.008692278636606364,0.004593829054771554,0.0041174223979598325
2018-12-10,10508.7001953125,10558.849609375,10474.9501953125,10488.4501953125,381300.0,-0.019193543511718203,-0.019380130942287622,-0.0019269747565005893,-0.01729990523589705
2018-12-11,10350.0498046875,10567.150390625,10333.849609375,10549.150390625,425500.0,0.005787336945131116,0.005770654643792864,0.019236679020358728,-0.013195504392713227
2018-12-12,10591.0,10752.2001953125,10560.7998046875,10737.599609375,360500.0,0.01786392380162427,0.01770623905775317,0.013841904388159758,0.003967107096339401
2018-12-13,10810.75,10838.599609375,10749.5,10791.5498046875,376200.0,0.005024418610784842,0.005011838341027756,-0.0017760280565640681,0.006812545940075134
2018-12-14,10784.5,10815.75,10752.099609375,10805.4501953125,340100.0,0.001288081033454791,0.0012872521687673252,0.0019426209200704716,-0.0006532708290367888
2018-12-17,10853.2001953125,10900.349609375,10844.849609375,10888.349609375,296900.0,0.007672000015183311,0.007642719885813293,0.003238622104997293,0.004419066224627491
2018-12-18,10850.900390625,10915.400390625,10819.099609375,10908.7001953125,286100.0,0.0018690239262686426,0.0018672794743268973,0.005326728898685503,-0.0034393843046475817
2018-12-19,10930.5498046875,10985.150390625,10928.0,10967.2998046875,312100.0,0.005371823253533137,0.005357446474361821,0.0033621364576043545,0.0020029525959828686
2018-12-20,10885.2001953125,10962.5498046875,10880.0498046875,10951.7001953125,318900.0,-0.001422374664029169,-0.0014233871991216722,0.0061092123991102094,-0.0074858543886901
2018-12-21,10944.25,10963.650390625,10738.650390625,10754.0,377500.0,-0.018052009440243655,-0.01821693480035375,-0.01738355757589602,-0.0006802775075680761
2018-12-24,10780.900390625,10782.2998046875,10649.25,10663.5,223400.0,-0.008415473312255894,-0.0084510833319759,-0.010889664719200134,0.00250143115352427
2018-12-26,10635.4501953125,10747.5,10534.5498046875,10729.849609375,263700.0,0.006222123071693231,0.006202845587195536,0.008875920842928292,-0.0026304501043278475
2018-12-27,10817.900390625,10834.2001953125,10764.4501953125,10779.7998046875,456100.0,0.004655255863871277,0.004644453671963747,-0.0035219945240500365,0.00820615241177913
2018-12-28,10820.9501953125,10893.599609375,10817.150390625,10859.900390625,245500.0,0.007430619064249022,0.007403148015077441,0.0035995171042717427,0.003817361302675224
2018-12-31,10913.2001953125,10923.5498046875,10853.2001953125,10862.5498046875,180900.0,0.00024396301689710853,0.00024393326275947618,-0.004641204203947037,0.004907946000454294
2019-01-02,10868.849609375,10895.349609375,10735.0498046875,10792.5,309700.0,-0.006448744166611009,-0.006469627145011258,-0.007024626535373544,0.0005799563454964741
2019-01-03,10796.7998046875,10814.0498046875,10661.25,10672.25,286200.0,-0.011141996757007222,-0.011204533761500678,-0.011535807548587304,0.0003984067350011582
2019-01-04,10699.7001953125,10741.0498046875,10628.650390625,10727.349609375,296600.0,0.0051628859308019415,0.005149603931252372,0.0025841297940864837,0.0025721094719951274
2019-01-07,10804.849609375,10835.9501953125,10750.150390625,10771.7998046875,269400.0,0.004143632577580325,0.0041350713736188,-0.003058793586430283,0.007224524493195419
2019-01-08,10786.25,10818.4501953125,10733.25,10802.150390625,277700.0,0.0028175965472634346,0.0028136345625500237,0.0014741351836829297,0.001341483835060859
2019-01-09,10862.400390625,10870.400390625,10749.400390625,10855.150390625,333000.0,0.004906430486840696,0.004894433183399924,-0.0006674399524305189,0.005577593147776385
2019-01-10,10859.349609375,10859.349609375,10801.7998046875,10821.599609375,254400.0,-0.0030907707440862575,-0.003095557040757343,-0.0034762671207684477,0.00038684113981752254
2019-01-11,10834.75,10850.150390625,10739.400390625,10794.9501953125,260800.0,-0.0024626132017869784,-0.002465650421033224,-0.003673347764138536,0.0012151984087091445
2019-01-14,10807.0,10808.0,10692.349609375,10737.599609375,298800.0,-0.005312723532749919,-0.005326886232360374,-0.00642179981724808,0.001116244583762174
2019-01-15,10777.5498046875,10896.9501953125,10777.5498046875,10886.7998046875,310700.0,0.013895116296032572,0.013799464213669708,0.01013681235344268,0.00372058902975107
2019-01-16,10899.650390625,10928.150390625,10876.900390625,10890.2998046875,276500.0,0.0003214902508350548,0.000321438583917674,-0.000857879436715018,0.001180382313264083
2019-01-17,10920.849609375,10930.650390625,10844.650390625,10905.2001953125,271700.0,0.001368225934293088,0.001367290766106507,-0.0014329850352545615,0.002805230823337892
2019-01-18,10914.849609375,10928.2001953125,10852.2001953125,10906.9501953125,323800.0,0.0001604738994844812,0.0001604610249256087,-0.0007237309120333663,0.0008848452013423571
2019-01-21,10919.349609375,10987.4501953125,10885.75,10961.849609375,288800.0,0.0050334340103701525,0.005020808629692447,0.0038921732081470197,0.0011368360394483986
2019-01-22,10949.7998046875,10949.7998046875,10864.150390625,10922.75,300800.0,-0.0035668806605010372,-0.003573257146616415,-0.002470346962500652,-0.0010992492249843073
2019-01-23,10931.0498046875,10944.7998046875,10811.9501953125,10831.5,298900.0,-0.008354123274816327,-0.008389214537151498,-0.009107067158802133,0.0007598640166166945
2019-01-24,10844.0498046875,10866.599609375,10798.650390625,10849.7998046875,361100.0,0.001689498655541799,0.0016880730581589696,0.000530244705950583,0.001158639587083968
2019-01-25,10859.75,10931.7001953125,10756.4501953125,10780.5498046875,463400.0,-0.006382606245884936,-0.006403062164968701,-0.007293003550956514,0.0009170856137088503
2019-01-28,10792.4501953125,10804.4501953125,10630.9501953125,10661.5498046875,419700.0,-0.011038398055380982,-0.011099773244971002,-0.01212888530927427,0.0011038760397754093
2019-01-29,10653.7001953125,10690.349609375,10583.650390625,10652.2001953125,356900.0,-0.0008769465552643796,-0.0008773312978436732,-0.00014079615274512625,-0.0007362540642589137
2019-01-30,10702.25,10710.2001953125,10612.849609375,10651.7998046875,410100.0,-3.758759858607519e-05,-3.758830501756102e-05,-0.0047139802669999295,0.0046985415003300834
2019-01-31,10690.5498046875,10838.0498046875,10678.5498046875,10830.9501953125,604800.0,0.016818790618479573,0.016678920874278535,0.013133130960527255,0.0036378828658559115
2019-02-01,10851.349609375,10983.4501953125,10813.4501953125,10893.650390625,482300.0,0.005788983808607595,0.005772292029816439,0.0038982046264046575,0.0018834371587571894
2019-02-04,10876.75,10927.900390625,10814.150390625,10912.25,318300.0,0.0017073807867935553,0.0017059248691862574,0.003263842600041373,-0.0015513982934080902
2019-02-05,10908.650390625,10956.7001953125,10886.7001953125,10934.349609375,268100.0,0.0020252110586724825,0.0020231630833451035,0.0023558568502741787,-0.00032986866823982223
2019-02-06,10965.099609375,11072.599609375,10962.7001953125,11062.4501953125,298500.0,0.011715428033110209,0.011647333726075786,0.008878221758630142,0.0028122385965814794
2019-02-07,11070.4501953125,11118.099609375,11043.599609375,11069.400390625,263500.0,0.0006282690714798367,0.0006280717930916961,-9.482944857513682e-05,0.0007231670975919825
2019-02-08,11023.5,11041.2001953125,10925.4501953125,10943.599609375,352800.0,-0.011364733121095205,-0.011429805188104512,-0.0072481871116251645,-0.004146601351946252
2019-02-11,10930.900390625,10930.900390625,10857.099609375,10888.7998046875,286000.0,-0.005007475295473629,-0.005020054711538446,-0.003851520408475042,-0.0011604242848140224
2019-02-12,10879.7001953125,10910.900390625,10823.7998046875,10831.400390625,292300.0,-0.005271417887377283,-0.005285360831624847,-0.004439442615184368,-0.0008356852488997663
2019-02-14,10786.099609375,10792.7001953125,10718.75,10746.0498046875,627000.0,-0.007879921603800577,-0.007911132252471094,-0.0037130942729927826,-0.004182356815948711
2019-02-15,10780.25,10785.75,10620.400390625,10724.400390625,521900.0,-0.002014639281967212,-0.0020166713974639474,-0.0051807341550520625,0.0031825829894796915
2019-02-18,10738.650390625,10759.900390625,10628.400390625,10640.9501953125,345400.0,-0.00778133902809619,-0.007811771620307167,-0.009097995721864054,0.0013287456156949335
2019-02-19,10636.7001953125,10722.849609375,10585.650390625,10604.349609375,291500.0,-0.0034395975233135756,-0.003445526538395949,-0.0030414118423453,-0.00039940042214201785
2019-02-20,10655.4501953125,10752.7001953125,10646.400390625,10735.4501953125,289200.0,0.012362906803977669,0.01228711014362708,0.007507894883239496,0.004818832631878097
2019-02-21,10744.099609375,10808.849609375,10721.5,10789.849609375,279600.0,0.005067269008080633,0.005054473607434973,0.00425815114000617,0.0008056871305012116
2019-02-22,10782.7001953125,10801.5498046875,10758.400390625,10791.650390625,396800.0,0.00016689586186968697,0.00016688193630472358,0.000830051392543666,-0.0006626055340278398
2019-02-25,10813.25,10887.099609375,10788.0498046875,10880.099609375,385900.0,0.008196078963680797,0.008162673513503154,0.006182194009664069,0.002001511223321705
2019-02-26,10775.2998046875,10888.75,10729.2998046875,10835.2998046875,415000.0,-0.004117591409631749,-0.004126092031890748,0.005568290542959987,-0.00963224680380662
2019-02-27,10881.2001953125,10939.7001953125,10751.2001953125,10806.650390625,381100.0,-0.002644081343287419,-0.0026475831003447124,-0.006851248331927137,0.004236190179541028
2019-02-28,10865.7001953125,10865.7001953125,10784.849609375,10792.5,644200.0,-0.0013094150466157473,-0.0013102730795938819,-0.006736813458563748,0.00546420977389321
2019-03-01,10842.650390625,10877.900390625,10823.099609375,10863.5,308500.0,0.006578642575862936,0.006557097745663337,0.0019229255416210254,0.004646781619179986
2019-03-05,10864.849609375,10994.900390625,10817.0,10987.4501953125,373200.0,0.011409784628572783,0.011345183958033887,0.01128414937577333,0.0001242333847286786
2019-03-06,11024.849609375,11062.2998046875,10998.849609375,11053.0,372600.0,0.005965879573721855,0.0059481541776258,0.0025533582427339657,0.0034038301332601673
2019-03-07,11077.9501953125,11089.0498046875,11027.099609375,11058.2001953125,321200.0,0.00047047817900125466,0.00047036753884395607,-0.0017828207973309875,0.002257323379399258
2019-03-08,11038.849609375,11049.0,11008.9501953125,11035.400390625,326600.0,-0.0020618006804727917,-0.002063929117607768,-0.0003124617937607077,-0.00174988565912404
2019-03-11,11068.75,11180.900390625,11059.849609375,11168.0498046875,352200.0,0.012020353532001593,0.01194868284879883,0.008971185064935066,0.0030220570341364127
2019-03-12,11231.349609375,11320.400390625,11227.0,11301.2001953125,391300.0,0.011922438828049886,0.011851926453906937,0.006219251324809132,0.005667937177440912
2019-03-13,11326.2001953125,11352.2998046875,11276.599609375,11341.7001953125,383000.0,0.0035836901656514097,0.0035772840485137174,0.0013685083905204927,0.002212154423241655
2019-03-14,11382.5,11383.4501953125,11313.75,11343.25,294500.0,0.00013664659273393553,0.00013663725743869715,-0.0034482758620689655,0.003597327030771142
2019-03-15,11376.849609375,11487.0,11370.7998046875,11426.849609375,463700.0,0.007369987382364052,0.0073429617299341126,0.004394889773246005,0.002962079595794856
2019-03-18,11473.849609375,11530.150390625,11412.5,11462.2001953125,320300.0,0.0030936423551506387,0.003088866890158751,-0.0010153012684584561,0.00411311967923683
2019-03-19,11500.2998046875,11543.849609375,11451.25,11532.400390625,326100.0,0.006124495656707252,0.006105817158639563,0.00279128253025333,0.0033239350845207663
2019-03-20,11553.349609375,11556.099609375,11503.099609375,11521.0498046875,366300.0,-0.0009842344657688962,-0.000984719142560533,-0.002795709104248886,0.0018165531927793789
2019-03-22,11549.2001953125,11572.7998046875,11434.5498046875,11456.900390625,386200.0,-0.005568018119008533,-0.005583577314696379,-0.007991878496050483,0.0024433876341326656
2019-03-25,11395.650390625,11395.650390625,11311.599609375,11354.25,294500.0,-0.008959700017030503,-0.00900007950222714,-0.0036329993643065225,-0.005346123114600866
2019-03-26,11375.2001953125,11496.75,11352.4501953125,11483.25,282600.0,0.011361384503600025,0.011297328693216403,0.009498716755070845,0.001845141274192483
2019-03-27,11531.4501953125,11546.2001953125,11413.0,11445.0498046875,350400.0,-0.0033266013813597617,-0.003332146821462826,-0.007492586722537422,0.004197434986828642
2019-03-28,11463.650390625,11588.5,11452.4501953125,11570.0,527700.0,0.010917400749215211,0.010858236155870985,0.00927711555666186,0.00162520795059204
2019-04-01,11665.2001953125,11738.099609375,11644.75,11669.150390625,379600.0,0.008569610252809001,0.008533099582725414,0.00033863073469474886,0.00822819319900605
2019-04-02,11711.5498046875,11729.349609375,11655.849609375,11713.2001953125,386100.0,0.0037748939051200914,0.0037677868730356698,0.00014091991687892902,0.00363346196108362
2019-04-03,11735.2998046875,11761.0,11629.150390625,11643.9501953125,365800.0,-0.005912133221091298,-0.005929679070481917,-0.007784173467686926,0.001886726855726758
2019-04-04,11660.2001953125,11662.5498046875,11559.2001953125,11598.0,349000.0,-0.003946272059030087,-0.00395407913661549,-0.005334402006022591,0.0013955745024177239
2019-04-05,11638.400390625,11689.650390625,11609.5,11665.9501953125,266700.0,0.005858785593421345,0.005841689650914404,0.0023671470101417035,0.003483392880237972
2019-04-08,11704.349609375,11710.2998046875,11549.099609375,11604.5,260900.0,-0.005267483083991831,-0.005281405184150887,-0.008530983156468774,0.0032915804901969565
2019-04-09,11612.0498046875,11683.900390625,11569.7001953125,11671.9501953125,300500.0,0.005812417192683883,0.005795590267793092,0.005158468283594485,0.0006505928465250549
2019-04-10,11646.849609375,11680.0498046875,11571.75,11584.2998046875,359900.0,-0.007509489773200095,-0.007537827950835446,-0.005370534246200899,-0.0021505048871422097
2019-04-11,11592.5498046875,11606.7001953125,11550.5498046875,11596.7001953125,279800.0,0.0010704480058416621,0.001069875484907893,0.0003580222379826887,0.0007121707948771923
2019-04-12,11612.849609375,11657.349609375,11578.7998046875,11643.4501953125,246000.0,0.0040313191867198395,0.004023215192085498,0.0026350626217355204,0.0013925870110040226
2019-04-15,11667.0,11704.599609375,11648.25,11690.349609375,290000.0,0.0040279653604204935,0.004019874826265466,0.0020013379082026227,0.0020225795870180167
2019-04-16,11736.2001953125,11810.9501953125,11731.5498046875,11787.150390625,354300.0,0.008280400884877803,0.008246306446581041,0.004341285464170062,0.00392208851484907
2019-04-18,11856.150390625,11856.150390625,11738.5,11752.7998046875,339700.0,-0.0029142400664389223,-0.002918494732110024,-0.008717044110643392,0.005853832157336321
2019-04-22,11727.0498046875,11727.0498046875,11583.9501953125,11594.4501953125,260400.0,-0.013473352052831178,-0.013564941266796056,-0.011307158371749875,-0.0021909672952763
2019-04-23,11612.9501953125,11645.9501953125,11564.7998046875,11575.9501953125,272500.0,-0.0015955909670886115,-0.001596865278055509,-0.0031860982246298478,0.0015955909670886622
2019-04-24,11601.5,11740.849609375,11578.849609375,11726.150390625,335200.0,0.012975193636658888,0.01289173694761699,0.010744333976209972,0.0022071453536355048
2019-04-25,11735.7001953125,11796.75,11624.2998046875,11641.7998046875,604400.0,-0.007193374050953438,-0.007219371112150696,-0.00800126017725861,0.0008144023715690209
2019-04-26,11683.75,11762.900390625,11661.75,11754.650390625,333500.0,0.009693568677590747,0.00964688746996101,0.0060682906280089864,0.0036034115013392526
2019-04-30,11748.75,11756.25,11655.900390625,11748.150390625,532600.0,-0.0005529726349993158,-0.0005531255807526546,-5.103601446962443e-05,-0.0005019622386817983
2019-05-02,11725.5498046875,11789.2998046875,11699.5498046875,11724.75,380300.0,-0.001991836148409698,-0.0019938224921164987,-6.821042090327088e-05,-0.0019237569477775175
2019-05-03,11722.599609375,11770.900390625,11699.349609375,11712.25,305500.0,-0.0010661208128105448,-0.0010666895238500144,-0.0008828766416898716,-0.00018340609607880764
2019-05-06,11605.7998046875,11632.5498046875,11571.349609375,11598.25,299000.0,-0.00973339879186319,-0.00978107795702945,-0.0006505199826427031,-0.009088791249546415
2019-05-07,11651.5,11657.0498046875,11484.4501953125,11497.900390625,337500.0,-0.008652133673183404,-0.008689780690377916,-0.013182818467579282,0.004591209880800983
2019-05-08,11478.7001953125,11479.099609375,11346.9501953125,11359.4501953125,372800.0,-0.012041345863927244,-0.012114430150335101,-0.010388806918112344,-0.0016698870802668625
2019-05-09,11322.400390625,11357.599609375,11255.0498046875,11301.7998046875,373000.0,-0.005075103956069027,-0.005088026035289156,-0.0018194539343933977,-0.0032615843241065204
2019-05-10,11314.150390625,11345.7998046875,11251.0498046875,11278.900390625,387300.0,-0.0020261741013145596,-0.0020282295690185756,-0.0031155675665411383,0.001092798151704785
2019-05-13,11258.7001953125,11300.2001953125,11125.599609375,11148.2001953125,357600.0,-0.011588026384304118,-0.011655690801341047,-0.009814632069695406,-0.001790972046290112
2019-05-14,11151.650390625,11294.75,11108.2998046875,11222.0498046875,398100.0,0.006624352638199937,0.006602508032110876,0.006312914375587274,0.0003094845133791828
2019-05-15,11271.7001953125,11286.7998046875,11136.9501953125,11157.0,414200.0,-0.005796606308085428,-0.0058134718372332824,-0.010175944473771556,0.004424360209510103
2019-05-16,11180.349609375,11281.5498046875,11143.349609375,11257.099609375,350700.0,0.008971910851931497,0.00893190238330833,0.006864722721697649,0.002092821490992202
2019-05-17,11261.900390625,11426.150390625,11259.849609375,11407.150390625,412100.0,0.013329435330307948,0.013241380029110125,0.012897468008233652,0.00042646697787073606
2019-05-20,11651.900390625,11845.2001953125,11591.7001953125,11828.25,452100.0,0.036915407876193296,0.03625035203017847,0.0151348366758172,0.021455840557791584
2019-05-21,11863.650390625,11883.5498046875,11682.7998046875,11709.099609375,381000.0,-0.010073374389702572,-0.010124454145348287,-0.013027253514831362,0.0029928679749751655
2019-05-22,11727.9501953125,11784.7998046875,11682.400390625,11737.900390625,355900.0,0.0024596922232125173,0.0024566721316128274,0.0008484172550866524,0.0016099090934718074
2019-05-23,11901.2998046875,12041.150390625,11614.5,11657.0498046875,569000.0,-0.006887993870017373,-0.006911825598039294,-0.0205229684159203,0.01392066797508405
2019-05-24,11748.0,11859.0,11658.099609375,11844.099609375,374600.0,0.016046067214389392,0.01591868987483049,0.008180082514044944,0.007802162368383068
2019-05-27,11855.5,11957.150390625,11812.400390625,11924.75,348400.0,0.006809330661248669,0.00678625187736734,0.005841170764624014,0.00096253755042521
2019-05-28,11958.349609375,11958.5498046875,11864.900390625,11928.75,598300.0,0.0003354368016101894,0.00033538055526396364,-0.0024752252895997254,0.0028176363760246547
2019-05-29,11905.7998046875,11931.900390625,11836.7998046875,11861.099609375,318100.0,-0.005671205333752538,-0.005687347678687314,-0.0037544890763996242,-0.001923939667819344
2019-05-30,11865.2998046875,11968.5498046875,11859.400390625,11945.900390625,421200.0,0.007149487319284775,0.007124050901094894,0.006792966656068646,0.00035411517066935095
2019-05-31,11999.7998046875,12039.25,11829.4501953125,11922.7998046875,438900.0,-0.0019337668306382838,-0.001935638971628022,-0.0064167737173349655,0.004511959107310121
2019-06-03,11953.75,12103.0498046875,11920.099609375,12088.5498046875,315300.0,0.013901936014629301,0.013806190447529239,0.011276779645508732,0.002595883166664578
2019-06-04,12052.650390625,12095.2001953125,12005.849609375,12021.650390625,289200.0,-0.005534114111566901,-0.0055494840533033855,-0.002572048387308484,-0.0029697039465047754
2019-06-06,12039.7998046875,12039.7998046875,11830.25,11843.75,415200.0,-0.014798333410505293,-0.014908921111632112,-0.01628347712319695,0.0015097273230182849
2019-06-07,11865.2001953125,11897.5,11769.5,11870.650390625,302500.0,0.0022712730870713127,0.0022686976453037896,0.00045934288699597077,0.0018110982849604221
2019-06-10,11934.900390625,11975.0498046875,11871.75,11922.7001953125,303300.0,0.004384747505377318,0.004375162508348263,-0.0010222284990399578,0.005412508825189753
2019-06-11,11959.849609375,12000.349609375,11904.349609375,11965.599609375,332200.0,0.0035981290613484873,0.003591671280959742,0.0004807752762620637,0.0031158557586733224
2019-06-12,11962.4501953125,11962.4501953125,11866.349609375,11906.2001953125,283700.0,-0.004964181988503125,-0.0049765444699523915,-0.004702213934570163,-0.0002632057034594778
2019-06-13,11873.900390625,11931.349609375,11817.0498046875,11914.0498046875,447900.0,0.0006592875347493088,0.0006590703001973485,0.0033813163949227534,-0.002712855836257189
2019-06-14,11910.099609375,11911.849609375,11797.7001953125,11823.2998046875,390300.0,-0.007617057296864349,-0.00764621523730026,-0.00728791593138111,-0.0003315577303484012
2019-06-17,11844.0,11844.0498046875,11657.75,11672.150390625,295500.0,-0.012784029548381648,-0.012866448437943826,-0.014509423283941236,0.001750796787229665
2019-06-18,11677.0498046875,11727.2001953125,11641.150390625,11691.5,365500.0,0.0016577587443133979,0.0016563861789982873,0.001237486827083608,0.00041975247906634065
2019-06-19,11744.4501953125,11802.5,11625.099609375,11691.4501953125,446900.0,-4.259905700743083e-06,-4.259914774167141e-06,-0.0045127697864608095,0.0045289479803703545
2019-06-20,11653.650390625,11843.5,11635.0498046875,11831.75,442000.0,0.012000205478679637,0.011928773907426743,0.015282731453680438,-0.003233115144488682
2019-06-21,11827.599609375,11827.9501953125,11705.099609375,11724.099609375,468400.0,-0.009098433505187353,-0.009140077037704798,-0.008750718947060232,-0.0003507841718258077
2019-06-24,11725.7998046875,11754.0,11670.2001953125,11699.650390625,277600.0,-0.002085381356743965,-0.0020875587921609646,-0.002230075090660044,0.0001450171330121133
2019-06-25,11681.0,11814.400390625,11651.0,11796.4501953125,300500.0,0.008273734808782462,0.00823969509310694,0.009883588332548583,-0.0015940981142431973
2019-06-26,11768.150390625,11871.849609375,11757.5498046875,11847.5498046875,327900.0,0.004331778503613437,0.0043224233576614314,0.006746974794420785,-0.0023990102292590835
2019-06-27,11860.849609375,11911.150390625,11821.0498046875,11841.5498046875,480200.0,-0.0005064338279993086,-0.0005065621089227406,-0.0016271856842569805,0.0011225784999222299
2019-06-28,11861.150390625,11871.7001953125,11775.5,11788.849609375,303900.0,-0.004450447465215945,-0.004460380187531091,-0.0060955960314900155,0.0016552382298591585
2019-07-01,11839.900390625,11884.650390625,11830.7998046875,11865.599609375,278400.0,0.006510389269786421,0.006489288220080564,0.0021705603849800125,0.004330429426243781
2019-07-02,11890.2998046875,11917.4501953125,11814.7001953125,11910.2998046875,363200.0,0.003767209141051886,0.003760130979735517,0.0016820433738866216,0.002081664317493437
2019-07-03,11932.150390625,11945.2001953125,11887.0498046875,11916.75,340500.0,0.0005415644793391738,0.0005414178862205623,-0.0012906634697715485,0.0018345957948850567
2019-07-04,11928.7998046875,11969.25,11923.650390625,11946.75,333600.0,0.0025174649128327786,0.0025143014062712723,0.0015047779832340178,0.001011165350242306
2019-07-05,11964.75,11981.75,11797.900390625,11811.150390625,530700.0,-0.011350334557515662,-0.011415241213692496,-0.012837678127415951,0.0015066859187645176
2019-07-08,11770.400390625,11771.900390625,11523.2998046875,11558.599609375,464000.0,-0.02138240331360608,-0.021614318798492883,-0.017994356540215667,-0.0034501296361737098
2019-07-09,11531.599609375,11582.5498046875,11461.0,11555.900390625,442500.0,-0.00023352472109261502,-0.0002335519922360358,0.002107320933189864,-0.002335923114604707
2019-07-10,11536.150390625,11593.7001953125,11475.650390625,11498.900390625,337600.0,-0.004932545113165099,-0.0049447502653284115,-0.0032289800963648746,-0.0017090836137721175
2019-07-11,11561.4501953125,11599.0,11519.5,11582.900390625,317300.0,0.007305046321514741,0.007278493704286908,0.0018553204788441518,0.005439633579093925
2019-07-12,11601.150390625,11639.5498046875,11538.599609375,11552.5,359400.0,-0.0026245922523520093,-0.002628042532973005,-0.004193583307420516,0.0015755984584630664
2019-07-15,11614.75,11618.400390625,11532.2998046875,11588.349609375,368800.0,0.0031031905972733753,0.003098385639232596,-0.002273005499472653,0.005388444059727332
2019-07-16,11596.650390625,11670.0498046875,11573.9501953125,11662.599609375,480200.0,0.006407297199588324,0.006386857732255645,0.00568691963011275,0.0007163040061618998
2019-07-17,11670.75,11706.650390625,11651.150390625,11687.5,464800.0,0.0021350634900458854,0.00213278748103271,0.001435211961527751,0.000698848532744646
2019-07-18,11675.599609375,11677.150390625,11582.400390625,11596.900390625,498300.0,-0.007751838235294128,-0.007782039913567366,-0.006740486260492176,-0.0010182152406417113
2019-07-19,11627.9501953125,11640.349609375,11399.2998046875,11419.25,446000.0,-0.01531878214359883,-0.015437326885714045,-0.017948150087246845,0.002677422728628491
2019-07-22,11392.849609375,11398.150390625,11301.25,11346.2001953125,516000.0,-0.006397075524881224,-0.00641762449493666,-0.004094622123697035,-0.002311919839306434
2019-07-23,11372.25,11398.150390625,11302.7998046875,11331.0498046875,458900.0,-0.0013352832106081625,-0.001336175495625011,-0.003622871051243158,0.0022959056106080394
2019-07-24,11322.4501953125,11359.75,11229.7998046875,11271.2998046875,413200.0,-0.005273121293252303,-0.005287073265915101,-0.004517607915482488,-0.0007589419800663535
2019-07-25,11290.400390625,11361.400390625,11239.349609375,11252.150390625,553700.0,-0.0016989534831232112,-0.001700398341321937,-0.0033878337947838362,0.0016946214073337365
2019-07-26,11247.4501953125,11307.599609375,11210.0498046875,11284.2998046875,522700.0,0.0028571795564771296,0.0028531055771835413,0.0032762633961568896,-0.0004177152943508541
2019-07-29,11307.5,11310.9501953125,11152.400390625,11189.2001953125,482900.0,-0.008427603929443195,-0.008463316975262767,-0.010462065415653327,0.0020559711913062284
2019-07-30,11213.7001953125,11267.4501953125,11072.650390625,11085.400390625,479100.0,-0.009276785013729971,-0.009320082365343962,-0.011441344288937857,0.00218961137278282
2019-07-31,11034.0498046875,11145.2998046875,10999.400390625,11118.0,536700.0,0.00294076968140633,0.002936454076975709,0.007608284972289699,-0.004632271648115439
2019-08-01,11060.2001953125,11076.75,10881.0,10980.0,499900.0,-0.012412304371289817,-0.012489980449893174,-0.00725124264445866,-0.00519875919117647
2019-08-02,10930.2998046875,11080.150390625,10848.9501953125,10997.349609375,547400.0,0.0015801101434427256,0.001578863082899198,0.006134306092751952,-0.004526429445582878
2019-08-05,10895.7998046875,10895.7998046875,10782.599609375,10862.599609375,506600.0,-0.012252952282714391,-0.012328638591802651,-0.003047063630722812,-0.009234025314693188
2019-08-06,10815.400390625,11018.5498046875,10813.7998046875,10948.25,517900.0,0.007884888857643269,0.007853965566277007,0.01228337413103602,-0.0043451126293253565
2019-08-07,10958.099609375,10975.650390625,10835.900390625,10855.5,548500.0,-0.00847167355513434,-0.00850776214660283,-0.00936290169211665,0.0008996514853972096
2019-08-08,10899.2001953125,11058.0498046875,10842.9501953125,11032.4501953125,482500.0,0.016300510829763803,0.016169083798241606,0.012225667719848638,0.004025627130256552
2019-08-09,11087.900390625,11181.4501953125,11062.7998046875,11109.650390625,538100.0,0.006997556657477588,0.006973187375465333,0.0019615977086509524,0.005026099763048089
2019-08-13,11139.400390625,11145.900390625,10901.599609375,10925.849609375,624600.0,-0.01654424529912324,-0.016682629759426824,-0.019170760881324085,0.0026778520434004712
2019-08-14,11003.25,11078.150390625,10935.599609375,11029.400390625,511500.0,0.009477595331455646,0.009432964697282421,0.002376606059573308,0.007084153030862338
2019-08-16,11043.650390625,11068.650390625,10924.2998046875,11047.7998046875,470900.0,0.0016682152620135504,0.00166682533651526,0.00037572848793026393,0.001292001332376374
2019-08-19,11094.7998046875,11146.900390625,11037.849609375,11053.900390625,369500.0,0.0005521991749806165,0.0005520467691192048,-0.003686358905297254,0.004254240738509604
2019-08-20,11063.900390625,11076.2998046875,10985.2998046875,11017.0,444700.0,-0.0033382235519596737,-0.0033438078514244876,-0.004239046716720359,0.0009046580525079789
2019-08-21,11018.150390625,11034.2001953125,10906.650390625,10918.7001953125,557900.0,-0.008922556475220111,-0.008962600859057328,-0.00902603357067254,0.00010441959017881456
2019-08-22,10905.2998046875,10908.25,10718.2998046875,10741.349609375,668200.0,-0.016242829527789215,-0.016376190359974212,-0.015033992485197717,-0.0012272880823994887
2019-08-23,10699.599609375,10862.5498046875,10637.150390625,10829.349609375,667100.0,0.008192639025843995,0.008159261534645986,0.01212662199866927,-0.003886848628738496
2019-08-26,11000.2998046875,11070.2998046875,10756.5498046875,11057.849609375,684100.0,0.021100066785376237,0.020880542984676998,0.00523165783745063,0.01578582292370614
2019-08-27,11106.5498046875,11141.75,11049.5,11105.349609375,685600.0,0.004295591066795668,0.004286391351556263,-0.00010806193945067077,0.00440412892495945
2019-08-28,11101.2998046875,11129.650390625,10987.650390625,11046.099609375,550000.0,-0.005335266523260329,-0.005349549884040612,-0.0049724083020613345,-0.0003646715168769837
2019-08-29,10996.0498046875,11021.099609375,10922.400390625,10948.2998046875,649900.0,-0.0088537862364102,-0.008893213897011299,-0.004342468508977167,-0.004530993423689746
2019-08-30,10987.7998046875,11042.599609375,10874.7998046875,11023.25,628200.0,0.006845829640179435,0.00682250334649108,0.0032263233716159087,0.003607866125760287
2019-09-03,10960.9501953125,10967.5,10772.7001953125,10797.900390625,483000.0,-0.02044311880570615,-0.020654971620241963,-0.01487551733947564,-0.0056516730263307105
2019-09-04,10790.400390625,10858.75,10746.349609375,10844.650390625,508800.0,0.004329545403159107,0.004320199886309888,0.005027616959156948,-0.0006945794764426316
2019-09-05,10860.9501953125,10920.099609375,10816.0,10847.900390625,595700.0,0.000299686931614751,0.00029964203445609783,-0.0012015343457823968,0.0015030272162199789
2019-09-06,10883.7998046875,10957.0498046875,10867.4501953125,10946.2001953125,497200.0,0.009061643373168504,0.00902083303672415,0.005733327674598078,0.003309342155605068
2019-09-09,10936.7001953125,11028.849609375,10889.7998046875,11003.0498046875,412500.0,0.005193547382711383,0.005180107429441778,0.006066693626971472,-0.0008678810756693626
2019-09-11,11028.5,11054.7998046875,11011.650390625,11035.7001953125,687100.0,0.0029673946046386845,0.0029630005796600876,0.0006528716790588022,0.0023130128250130936
2019-09-12,11058.2998046875,11081.75,10964.9501953125,10982.7998046875,551400.0,-0.00479356902496042,-0.004805095025496559,-0.006827450994591078,0.002047863658401971
2019-09-13,10986.7998046875,11084.4501953125,10945.75,11075.900390625,624300.0,0.008476944640087414,0.008441217109748283,0.008109785153224087,0.000364205855622788
2019-09-16,10994.849609375,11052.7001953125,10968.2001953125,11003.5,434500.0,-0.006536749886833726,-0.006558207998363749,0.0007867675259172307,-0.007317760036791591
2019-09-17,11000.099609375,11000.099609375,10796.5,10817.599609375,482000.0,-0.01689465993774708,-0.017039002763312223,-0.016590758854989063,-0.0003090280933339392
2019-09-18,10872.7998046875,10885.150390625,10804.849609375,10840.650390625,519200.0,0.002130859163064436,0.002128592102631135,-0.002956866183504978,0.005102813683791839
2019-09-19,10845.2001953125,10845.2001953125,10670.25,10704.7998046875,642600.0,-0.012531589991591652,-0.012610772583449698,-0.012945855133746973,0.00041969849811176216
2019-09-20,10746.7998046875,11381.900390625,10691.0,11274.2001953125,1356800.0,0.05319112930777714,0.051824725995144275,0.04907511075017518,0.00392347365352958
2019-09-23,11542.7001953125,11694.849609375,11471.349609375,11600.2001953125,882800.0,0.028915576657539077,0.028505409421526316,0.00498150337677061,0.02381543660291174
2019-09-24,11590.7001953125,11655.0498046875,11539.2001953125,11588.2001953125,651700.0,-0.0010344649056013289,-0.0010350003337080292,-0.0002156901617566683,-0.0008189513836010205
2019-09-25,11564.849609375,11564.9501953125,11416.099609375,11440.2001953125,629100.0,-0.012771612287114875,-0.01285387045749521,-0.01077829961242673,-0.0020150312856128823
2019-09-26,11469.849609375,11610.849609375,11466.349609375,11571.2001953125,844500.0,0.01145084856589107,0.011385783826013008,0.008836261100987763,0.0025916866450159267
2019-09-27,11556.349609375,11593.599609375,11499.75,11512.400390625,650000.0,-0.005081564893442914,-0.005094519950938459,-0.0038030364462448016,-0.0012834092995397297
2019-09-30,11491.150390625,11508.25,11390.7998046875,11474.4501953125,756800.0,-0.003296462425282254,-0.003301907727659163,-0.0014533092636334107,-0.0018458357318170335
2019-10-01,11515.400390625,11554.2001953125,11247.900390625,11359.900390625,1305400.0,-0.009983032105041145,-0.01003319671254013,-0.01350365551566898,0.0035688154652698586
2019-10-03,11322.25,11370.400390625,11257.349609375,11314.0,1017500.0,-0.004040562773145462,-0.004048747902700529,-0.0007286537569829319,-0.003314324010804865
2019-10-04,11388.4501953125,11400.2998046875,11158.349609375,11174.75,928500.0,-0.012307760296977222,-0.012384128036227408,-0.01876464239185585,0.006580360200857345
2019-10-07,11196.2001953125,11233.849609375,11112.650390625,11126.400390625,733200.0,-0.0043266837625002275,-0.004336070945390455,-0.006234240498550839,0.0019195235072372984
2019-10-09,11152.9501953125,11321.599609375,11090.150390625,11313.2998046875,741100.0,0.01679783285706482,0.016658309554353663,0.014377326767082105,0.002386198928259908
2019-10-10,11280.5,11293.349609375,11208.5498046875,11234.5498046875,562000.0,-0.006960833829169011,-0.006985173448092334,-0.004073418315899118,-0.0028992252705890356
2019-10-11,11257.7001953125,11362.900390625,11189.400390625,11305.0498046875,737800.0,0.006275284833450412,0.006255677219734019,0.004205975337193249,0.0020606424847874846
2019-10-14,11335.900390625,11420.4501953125,11290.0498046875,11341.150390625,587600.0,0.003193315072573366,0.0031882272704231176,0.00046313039274249864,0.0027289208336533097
2019-10-15,11360.849609375,11462.349609375,11342.099609375,11428.2998046875,527400.0,0.007684353972992053,0.007654979710518189,0.005937073161926194,0.0017369683031700275
2019-10-16,11464.9501953125,11481.0498046875,11411.099609375,11464.0,533500.0,0.003123841334461419,0.0031189722795879394,-8.287827651344634e-05,0.003206985400397639
2019-10-17,11466.2998046875,11599.099609375,11439.650390625,11586.349609375,797600.0,0.010672506051552677,0.010615956850818441,0.010469794679398042,0.00020061101600662946
2019-10-18,11580.2998046875,11684.7001953125,11553.150390625,11661.849609375,853400.0,0.006516288783389612,0.006495149556810502,0.007042115149254606,-0.0005221493301570022
2019-10-22,11657.150390625,11714.349609375,11573.650390625,11588.349609375,867600.0,-0.006302602285396697,-0.006322547531982618,-0.005902023989098697,-0.0004029565555554997
2019-10-23,11596.2001953125,11651.599609375,11554.400390625,11604.099609375,664200.0,0.001359123648397631,0.0013582008758651655,0.0006812071134899135,0.0006774550477100604
2019-10-24,11661.650390625,11679.599609375,11534.650390625,11582.599609375,700500.0,-0.0018527934715960592,-0.001854512016487498,-0.006778695862255507,0.004959521478383767
2019-10-25,11646.150390625,11646.900390625,11490.75,11583.900390625,812000.0,0.00011230477560042473,0.00011229846989121649,-0.005345113871284922,0.005486745928656789
2019-10-29,11643.9501953125,11809.400390625,11627.349609375,11786.849609375,951700.0,0.017519938181983052,0.017368233407476515,0.01227241714929586,0.005183902024580519
2019-10-30,11883.900390625,11883.9501953125,11784.4501953125,11844.099609375,725200.0,0.004857107869982835,0.004845350178432992,-0.003349134538471741,0.008233818574626416
2019-10-31,11890.4501953125,11945.0,11855.099609375,11877.4501953125,1414800.0,0.0028157974888274317,0.0028118405572833054,-0.0010933143645919237,0.003913390419379111
2019-11-01,11886.599609375,11918.2998046875,11843.349609375,11890.599609375,855300.0,0.0011070906504571099,0.0011064782775295006,0.00033651339587859817,0.0007703180322415383
2019-11-04,11928.900390625,11989.150390625,11905.349609375,11941.2998046875,823100.0,0.004263888868356602,0.004254824252091804,0.0010394431721673842,0.0032210975483357635
2019-11-05,11974.599609375,11978.9501953125,11861.900390625,11917.2001953125,632000.0,-0.002018173043904281,-0.002020212299297299,-0.004793430756345422,0.002788624792288384
2019-11-06,11911.5,12002.900390625,11850.25,11966.0498046875,603400.0,0.004099084396871566,0.004090706038353768,0.004579591544935566,-0.0004783166531633923
2019-11-07,12021.099609375,12021.400390625,11946.849609375,12012.0498046875,563000.0,0.003844209304726398,0.003836839214212366,-0.000752826694859283,0.004600499378327438
2019-11-08,11987.150390625,12034.150390625,11888.75,11908.150390625,789300.0,-0.008649599006986697,-0.008687223905779385,-0.006590390328445776,-0.0020728696989570777
2019-11-11,11879.2001953125,11932.650390625,11853.9501953125,11913.4501953125,549000.0,0.0004450569159482054,0.0004449579074941643,0.002883190739854267,-0.002431124428466388
2019-11-13,11908.2998046875,11946.7998046875,11823.2001953125,11840.4501953125,659000.0,-0.006127528029514329,-0.006146378372844679,-0.005697673932284788,-0.000432317300241578
2019-11-14,11858.75,11895.650390625,11802.650390625,11872.099609375,559500.0,0.002672990768123773,0.0026694246816312177,0.0011257180879097712,0.001545532845933906
2019-11-15,11904.2001953125,11973.650390625,11879.25,11895.4501953125,580200.0,0.001966845520657623,0.001964913812506188,-0.0007350346815778077,0.002703867638724261
2019-11-18,11915.150390625,11946.2001953125,11867.599609375,11884.5,514400.0,-0.0009205364347466549,-0.0009209603886071214,-0.0025723880622703795,0.001656111789721336
2019-11-19,11919.4501953125,11958.849609375,11881.75,11940.099609375,613900.0,0.004678329704657314,0.004667420332106962,0.0017324133012964547,0.002940821684757457
2019-11-20,12004.75,12038.599609375,11966.0498046875,11999.099609375,646700.0,0.004941332311304558,0.004929163997457979,-0.0004706795747516608,0.0054145604090470485
2019-11-21,12025.650390625,12028.2001953125,11956.900390625,11968.400390625,557700.0,-0.002558460196964596,-0.0025617386493080496,-0.004760657273442039,0.0022127311310305023
2019-11-22,11967.2998046875,11968.099609375,11883.5,11914.400390625,486800.0,-0.004511881140131235,-0.004522090396049399,-0.004420329976339333,-9.1957646935183e-05
2019-11-25,11922.4501953125,12084.5,11919.75,12073.75,534300.0,0.013374538722098483,0.013285889135891809,0.012690328096064173,0.0006756365762085764
2019-11-26,12110.2001953125,12132.4501953125,12006.349609375,12037.7001953125,1201300.0,-0.0029858001604721185,-0.0029902665544935493,-0.005986688810318974,0.003018962237291645
2019-11-27,12068.5,12114.900390625,12055.150390625,12100.7001953125,584200.0,0.005233557820665036,0.005219910352766259,0.0026681190962008533,0.002558612042813086
2019-11-28,12132.099609375,12158.7998046875,12099.9501953125,12151.150390625,620500.0,0.004169196368656758,0.004160529350791835,0.0015702790006173898,0.002594842740973231
2019-11-29,12146.2001953125,12147.400390625,12017.400390625,12056.0498046875,804400.0,-0.007826467690735917,-0.00785725523266999,-0.00742210643455318,-0.00040738491034719097
2019-12-02,12137.0498046875,12137.150390625,12023.7001953125,12048.2001953125,720900.0,-0.0006510929783939412,-0.000651305031476376,-0.00732052770688022,0.006718618561820015
2019-12-03,12067.650390625,12068.599609375,11956.400390625,11994.2001953125,605800.0,-0.004481997238144242,-0.004492071500914214,-0.006086536561380771,0.0016143652161479966
2019-12-04,11969.9501953125,12054.7001953125,11935.2998046875,12043.2001953125,747200.0,0.004085307832292884,0.0040769856204158446,0.006119490791923688,-0.0020218105088388666
2019-12-05,12071.25,12081.2001953125,11998.75,12018.400390625,562200.0,-0.00205923710353606,-0.002061360247465576,-0.004378138914776846,0.0023290989299021743
2019-12-06,12047.349609375,12057.0498046875,11888.849609375,11921.5,609200.0,-0.008062669529681155,-0.00809534862199821,-0.010446248631903769,0.0024087414139224344
2019-12-09,11939.099609375,11981.9501953125,11888.0498046875,11937.5,599100.0,0.001342112989137334,0.0013412131605239934,-0.0001339807378559712,0.0014762915216206013
2019-12-10,11950.5,11953.2001953125,11844.7001953125,11856.7998046875,650200.0,-0.006760225785340301,-0.006783179618895446,-0.00784069246579641,0.0010890052356020941
2019-12-11,11867.349609375,11923.2001953125,11832.2998046875,11910.150390625,997700.0,0.0044995771891509495,0.004489484356039674,0.0036065998440113476,0.0008897683069026105
2019-12-12,11944.2998046875,12005.5,11934.0,11971.7998046875,752600.0,0.005176207859728388,0.005162857346029799,0.002302353461456796,0.0028672529684747304
2019-12-13,12026.400390625,12098.849609375,12023.599609375,12086.7001953125,597700.0,0.009597587037832866,0.009551822783961173,0.00501395286444195,0.004560766704110889
2019-12-16,12131.349609375,12134.650390625,12046.2998046875,12053.9501953125,437700.0,-0.0027095898360001147,-0.002713267419203363,-0.006380115696499787,0.0036940946115149005
2019-12-17,12082.4501953125,12182.75,12070.349609375,12165.0,499600.0,0.009212731336046609,0.009170552980705609,0.006832207321618091,0.00236437014739641
2019-12-18,12197.0,12237.7001953125,12163.4501953125,12221.650390625,518900.0,0.004656834412248179,0.004646024904610523,0.0020210207940477166,0.0026304973284011508
2019-12-19,12223.400390625,12268.349609375,12191.150390625,12259.7001953125,623100.0,0.003113311498149862,0.003108475179285728,0.0029696977540996624,0.00014318851743152402
2019-12-20,12266.4501953125,12293.900390625,12252.75,12271.7998046875,810700.0,0.000986941701855537,0.0009864549951019103,0.0004361171561308176,0.0005505844264104325
2019-12-23,12235.4501953125,12287.150390625,12213.25,12262.75,604800.0,-0.0007374472230261553,-0.0007377192709850936,0.0022312055749251283,-0.0029620438691572706
2019-12-24,12269.25,12283.7001953125,12202.099609375,12214.5498046875,470300.0,-0.003930618769240168,-0.003938363953434116,-0.004458316140962162,0.0005300605492242768
2019-12-26,12211.849609375,12221.5498046875,12118.849609375,12126.5498046875,520300.0,-0.007204522590446127,-0.007230600491364134,-0.006985002879663339,-0.00022106384235821472
2019-12-27,12172.900390625,12258.4501953125,12157.900390625,12245.7998046875,383800.0,0.009833794601157297,0.009785757510884093,0.005988664305397892,0.0038222401824122513
2019-12-30,12274.900390625,12286.4501953125,12213.7998046875,12255.849609375,411100.0,0.0008206736062803532,0.0008203370378256411,-0.001552011066790416,0.002376372830001741
2019-12-31,12247.099609375,12247.099609375,12151.7998046875,12168.4501953125,426900.0,-0.007131240742024536,-0.007156789574995062,-0.0064218808184016785,-0.0007139447919878821
2020-01-01,12202.150390625,12222.2001953125,12165.2998046875,12182.5,304100.0,0.001154609211690083,0.0011539431631088094,-0.0016104039038969341,0.0027694730858562337
2020-01-02,12198.5498046875,12289.900390625,12195.25,12282.2001953125,407700.0,0.008183886337984836,0.008150579934013252,0.006857404524663736,0.001317447542581572
2020-01-03,12261.099609375,12265.599609375,12191.349609375,12226.650390625,428800.0,-0.004522789386603554,-0.004533048142335533,-0.0028096353383883833,-0.0017179809481979488
2020-01-06,12170.599609375,12179.099609375,11974.2001953125,11993.0498046875,396500.0,-0.019105853072941215,-0.01929072847314149,-0.014588418844272354,-0.004584312093603161
2020-01-07,12079.099609375,12152.150390625,12005.349609375,12052.9501953125,447800.0,0.004994592001242859,0.004982160403270252,-0.002164847952922298,0.007174972679081789
2020-01-08,11939.099609375,12044.9501953125,11929.599609375,12025.349609375,446000.0,-0.0022899444111396106,-0.0022925703434345888,0.0072241628616846005,-0.009445868778398961
2020-01-09,12153.150390625,12224.0498046875,12132.5498046875,12215.900390625,477500.0,0.015845758122611686,0.015721524760104574,0.005163270261874292,0.01062761461424507
2020-01-10,12271.0,12311.2001953125,12213.2001953125,12256.7998046875,660600.0,0.0033480474426501594,0.003342455210374022,-0.0011572158188004238,0.004510482863570644
2020-01-13,12296.7001953125,12337.75,12285.7998046875,12329.5498046875,501000.0,0.0059354808073293075,0.005917935234497193,0.0026714166283018158,0.0032553677355275446
2020-01-14,12333.099609375,12374.25,12308.7001953125,12362.2998046875,616300.0,0.0026562202609821117,0.0026526987425187607,0.0023676282716717447,0.00028791032468601733
2020-01-15,12349.400390625,12355.150390625,12278.75,12343.2998046875,684400.0,-0.0015369308543056182,-0.0015381131440847836,-0.0004939985541428584,-0.0010434477618483933
2020-01-16,12347.099609375,12389.0498046875,12315.7998046875,12355.5,395700.0,0.000988406301843714,0.0009879181499700635,0.0006803533534808197,0.0003078435060012869
2020-01-17,12328.400390625,12385.4501953125,12321.400390625,12352.349609375,502100.0,-0.000254978804985595,-0.00025501131760789477,0.0019426055279817102,-0.0021933235704746875
2020-01-20,12430.5,12430.5,12216.900390625,12224.5498046875,491600.0,-0.010346193941151438,-0.01040008785925209,-0.016568134452556213,0.006326763174326493
2020-01-21,12195.2998046875,12230.0498046875,12162.2998046875,12169.849609375,400.0,-0.004474618385662321,-0.004484659455009181,-0.002086885580518301,-0.0023927261508463974
2020-01-22,12218.349609375,12225.0498046875,12087.900390625,12106.900390625,500.0,-0.005172555189302153,-0.005185979163736476,-0.00912146257989592,0.003985258779421416
2020-01-23,12123.75,12189.0,12094.099609375,12180.349609375,867700.0,0.0060667236352978104,0.0060483951593072694,0.004668490308279204,0.0013917360208933018
2020-01-24,12174.5498046875,12272.150390625,12149.650390625,12248.25,593200.0,0.005574584704263197,0.005559104211847819,0.006053627977613071,-0.0004761607731715675
2020-01-27,12197.099609375,12216.599609375,12107.0,12119.0,441200.0,-0.010552527912150667,-0.010608600656474901,-0.006403129586231358,-0.004176138683077174
2020-01-28,12148.099609375,12163.5498046875,12024.5,12055.7998046875,478500.0,-0.005214967844912932,-0.005228613250633523,-0.007597880133965141,0.002401155984404654
2020-01-29,12114.900390625,12169.599609375,12103.7998046875,12129.5,514400.0,0.006113256399948197,0.006094646255253335,0.0012050952879726331,0.004902253429467258
2020-01-30,12147.75,12150.2998046875,12010.599609375,12035.7998046875,538100.0,-0.0077249841553650445,-0.007754976405079576,-0.009215714458438806,0.001504596232326147
2020-01-31,12100.400390625,12103.5498046875,11945.849609375,11962.099609375,771300.0,-0.006123414854723341,-0.006142239847635705,-0.011429438430578791,0.005367369596189234
2020-02-03,11627.4501953125,11749.849609375,11614.5,11707.900390625,669800.0,-0.021250384719316173,-0.02147942474929971,0.0069189885969094716,-0.02797580901267757
2020-02-04,11786.25,11986.150390625,11783.400390625,11979.650390625,560400.0,0.02321082268667074,0.02294554852001912,0.016408984250715877,0.0066920290368833145
2020-02-05,12005.849609375,12098.150390625,11953.349609375,12089.150390625,758000.0,0.009140500467834434,0.009098978920125088,0.006938349551284815,0.002186976906312968
2020-02-06,12120.0,12160.599609375,12084.650390625,12137.9501953125,565100.0,0.004036661230167438,0.00402853577236436,0.0014810392172029702,0.002551842633947504
2020-02-07,12151.150390625,12154.7001953125,12073.9501953125,12098.349609375,473500.0,-0.0032625431230384194,-0.003267876820959125,-0.004345331886496729,0.0010875143743461497
2020-02-10,12102.349609375,12103.5498046875,11990.75,12031.5,524700.0,-0.005525514763038308,-0.005540836887552729,-0.005854202833482587,0.00033062360810770454
2020-02-11,12108.400390625,12172.2998046875,12099.0,12107.900390625,480000.0,0.006350030388978967,0.0063299538920958175,-4.1293646053125886e-05,0.006391587967003283
2020-02-12,12151.0,12231.75,12144.2998046875,12201.2001953125,411700.0,0.0077056964194832656,0.0076761591804553895,0.0041313632880009875,0.0035596270190966805
2020-02-13,12219.5498046875,12225.650390625,12139.7998046875,12174.650390625,501200.0,-0.0021759994314084485,-0.002178370358219195,-0.00367439183768262,0.0015039183917373651
2020-02-14,12190.150390625,12246.7001953125,12091.2001953125,12113.4501953125,622800.0,-0.005026854435148831,-0.005039531569823334,-0.006291981054761008,0.0012731371745948173
2020-02-17,12131.7998046875,12159.599609375,12037.0,12045.7998046875,0.0,-0.00558473346026378,-0.005600386389670753,-0.0070888080404006674,0.0015148127972739497
2020-02-18,12028.25,12030.75,11908.0498046875,11992.5,676900.0,-0.004424762618648104,-0.004434580853707973,-0.0029721696838692245,-0.0014569231576196935
2020-02-19,12090.599609375,12134.7001953125,12042.099609375,12125.900390625,513600.0,0.011123651500938081,0.011062238693018929,0.0029196882198156593,0.008180079997915363
2020-02-20,12119.0,12152.0,12071.4501953125,12080.849609375,502600.0,-0.003715252459506435,-0.003722171151700223,-0.0031479817332288143,-0.0005690621234473406
2020-02-24,12012.5498046875,12012.5498046875,11813.400390625,11829.400390625,490800.0,-0.02081386879900149,-0.02103353072205037,-0.015246506115715083,-0.005653559716073104
2020-02-25,11877.5,11883.0498046875,11779.900390625,11797.900390625,461000.0,-0.002662856861702312,-0.002666408571566386,-0.006701714112818354,0.00406610713871176
2020-02-26,11738.5498046875,11783.25,11639.599609375,11678.5,567600.0,-0.010120477938589723,-0.010172038146389433,-0.005115606756085031,-0.005030605783437698
2020-02-27,11661.25,11663.849609375,11536.7001953125,11633.2998046875,608600.0,-0.003870376787472707,-0.0038778860778288546,-0.0023968438471433165,-0.0014770732542706683
2020-02-28,11382.0,11384.7998046875,11175.0498046875,11201.75,809900.0,-0.03709607866493836,-0.0378016423222764,-0.01583640836408364,-0.02160176466751435
2020-03-02,11387.349609375,11433.0,11036.25,11132.75,680800.0,-0.006159751824491688,-0.0061788013630017435,-0.022358109490674873,0.016568804818443545
2020-03-03,11217.5498046875,11342.25,11152.5498046875,11303.2998046875,696500.0,0.015319647408546855,0.015203486470954998,0.007644271832353932,0.007617148026094181
2020-03-04,11351.349609375,11356.599609375,11082.150390625,11251.0,797700.0,-0.004626950146523701,-0.0046376876143074345,-0.008840324087289318,0.004250953749592102
2020-03-05,11306.0498046875,11389.5,11244.599609375,11269.0,1352500.0,0.0015998577904186018,0.0015985793812774052,-0.0032769893400026516,0.00489288104946227
2020-03-06,10942.650390625,11035.099609375,10827.400390625,10989.4501953125,1811000.0,-0.024806975302821943,-0.02511985353017798,0.004276825359201391,-0.02895994403895643
2020-03-09,10742.0498046875,10751.5498046875,10294.4501953125,10451.4501953125,1565500.0,-0.048956043335951605,-0.05019499598647564,-0.02705252858241183,-0.022512535770945804
2020-03-11,10334.2998046875,10545.099609375,10334.0,10458.400390625,1218500.0,0.0006649981756232659,0.0006647771623133455,0.012008610963774211,-0.011209008169750666
2020-03-12,10039.9501953125,10040.75,9508.0,9590.150390625,1343500.0,-0.08301938801064712,-0.08666894981793948,-0.04480099960032717,-0.04001091750967981
2020-03-13,9107.599609375,10159.400390625,8555.150390625,9955.2001953125,1388000.0,0.03806507612689369,0.03735847654239177,0.09306520074345535,-0.05031733201199066
2020-03-16,9587.7998046875,9602.2001953125,9165.099609375,9197.400390625,897700.0,-0.07612100106679087,-0.07917416945110371,-0.04071835269981677,-0.03690537441908943
2020-03-17,9285.400390625,9403.7998046875,8915.599609375,8967.0498046875,935600.0,-0.02504518409052825,-0.02536415171509603,-0.03428506823022112,0.00956792096272108
2020-03-18,9088.4501953125,9127.5498046875,8407.0498046875,8468.7998046875,1516600.0,-0.05556454027271507,-0.05716792711513327,-0.06817998418966896,0.013538498532877367
2020-03-19,8063.2998046875,8575.4501953125,7832.5498046875,8263.4501953125,925700.0,-0.024247781753128472,-0.02454659954775134,0.02482239225541943,-0.04788163722745634
2020-03-20,8284.4501953125,8883.0,8178.2001953125,8745.4501953125,1071500.0,0.058329146858465686,0.05669138794443699,0.05564642059902088,0.0025413113776509956
2020-03-23,7945.7001953125,8159.25,7583.60009765625,7610.25,653500.0,-0.12980466070471242,-0.13903756461051203,-0.0422178268833244,-0.09144755068511629
2020-03-24,7848.2998046875,8036.9501953125,7511.10009765625,7801.0498046875,738400.0,0.02507142402516349,0.024762292138464665,-0.0060204122135827836,0.03128015566998456
2020-03-25,7735.14990234375,8376.75,7714.75,8317.849609375,736900.0,0.06624746894667499,0.06414544603118057,0.07533140461242929,-0.008447568467535232
2020-03-26,8451.0,8749.0498046875,8304.900390625,8641.4501953125,865600.0,0.038904356430389475,0.03816665439616388,0.02253581769169329,0.01600779009936979
2020-03-27,8949.099609375,9038.900390625,8522.900390625,8660.25,801500.0,0.0021755381634551707,0.002173175106963937,-0.03227694650670818,0.03560159546245866
2020-03-30,8385.9501953125,8576.0,8244.0,8281.099609375,593300.0,-0.04378053643081892,-0.04476782787370225,-0.012503125286399673,-0.03167342798273722
2020-03-31,8529.349609375,8678.2998046875,8358.0,8597.75,712700.0,0.03823772271336057,0.03752477847769833,0.008019414581132657,0.02997790290059513
2020-04-01,8584.099609375,8588.099609375,8198.349609375,8253.7998046875,506300.0,-0.04000467509668226,-0.040826864424490454,-0.03847809551589637,-0.0015876701026431334
2020-04-03,8356.5498046875,8356.5498046875,8055.7998046875,8083.7998046875,697000.0,-0.020596574186770744,-0.02081164185069997,-0.03263906832063687,0.012448811751121731
2020-04-07,8446.2998046875,8819.400390625,8360.9501953125,8792.2001953125,814200.0,0.08763210467115035,0.08400295216282225,0.04095289045186785,0.044842773047125625
2020-04-08,8688.900390625,9131.7001953125,8653.900390625,8748.75,896500.0,-0.004941902407507137,-0.004954153987953298,0.006888053342120885,-0.011749027819290735
2020-04-09,8973.0498046875,9128.349609375,8904.5498046875,9111.900390625,742100.0,0.04150883161880259,0.0406704613937413,0.015474179789458517,0.025637925953707674
2020-04-13,9103.9501953125,9112.0498046875,8912.400390625,8993.849609375,644000.0,-0.01295567073707915,-0.013040327423561648,-0.012093715758044162,-0.0008725068286171951
2020-04-15,9196.400390625,9261.2001953125,8874.099609375,8925.2998046875,879100.0,-0.007621853562688519,-0.007651048328648555,-0.02947898899811556,0.022521032710938964
2020-04-16,8851.25,9053.75,8821.900390625,8992.7998046875,719400.0,0.007562771164790316,0.007534316783542481,0.015992069446405875,-0.008296618187392383
2020-04-17,9323.4501953125,9324.0,9091.349609375,9266.75,684200.0,0.03046328187687486,0.03000848934711599,-0.006081460631495285,0.036768347767805125
2020-04-20,9390.2001953125,9390.849609375,9230.7998046875,9261.849609375,726400.0,-0.0005288143766692954,-0.0005289542483047096,-0.013668567577672243,0.013321843722178758
2020-04-21,9016.9501953125,9044.400390625,8909.400390625,8981.4501953125,655100.0,-0.030274667144095657,-0.030742409586860843,-0.003937029619887978,-0.02644173943556681
2020-04-22,9026.75,9209.75,8946.25,9187.2998046875,734400.0,0.02291941778872575,0.022660713376927297,0.01778600323344504,0.005043707163364595
2020-04-23,9232.349609375,9343.599609375,9170.150390625,9313.900390625,666700.0,0.01377995587701486,0.013685875581327233,0.008833155664641336,0.004903486948854646
2020-04-24,9163.900390625,9296.900390625,9141.2998046875,9154.400390625,659400.0,-0.017124941572334906,-0.017273269224786485,-0.0010366764799974084,-0.016104960726333727
2020-04-27,9259.7001953125,9377.099609375,9250.349609375,9282.2998046875,512800.0,0.013971358975458648,0.01387465918374464,0.0024406415864782,0.01150264355875643
2020-04-28,9389.7998046875,9404.400390625,9260.0,9380.900390625,614500.0,0.010622430648890235,0.010566409007242056,-0.0009477746328582327,0.011581181631917686
2020-04-29,9408.599609375,9599.849609375,9392.349609375,9553.349609375,653000.0,0.018383013524196468,0.01821608855026957,0.015384861298143341,0.0029527249620603367
2020-04-30,9753.5,9889.0498046875,9731.5,9859.900390625,931200.0,0.03208830345213909,0.03158422875946422,0.010908944545547751,0.02095080770712988
2020-05-04,9533.5,9533.5,9266.9501953125,9293.5,687500.0,-0.05744483901313502,-0.059160835126554547,-0.025174385063198197,-0.03310382232008635
2020-05-05,9429.400390625,9450.900390625,9190.75,9205.599609375,725200.0,-0.009458265521601117,-0.009503278972569803,-0.023734359766132068,0.014623165720664981
2020-05-06,9226.7998046875,9346.900390625,9116.5,9270.900390625,722200.0,0.007093593467121684,0.0070685522845568985,0.004779618813783685,0.002302967347277377
2020-05-07,9234.0498046875,9277.849609375,9175.900390625,9199.0498046875,708700.0,-0.007750119504051356,-0.0077803077564110755,-0.0037903196041061938,-0.003974865912135608
2020-05-08,9376.9501953125,9382.650390625,9238.2001953125,9251.5,609100.0,0.0057016970693835045,0.005685503917787226,-0.013378571145148243,0.019338996353117737
2020-05-11,9348.150390625,9439.900390625,9219.9501953125,9239.2001953125,704600.0,-0.0013294930214019507,-0.001330377581346701,-0.0116547328358948,0.010446996770793925
2020-05-12,9168.849609375,9240.849609375,9043.9501953125,9196.5498046875,805500.0,-0.004616242718351149,-0.004626930470959459,0.0030211200415128413,-0.007614358867685572
2020-05-13,9584.2001953125,9584.5,9351.099609375,9383.5498046875,846400.0,0.02033371253039773,0.02012974293547344,-0.020935538337683652,0.042151719814251844
2020-05-14,9213.9501953125,9281.099609375,9119.75,9142.75,602600.0,-0.025661909373274727,-0.025996919937107583,-0.00772743435803705,-0.018074141759260174
2020-05-15,9182.400390625,9182.400390625,9050.0,9136.849609375,575900.0,-0.0006453627874545287,-0.0006455711236580218,-0.004960661625745072,0.004336812296628476
2020-05-18,9158.2998046875,9158.2998046875,8806.75,8823.25,773000.0,-0.034322509703259896,-0.03492536149006188,-0.03658428003372539,0.0023476576970787293
2020-05-19,8961.7001953125,9030.349609375,8855.2998046875,8879.099609375,762200.0,0.00632982284022332,0.006309873650596998,-0.009217066420131417,0.015691519033519393
2020-05-20,8889.150390625,9093.7998046875,8875.349609375,9066.5498046875,622300.0,0.021111396826158035,0.020891638839326522,0.01995684697264155,0.0011319595107805616
2020-05-21,9079.4501953125,9178.5498046875,9056.099609375,9106.25,631500.0,0.004378754451001221,0.004369195599480915,0.002951699068885921,0.0014228555407405764
2020-05-22,9067.900390625,9149.599609375,8968.5498046875,9039.25,675800.0,-0.0073575840768702605,-0.00738478460081561,-0.003159539627786459,-0.004211350377487989
2020-05-26,9099.75,9161.650390625,8996.650390625,9029.0498046875,655000.0,-0.0011284338094974533,-0.00112907097030296,-0.00776946567900217,0.006693033160937024
2020-05-27,9082.2001953125,9334.0,9004.25,9314.9501953125,763500.0,0.03166450477176164,0.0311735219299972,0.025627050163475454,0.005886598454402873
2020-05-28,9364.9501953125,9511.25,9336.5,9490.099609375,837900.0,0.018803043536468778,0.018628451492543274,0.013363596330191041,0.005367715226771815
2020-05-29,9422.2001953125,9598.849609375,9376.900390625,9580.2998046875,967000.0,0.009504662651105722,0.009459777532853096,0.01677947890065569,-0.007154763053848676
2020-06-01,9726.849609375,9931.599609375,9706.9501953125,9826.150390625,794200.0,0.025662097319460564,0.025338352659720637,0.010208935599692137,0.01529699567604297
2020-06-02,9880.849609375,9995.599609375,9824.0498046875,9979.099609375,770200.0,0.015565527970742954,0.015445627746472025,0.009943476915869654,0.005566698714705995
2020-06-03,10108.2998046875,10176.2001953125,10035.5498046875,10061.5498046875,794700.0,0.008262288035990828,0.008228342186278518,-0.004624912290227158,0.012947079433010282
2020-06-04,10054.25,10123.849609375,9944.25,10029.099609375,775100.0,-0.003225168681009971,-0.003230380747065696,-0.002501468595370117,-0.0007255149384739068
2020-06-05,10093.7998046875,10177.7998046875,10040.75,10142.150390625,987100.0,0.011272276241460544,0.01120921756965851,0.004790127293296057,0.006451246655484363
2020-06-08,10326.75,10328.5,10120.25,10167.4501953125,936500.0,0.002494520758722585,0.0024914146063167966,-0.015425937946352919,0.01820122974567963
2020-06-09,10181.150390625,10291.150390625,10021.4501953125,10046.650390625,754200.0,-0.011881032349997822,-0.011952175882067815,-0.013210687873135653,0.0013474563483788888
2020-06-10,10072.599609375,10148.75,10036.849609375,10116.150390625,632400.0,0.006917728526201428,0.006893910822071789,0.004323688316714726,0.0025828726730865873
2020-06-11,10094.099609375,10112.0498046875,9885.0498046875,9902.0,715500.0,-0.021169158460066062,-0.021396438367806456,-0.019030881089838414,-0.0021797601259897492
2020-06-12,9544.9501953125,9996.0498046875,9544.349609375,9972.900390625,796300.0,0.00716020911179549,0.007134696525776951,0.04483524654981073,-0.03605835232150071
2020-06-15,9919.349609375,9943.349609375,9726.349609375,9813.7001953125,716100.0,-0.015963279394844432,-0.016092064938005003,-0.010650840853784241,-0.005369629611495998
2020-06-16,10014.7998046875,10046.150390625,9728.5,9914.0,899900.0,0.010220386061458031,0.010168511071378764,-0.010065084340509725,0.020491721305186696
2020-06-17,9876.7001953125,10003.599609375,9833.7998046875,9881.150390625,685400.0,-0.0033134566648174157,-0.0033189583187083734,0.00045057511360039774,-0.003762336563193464
2020-06-18,9863.25,10111.2001953125,9845.0498046875,10091.650390625,622900.0,0.021303187551898528,0.021079446670088396,0.02315670703115099,-0.0018115694951858505
2020-06-19,10119.0,10272.400390625,10072.650390625,10244.400390625,892100.0,0.015136275444292302,0.015022865002949488,0.012392567509141219,0.0027101225583882095
2020-06-22,10318.75,10393.650390625,10277.599609375,10311.2001953125,685400.0,0.006520616350433883,0.006499449097502718,-0.0007316588431253786,0.007257585270001733
2020-06-23,10347.9501953125,10484.7001953125,10301.75,10471.0,669200.0,0.015497691991291696,0.015378829255110686,0.01189122506051876,0.003564085586923882
2020-06-24,10529.25,10553.150390625,10281.9501953125,10305.2998046875,854800.0,-0.015824677233549855,-0.015951224257763807,-0.02126933972623881,0.005562983478177824
2020-06-25,10235.5498046875,10361.7998046875,10194.5,10288.900390625,994200.0,-0.001591357298992957,-0.0015926248529521327,0.005212283360984421,-0.006768362039139638
2020-06-26,10378.900390625,10409.849609375,10311.25,10383.0,671900.0,0.00914574014738645,0.00910417112670767,0.00039499457752798883,0.008747290437567638
2020-06-29,10311.9501953125,10337.9501953125,10223.599609375,10312.400390625,574500.0,-0.006799538608783573,-0.006822760798075913,4.365763061041985e-05,-0.00684289749470288
2020-06-30,10382.599609375,10401.0498046875,10267.349609375,10302.099609375,556200.0,-0.0009988732845714887,-0.0009993724909477652,-0.007753356869055442,0.006807262721666441
2020-07-01,10323.7998046875,10447.0498046875,10299.599609375,10430.0498046875,573600.0,0.012419817334717198,0.012343324106810436,0.01029175323137876,0.0021063857014887175
2020-07-02,10493.0498046875,10598.2001953125,10485.5498046875,10551.7001953125,597400.0,0.011663452514898642,0.011595958752537541,0.005589451276482024,0.006040239613399197
2020-07-03,10614.9501953125,10631.2998046875,10562.650390625,10607.349609375,525200.0,0.005273976044848361,0.005260117338821228,-0.0007160265284010824,0.005994294647235927
2020-07-06,10723.849609375,10811.400390625,10695.099609375,10763.650390625,571200.0,0.014735139974255018,0.014627632603289031,0.003711426651787934,0.010982950905760175
2020-07-07,10802.849609375,10813.7998046875,10689.7001953125,10799.650390625,636800.0,0.003344590235981215,0.003339009534036716,-0.00029614581945338134,0.0036418145635928505
2020-07-08,10818.650390625,10847.849609375,10676.5498046875,10705.75,767900.0,-0.00869476207364206,-0.008732782060989626,-0.01043571855532321,0.001759316210503776
2020-07-09,10755.5498046875,10836.849609375,10733.0,10813.4501953125,618700.0,0.010060032721901813,0.01000976742529668,0.005383303659638652,0.004651687615300189
2020-07-10,10764.099609375,10819.400390625,10713.0,10768.0498046875,590700.0,-0.004198511095439339,-0.00420734959083762,0.00036697870289676386,-0.004563814975436137
2020-07-13,10851.849609375,10894.0498046875,10756.0498046875,10802.7001953125,554100.0,0.003217889149241815,0.003212722824094239,-0.004529127829051319,0.0077822638460513655
2020-07-14,10750.849609375,10755.650390625,10562.900390625,10607.349609375,532400.0,-0.01808349601540049,-0.018249000734889463,-0.013347782288282085,-0.004799780147559679
2020-07-15,10701.0,10827.4501953125,10577.75,10618.2001953125,715900.0,0.0010229309240368245,0.001022408086719745,-0.007737576365526586,0.008828820966005476
2020-07-16,10706.2001953125,10755.2998046875,10595.2001953125,10739.9501953125,694400.0,0.011466161662100571,0.011400923444823241,0.0031523789378398487,0.008287656889238949
2020-07-17,10752.0,10933.4501953125,10749.650390625,10901.7001953125,676900.0,0.01506059125586967,0.014948306530616993,0.013923009236653646,0.0011219609465935132
2020-07-20,10999.4501953125,11037.900390625,10953.0,11022.2001953125,554300.0,0.011053321760931656,0.010992680250840313,0.00206828519571779,0.008966491303992236
2020-07-21,11126.099609375,11179.5498046875,11113.25,11162.25,772000.0,0.012706156865764484,0.012626110991777935,0.0032491521642084883,0.00942637696842833
2020-07-22,11231.2001953125,11238.099609375,11056.5498046875,11132.599609375,765100.0,-0.0026563094918139463,-0.002659843741967638,-0.008779167339448935,0.006177087532755493
2020-07-23,11135.0,11239.7998046875,11103.150390625,11215.4501953125,621600.0,0.007442159858846331,0.007414603621325298,0.007224983862819937,0.00021561815831215017
2020-07-24,11149.9501953125,11225.400390625,11090.2998046875,11194.150390625,678900.0,-0.0018991484351116306,-0.0019009541040186228,0.003964160784420545,-0.005840157894631438
2020-07-27,11225.0,11225.0,11087.849609375,11131.7998046875,588100.0,-0.005569925698846956,-0.0055854955772852745,-0.008302912722717149,0.002755868761673621
2020-07-28,11154.099609375,11317.75,11151.400390625,11300.5498046875,683900.0,0.0151592736988444,0.015045520083450243,0.013129719156300962,0.0020032524011175403
2020-07-29,11276.900390625,11341.400390625,11149.75,11202.849609375,600700.0,-0.008645614328603224,-0.008683204468886633,-0.0065665899923672095,-0.0020927666769532008
2020-07-30,11254.2998046875,11299.9501953125,11084.9501953125,11102.150390625,677800.0,-0.008988714680747911,-0.009029356907451743,-0.013519225247503059,0.004592598946382747
2020-07-31,11139.5,11150.400390625,11026.650390625,11073.4501953125,642600.0,-0.002585102372305803,-0.002588449519166038,-0.005929332976121011,0.003364177934982683
2020-08-03,11057.5498046875,11058.0498046875,10882.25,10891.599609375,680900.0,-0.016422215545293994,-0.016558554850121334,-0.01500786324671589,-0.0014359021212495082
2020-08-04,10946.650390625,11112.25,10908.099609375,11095.25,625700.0,0.018697932161379383,0.01852527473195631,0.013574893147429339,0.0050544257248140816
2020-08-05,11155.75,11225.650390625,11064.0498046875,11101.650390625,667600.0,0.0005768586219327965,0.0005766923029565639,-0.004849482049615669,0.005452783848944368
2020-08-06,11185.7001953125,11256.7998046875,11127.2998046875,11200.150390625,600400.0,0.008872554668374333,0.00883342483924069,0.0012918453972649406,0.007570928801584083
2020-08-07,11186.650390625,11231.900390625,11142.0498046875,11214.0498046875,452600.0,0.0012410024488720417,0.0012402330418245548,0.0024492956430874203,-0.0012053409578589294
2020-08-10,11270.25,11337.2998046875,11238.0,11270.150390625,492000.0,0.005002705259437024,0.004990233307851035,-8.838257802621946e-06,0.005011587810944819
2020-08-11,11322.25,11373.599609375,11299.150390625,11322.5,586100.0,0.004644978776729314,0.004634224153283686,2.2080416878270662e-05,0.004622796286581829
2020-08-12,11289.0,11322.0,11242.650390625,11308.400390625,609900.0,-0.0012452735151247118,-0.0012460495124746427,0.001718521625033218,-0.0029587105321262973
2020-08-13,11334.849609375,11359.2998046875,11269.9501953125,11300.4501953125,562400.0,-0.0007030344733010008,-0.0007032817179241128,-0.003034836389364038,0.0023389000951829744
2020-08-14,11353.2998046875,11366.25,11111.4501953125,11178.400390625,645100.0,-0.010800437378868932,-0.010859185489107238,-0.015405161236937326,0.004676770257960374
2020-08-17,11248.900390625,11267.099609375,11144.5,11247.099609375,634000.0,0.0061457110453491115,0.006126903182347498,-0.00016008509165045125,0.006306805762578187
2020-08-18,11259.7998046875,11401.7001953125,11253.150390625,11385.349609375,579200.0,0.012292057935075373,0.012217124027310865,0.011150269708634883,0.0011291973711972617
2020-08-19,11452.150390625,11460.349609375,11394.099609375,11408.400390625,626200.0,0.002024600213507588,0.002022553472584474,-0.003820243230111157,0.005867257795491362
2020-08-20,11317.4501953125,11361.4501953125,11289.7998046875,11312.2001953125,791600.0,-0.008432399987605033,-0.0084681538079335,-0.00046388540787875197,-0.007972212772900177
2020-08-21,11409.650390625,11418.5,11362.2001953125,11371.599609375,668700.0,0.005250916093857194,0.005237178104313519,-0.003334964696312281,0.00861461021109589
2020-08-24,11412.0,11497.25,11410.650390625,11466.4501953125,532900.0,0.008341006471886514,0.008306412509926262,0.004771310490054329,0.003552744733616282
2020-08-25,11513.099609375,11525.900390625,11423.349609375,11472.25,638200.0,0.0005058064691958464,0.000505678592222556,-0.003548098319390599,0.004068339657688509
2020-08-26,11512.849609375,11561.75,11461.849609375,11549.599609375,743400.0,0.0067423225064831005,0.006719694702452173,0.0031920854737887134,0.0035389404323476216
2020-08-27,11609.2998046875,11617.349609375,11540.599609375,11559.25,719800.0,0.0008355606212675504,0.0008352117348219679,-0.004311182029022227,0.005169027267753972
2020-08-28,11602.9501953125,11686.0498046875,11589.400390625,11647.599609375,807000.0,0.007643195654994939,0.007614134421611744,0.003848108740528595,0.0037805389893375437
2020-08-31,11777.5498046875,11794.25,11325.849609375,11387.5,1371800.0,-0.022330747801946216,-0.0225838540823065,-0.033118077287370845,0.011156821977972594
2020-09-01,11464.2998046875,11553.5498046875,11366.900390625,11470.25,783800.0,0.007266739846322645,0.007240464307211334,0.0005190195139582006,0.006744219950603732
2020-09-02,11478.5498046875,11554.75,11430.400390625,11535.0,593500.0,0.005645038251127943,0.005629164732428894,0.004917885645227362,0.0007235940530938733
2020-09-03,11566.2001953125,11584.9501953125,11507.650390625,11527.4501953125,607100.0,-0.0006545127600779965,-0.0006547270470620276,-0.003350279205413065,0.002704828375596012
2020-09-04,11354.400390625,11452.0498046875,11303.650390625,11333.849609375,681300.0,-0.016794744948559814,-0.01693737589976223,-0.0018099398068583336,-0.01501197591448876
2020-09-07,11359.599609375,11381.150390625,11251.7001953125,11355.0498046875,560300.0,0.0018705202595032944,0.001868773014980915,-0.00040052509278100585,0.0022719553274026523
2020-09-08,11378.5498046875,11437.25,11290.4501953125,11317.349609375,572200.0,-0.0033201259317187093,-0.003325649779789579,-0.005378558459821304,0.002069563797976379
2020-09-09,11218.599609375,11298.150390625,11185.150390625,11278.0,728900.0,-0.003476927967516641,-0.003482986529093653,0.0052948133183540235,-0.00872554117425144
2020-09-10,11363.2998046875,11464.0498046875,11327.400390625,11449.25,679400.0,0.015184429863450921,0.01507030028649042,0.007563841207203254,0.007563380447552758
2020-09-11,11447.7998046875,11493.5,11419.900390625,11464.4501953125,554800.0,0.0013276149365679668,0.0013267344350831917,0.0014544620721077084,-0.00012666290914252026
2020-09-14,11540.150390625,11568.900390625,11383.5498046875,11440.0498046875,642300.0,-0.0021283524468515003,-0.002130620607789219,-0.008674114508838622,0.006603037565940296
2020-09-15,11487.2001953125,11535.9501953125,11442.25,11521.7998046875,506700.0,0.007145947910690342,0.007120536611649034,0.003012014136318336,0.0041215196987761694
2020-09-16,11538.4501953125,11618.099609375,11516.75,11604.5498046875,527800.0,0.0071820376506051,0.007156369643982706,0.005728638444169304,0.0014451206328221391
2020-09-17,11539.400390625,11587.2001953125,11498.5,11516.099609375,0.0,-0.007622027291120936,-0.007651223391398827,-0.0020192367420520693,-0.005614126800178304
2020-09-18,11584.099609375,11584.099609375,11446.099609375,11504.9501953125,764200.0,-0.0009681588767627147,-0.0009686278452831663,-0.006832590942022327,0.005904776991043279
2020-09-21,11503.7998046875,11535.25,11218.5,11250.5498046875,602900.0,-0.02211225483867385,-0.022360395533691877,-0.022014465159312595,-9.999092612054135e-05
2020-09-22,11301.75,11302.2001953125,11084.650390625,11153.650390625,672200.0,-0.00861286032635733,-0.008650165364363744,-0.013104130720906054,0.004550906062490175
2020-09-23,11258.75,11259.5498046875,11024.400390625,11131.849609375,714900.0,-0.0019545871070447696,-0.0019564998051874198,-0.011271268180304208,0.009422888982008938
2020-09-24,11011.0,11015.2998046875,10790.2001953125,10805.5498046875,706100.0,-0.029312272096516434,-0.02975046086629724,-0.018658631851103443,-0.010856202124148633
2020-09-25,10910.400390625,11072.599609375,10854.849609375,11050.25,559600.0,0.022645788482354545,0.02239317919403798,0.012818008905994764,0.009703401292178147
2020-09-28,11140.849609375,11239.349609375,11099.849609375,11227.5498046875,472800.0,0.016044868187371275,0.015917509782938703,0.007782188823331928,0.008198874177054817
2020-09-29,11288.599609375,11305.400390625,11181.0,11222.400390625,498300.0,-0.0004586409458945395,-0.00045874615382283734,-0.005864254295548104,0.005437500233756409
2020-09-30,11244.4501953125,11295.400390625,11184.5498046875,11247.5498046875,499300.0,0.002241001317642377,0.0022384940193966077,0.00027565681924511895,0.001964802887082876
2020-10-01,11364.4501953125,11428.599609375,11347.0498046875,11416.9501953125,447700.0,0.015061092732783665,0.014948800566928164,0.0046196691522881325,0.010393409467391814
2020-10-05,11487.7998046875,11578.0498046875,11452.2998046875,11503.349609375,530600.0,0.0075676439490797165,0.007539152980994381,0.0013535929378883356,0.0062056510857066705
2020-10-06,11603.4501953125,11680.2998046875,11564.2998046875,11662.400390625,561400.0,0.013826475474619793,0.013731761801546099,0.00508040232174344,0.008701864181883165
2020-10-07,11679.25,11763.0498046875,11629.349609375,11738.849609375,513400.0,0.006555187284725372,0.006533795478530655,0.005103033959800501,0.0014447805606592635
2020-10-08,11835.400390625,11905.7001953125,11791.150390625,11834.599609375,608800.0,0.008156676606839941,0.008123590712403974,-6.765983604866557e-05,0.00822489293779619
2020-10-09,11852.0498046875,11938.599609375,11805.2001953125,11914.2001953125,611100.0,0.0067260903253916204,0.00670357110102055,0.005243851624756036,0.001474506606769907
2020-10-12,11973.5498046875,12022.0498046875,11867.2001953125,11930.9501953125,522600.0,0.0014058853909966196,0.0014048980594053501,-0.003557809510954117,0.004981417837711876
2020-10-13,11934.650390625,11988.2001953125,11888.900390625,11934.5,458300.0,0.0002975290843887368,0.0002974848313881938,-1.2601175575125018e-05,0.000310134168019053
2020-10-14,11917.400390625,11997.2001953125,11822.150390625,11971.0498046875,569200.0,0.0030625333853533387,0.0030578533826602027,0.00450177155285511,-0.0014327880828689933
2020-10-15,12023.4501953125,12025.4501953125,11661.2998046875,11680.349609375,608900.0,-0.02428360085835335,-0.024583309443990238,-0.028535951026042613,0.004377259428365388
2020-10-16,11727.400390625,11789.75,11667.849609375,11762.4501953125,555800.0,0.007028949362235082,0.007004361448563385,0.002988710500199103,0.004028199739178665
2020-10-19,11879.2001953125,11898.25,11820.400390625,11873.0498046875,541400.0,0.009402769621849272,0.009358838750109354,-0.000517744505006905,0.009925653079196586
2020-10-20,11861.0,11949.25,11837.25,11896.7998046875,453600.0,0.002000328507897331,0.0019983305148122575,0.003018278786569429,-0.0010148870665684158
2020-10-21,11958.5498046875,12018.650390625,11775.75,11937.650390625,623700.0,0.0034337457642519276,0.003427863919924764,-0.0017476545571025568,0.005190471472476965
2020-10-22,11890.0,11939.5498046875,11823.4501953125,11896.4501953125,544900.0,-0.0034512817819539743,-0.0034572511936285335,0.000542489092724979,-0.003991605472247813
2020-10-23,11957.900390625,11974.5498046875,11908.75,11930.349609375,502300.0,0.0028495402835257977,0.002845488039808009,-0.0023039814975879735,0.0051654228197175085
2020-10-26,11937.400390625,11942.849609375,11711.7001953125,11767.75,519800.0,-0.013629073304543216,-0.01372280171939824,-0.01421166963271454,0.0005909953589674705
2020-10-27,11807.099609375,11899.0498046875,11723.0,11889.400390625,616300.0,0.010337608346965288,0.010284540688903391,0.006970448626066646,0.0033438515752798963
2020-10-28,11922.599609375,11929.400390625,11684.849609375,11729.599609375,704000.0,-0.013440608945763599,-0.013531751526031222,-0.016187744814330583,0.0027923375157066933
2020-10-29,11633.2998046875,11744.150390625,11606.4501953125,11670.7998046875,555000.0,-0.005012942184360991,-0.0050255491286022155,0.003223504992529275,-0.008209982258092717
2020-10-30,11678.4501953125,11748.9501953125,11535.4501953125,11642.400390625,553700.0,-0.002433373422367602,-0.0024363388871728973,-0.0030868654731232817,0.0006555155390402011
2020-11-02,11697.349609375,11725.650390625,11557.400390625,11669.150390625,568400.0,0.002297636149117599,0.00229500061940095,-0.0024107357385812723,0.004719749957598749
2020-11-03,11734.4501953125,11836.2001953125,11723.2998046875,11813.5,674300.0,0.01237019016319918,0.01229430453308261,0.006736558029713026,0.005595934794015671
2020-11-04,11783.349609375,11929.650390625,11756.400390625,11908.5,667300.0,0.008041647267956087,0.008009485529747545,0.010620952002088487,-0.0025521979620772846
2020-11-05,12062.400390625,12131.099609375,12027.599609375,12120.2998046875,632500.0,0.017785598915690537,0.017629285844443805,0.004799991062102359,0.012923574810009657
2020-11-06,12156.650390625,12280.400390625,12131.849609375,12263.5498046875,576800.0,0.011819014571289532,0.011749715515175936,0.008793492502255308,0.0029991490741377116
2020-11-09,12399.400390625,12474.0498046875,12367.349609375,12461.0498046875,553400.0,0.016104635537461442,0.015976331587139476,0.004971967362963147,0.011077590754805251
2020-11-10,12556.400390625,12643.900390625,12475.25,12631.099609375,847500.0,0.01364650710436388,0.013554232066476922,0.005949094997462232,0.007651890284687873
2020-11-11,12680.599609375,12769.75,12571.099609375,12749.150390625,880500.0,0.009346041508720315,0.009302637490367565,0.005405957396471942,0.003918898712766094
2020-11-12,12702.150390625,12741.150390625,12624.849609375,12690.7998046875,622000.0,-0.004576821525331454,-0.004587327240413277,-0.0008935956187290507,-0.003686520164870055
2020-11-13,12659.7001953125,12735.9501953125,12607.7001953125,12719.9501953125,513900.0,0.002296970330761372,0.0022943363271255195,0.0047591964320220425,-0.0024505633887245614
2020-11-17,12932.5,12934.0498046875,12797.099609375,12874.2001953125,707700.0,0.012126619808373373,0.012053681426341886,-0.004508007321670211,0.01670995573283203
2020-11-18,12860.099609375,12948.849609375,12819.349609375,12938.25,731300.0,0.004975051165572175,0.004962716492027381,0.0060769661976823606,-0.0010952591791010076
2020-11-19,12839.5,12963.0,12745.75,12771.7001953125,768800.0,-0.01287266861341374,-0.012956239372488106,-0.005280564249970793,-0.007632407783123684
2020-11-20,12813.400390625,12892.4501953125,12730.25,12859.0498046875,664000.0,0.00683930941371913,0.006816027431926412,0.003562630735858349,0.0032650465227648316
2020-11-23,12960.2998046875,12968.849609375,12825.7001953125,12926.4501953125,633100.0,0.005241475198302092,0.0052277864790618534,-0.002611792156440488,0.007873832167839602
2020-11-24,13002.599609375,13079.099609375,12978.0,13055.150390625,571900.0,0.0099563448098976,0.009907106958531581,0.004041559597983036,0.005890976479382867
2020-11-25,13130.0,13145.849609375,12833.650390625,12858.400390625,679000.0,-0.015070680468092346,-0.015185397205090293,-0.020685423410129473,0.005733339497088448
2020-11-26,12906.4501953125,13018.0,12790.400390625,12987.0,549800.0,0.010001213639976747,0.009951532476185488,0.00624105028637192,0.0037368415376560285
2020-11-27,13012.0498046875,13035.2998046875,12914.2998046875,12968.9501953125,1162400.0,-0.001389836350773832,-0.0013908030691388337,-0.0033122843842384978,0.0019288368897743898
2020-12-01,13062.2001953125,13128.400390625,12962.7998046875,13109.0498046875,583600.0,0.010802694687318537,0.01074476242399418,0.0035866552858233214,0.0071902504517061296
2020-12-02,13121.400390625,13128.5,12983.5498046875,13113.75,717700.0,0.0003585458429504751,0.0003584815807498976,-0.0005830468088197403,0.0009421419646360417
2020-12-03,13215.2998046875,13216.599609375,13107.900390625,13133.900390625,713700.0,0.0015365849299400214,0.0015354055912646832,-0.006159482967887525,0.007743765489467163
2020-12-04,13177.400390625,13280.0498046875,13152.849609375,13258.5498046875,640500.0,0.009490662358873525,0.009445908959648398,0.006158226331214264,0.003312039737338831
2020-12-07,13264.849609375,13366.650390625,13241.9501953125,13355.75,591700.0,0.007331133249439903,0.007304391112653887,0.006852726815745855,0.0004751503580936682
2020-12-08,13393.849609375,13435.4501953125,13311.0498046875,13392.9501953125,543200.0,0.002785331809333158,0.002781459960611745,-6.715127381081364e-05,0.0028526746438799766
2020-12-09,13458.099609375,13548.900390625,13449.599609375,13529.099609375,502600.0,0.010165752285866914,0.010114428562528128,0.0052756334148798345,0.004864455785499907
2020-12-10,13488.5,13503.5498046875,13399.2998046875,13478.2998046875,553400.0,-0.0037548548058806697,-0.0037619219695161584,-0.0007562142056196019,-0.0030009099309806597
2020-12-11,13512.2998046875,13579.349609375,13402.849609375,13513.849609375,787700.0,0.002637558535026452,0.0026340862816878062,0.00011469584821988357,0.002522573358115646
2020-12-14,13571.4501953125,13597.5,13472.4501953125,13558.150390625,558400.0,0.0032781762806703973,0.0032728147749187795,-0.0009799840471060104,0.004262337350383165
2020-12-15,13547.2001953125,13589.650390625,13447.0498046875,13567.849609375,497600.0,0.0007153791977927426,0.0007151234360649028,0.001524256950867601,-0.0008076466919906485
2020-12-16,13663.099609375,13692.349609375,13606.4501953125,13682.7001953125,462200.0,0.008464907059269056,0.008429280641864136,0.0014345636420633988,0.007020272389678092
2020-12-17,13713.5498046875,13773.25,13673.5498046875,13740.7001953125,416000.0,0.004238929390550483,0.004229970438016461,0.0019798222204814968,0.0022546433770118447
2020-12-18,13764.400390625,13772.849609375,13658.599609375,13760.5498046875,519400.0,0.0014445849987885229,0.0014435425896574643,-0.0002797496315293656,0.0017248171472793708
2020-12-21,13741.900390625,13777.5,13131.4501953125,13328.400390625,687300.0,-0.0314049525779333,-0.03190866215630266,-0.030090452429861737,-0.0013552811716975959
2020-12-22,13373.650390625,13492.0498046875,13192.900390625,13466.2998046875,696200.0,0.010346283876607965,0.010293127415086657,0.006927758043342282,0.0033950060527764593
2020-12-23,13473.5,13619.4501953125,13432.2001953125,13601.099609375,458700.0,0.010010159185716239,0.009960389402299756,0.009470412986603333,0.0005346825346925423
2020-12-24,13672.150390625,13771.75,13626.900390625,13749.25,471400.0,0.01089253037474136,0.01083363406633502,0.0056391721252471915,0.005223899779472679
2020-12-28,13815.150390625,13885.2998046875,13811.5498046875,13873.2001953125,403600.0,0.009015051389166695,0.008974658395164679,0.004201894517695063,0.004793017119115588
2020-12-29,13910.349609375,13967.599609375,13859.900390625,13932.599609375,439600.0,0.004281594241144937,0.004272454296258275,0.001599528453620204,0.002677782598066458
2020-12-30,13980.900390625,13997.0,13864.9501953125,13981.9501953125,380700.0,0.003542094606974411,0.003535836164182277,7.508848916511519e-05,0.0034667458051044014
2020-12-31,13970.0,14024.849609375,13936.4501953125,13981.75,452400.0,-1.4318125132972703e-05,-1.4318227638304822e-05,0.0008410880458124552,-0.0008546873036714397
2021-01-01,13996.099609375,14049.849609375,13991.349609375,14018.5,358100.0,0.0026284263414808606,0.002624978069994666,0.0016004737927126182,0.001026309966563556
2021-01-04,14104.349609375,14147.9501953125,13953.75,14132.900390625,495000.0,0.00816067272711063,0.008127554493474463,0.002024253655129381,0.00612402249705746
2021-01-05,14075.150390625,14215.599609375,14048.150390625,14199.5,492500.0,0.004712380865514287,0.00470131235786493,0.008834691347797267,-0.004086210077466351
2021-01-06,14240.9501953125,14244.150390625,14039.900390625,14146.25,632300.0,-0.0037501320469031096,-0.0037571814216639365,-0.006649850888718871,0.00291913062519807
2021-01-07,14253.75,14256.25,14123.099609375,14137.349609375,559200.0,-0.0006291696120880319,-0.0006293676223474675,-0.00816629943874419,0.007599187063709463
2021-01-08,14258.400390625,14367.2998046875,14221.650390625,14347.25,613500.0,0.014847223590326086,0.014738082534464191,0.006231386897608743,0.008562480563522793
2021-01-11,14474.0498046875,14498.2001953125,14383.099609375,14484.75,672900.0,0.009583718134137165,0.00953808562855032,0.0007392675482596918,0.008837917000644723
2021-01-12,14473.7998046875,14590.650390625,14432.849609375,14563.4501953125,929600.0,0.005433314024232416,0.0054186068221036155,0.006193977520399704,-0.0007559809670515542
2021-01-13,14639.7998046875,14653.349609375,14435.7001953125,14564.849609375,874000.0,9.609083312889233e-05,9.608621670051523e-05,-0.005119618868592847,0.005242549557355197
2021-01-14,14550.0498046875,14617.7998046875,14471.5,14595.599609375,620200.0,0.002111247340323086,0.002109021789565324,0.003130560052985214,-0.0010161316515052627
2021-01-15,14594.349609375,14617.4501953125,14357.849609375,14433.7001953125,789600.0,-0.011092344158201595,-0.01115432296065278,-0.011007644627020812,-8.564225064087836e-05
2021-01-18,14453.2998046875,14459.150390625,14222.7998046875,14281.2998046875,762000.0,-0.010558650142566628,-0.010614788200058034,-0.011900396610068026,0.0013579060885139617
2021-01-19,14371.650390625,14546.0498046875,14350.849609375,14521.150390625,546100.0,0.016794730817062842,0.01665525875641371,0.010402423934381448,0.006326495989380781
2021-01-20,14538.2998046875,14666.4501953125,14517.5498046875,14644.7001953125,623100.0,0.008508265623863087,0.008472274336760961,0.0073186268033002,0.0011809955548406023
2021-01-21,14730.9501953125,14753.5498046875,14517.25,14590.349609375,704600.0,-0.0037112802046228577,-0.003718184091801354,-0.009544570042891066,0.0058895026084321645
2021-01-22,14583.400390625,14619.900390625,14357.75,14371.900390625,776800.0,-0.014972171647596122,-0.015085386074712022,-0.014502790455918886,-0.0004762887069912837
2021-01-25,14477.7998046875,14491.099609375,14218.599609375,14238.900390625,618600.0,-0.009254169343308138,-0.009297255190251277,-0.016501085612825726,0.007368504594672792
2021-01-27,14237.9501953125,14237.9501953125,13929.2998046875,13967.5,660700.0,-0.019060488041877988,-0.019244480891583437,-0.018995023272488983,-6.673235196768535e-05
2021-01-28,13810.400390625,13898.25,13713.25,13817.5498046875,637900.0,-0.010735650281904374,-0.010793693167934581,0.0005176833299745083,-0.011247510962949705
2021-01-29,13946.599609375,13966.849609375,13596.75,13634.599609375,753200.0,-0.013240422354072856,-0.013328858232496075,-0.022371044465223727,0.009339557773384745
2021-02-01,13758.599609375,14336.349609375,13661.75,14281.2001953125,870500.0,0.047423511101338356,0.04633334971971787,0.037983559430089395,0.009094509817122827
2021-02-02,14481.099609375,14731.7001953125,14469.150390625,14647.849609375,915000.0,0.02567357148195737,0.025349539675742865,0.011515009529528185,0.013997381965705706
2021-02-03,14754.900390625,14868.849609375,14574.150390625,14789.9501953125,869500.0,0.009701122671723184,0.009654368913945022,0.002375468743236655,0.007308293306171354
2021-02-04,14789.0498046875,14913.7001953125,14714.75,14895.650390625,884700.0,0.0071467580293813615,0.007121340982025425,0.0072080753899220855,-6.087854341019811e-05
2021-02-05,14952.599609375,15014.650390625,14864.75,14924.25,935600.0,0.0019199973566108586,0.0019181565175802602,-0.0018959652579224637,0.0038232112903134868
2021-02-08,15064.2998046875,15159.900390625,15041.0498046875,15115.7998046875,671200.0,0.01283480273296811,0.012753134705385865,0.0034186786420683786,0.009384043063303014
2021-02-09,15164.150390625,15257.099609375,15064.2998046875,15109.2998046875,713300.0,-0.0004300136336804483,-0.00043010611605642915,-0.003617122260368146,0.0031986786383943902
2021-02-10,15119.0498046875,15168.25,14977.2001953125,15106.5,624800.0,-0.00018530340410816137,-0.00018532057490518592,-0.0008300657018544291,0.0006452979374315655
2021-02-11,15073.25,15188.5,15065.400390625,15173.2998046875,500100.0,0.004421924647502795,0.004412176664707947,0.00663757349526479,-0.0022010392877238275
2021-02-12,15186.2001953125,15243.5,15081.0,15163.2998046875,571800.0,-0.0006590524229219685,-0.0006592696934370658,-0.0015079737083980116,0.0008502033698045479
2021-02-15,15270.2998046875,15340.150390625,15243.400390625,15314.7001953125,456000.0,0.00998465984153385,0.009935142462115996,0.0029076305765372385,0.0070565115362899175
2021-02-16,15371.4501953125,15431.75,15242.2001953125,15313.4501953125,648500.0,-8.162092525865194e-05,-8.162425642763527e-05,-0.0037732288927226276,0.003705590006742016
2021-02-17,15279.900390625,15314.2998046875,15170.75,15208.900390625,504800.0,-0.006827318687430917,-0.006850731452785171,-0.004646627149713759,-0.0021908717016475955
2021-02-18,15238.7001953125,15250.75,15078.0498046875,15118.9501953125,770600.0,-0.005914312869584326,-0.005931871684390037,-0.0078582817737195,0.0019593661554828156
2021-02-19,15074.7998046875,15144.0498046875,14898.2001953125,14981.75,712200.0,-0.009074717063029758,-0.009116143118184506,-0.006172539993437672,-0.0029202021340534907
2021-02-22,14999.0498046875,15010.099609375,14635.0498046875,14675.7001953125,609900.0,-0.020428174591586412,-0.02063971564030592,-0.021558006246098792,0.001154725228194303
2021-02-23,14782.25,14854.5,14651.849609375,14707.7998046875,744100.0,0.0021872625461001327,0.002184873969705697,-0.00503645894992305,0.007260287636669806
2021-02-24,14729.150390625,15008.7998046875,14504.5,14982.0,403800.0,0.01864318245786234,0.01847152850052029,0.017166611968056012,0.0014516505677956936
2021-02-25,15079.849609375,15176.5,15065.349609375,15097.349609375,803900.0,0.007699213013950157,0.007669725331353619,0.0011604890269675113,0.006531144665264985
2021-02-26,14888.599609375,14919.4501953125,14467.75,14529.150390625,1103600.0,-0.03763569324758598,-0.03836220275630364,-0.02414258077862899,-0.013826930249424212
2021-03-01,14702.5,14806.7998046875,14638.5498046875,14761.5498046875,507300.0,0.015995389118723446,0.01586881087701919,0.004016310470158137,0.011931159408113403
2021-03-02,14865.2998046875,14959.099609375,14760.7998046875,14919.099609375,621700.0,0.010672985341787733,0.010616431079728933,0.0036191536931219656,0.007028394807641024
2021-03-03,15064.400390625,15273.150390625,14995.7998046875,15245.599609375,544200.0,0.021884698711632122,0.02164866615239294,0.01202830607600986,0.009739246003739701
2021-03-04,15026.75,15202.349609375,14980.2001953125,15080.75,534900.0,-0.010812930524138231,-0.010871815118793142,0.003593591428618963,-0.014354936177152552
2021-03-05,14977.9501953125,15092.349609375,14862.099609375,14938.099609375,640700.0,-0.009459104528952489,-0.009504125991607463,-0.0026606168012210138,-0.006816624152479154
2021-03-08,15002.4501953125,15111.150390625,14919.900390625,14956.2001953125,0.0,0.0012117060677612201,0.001210972544447202,-0.0030828297643308135,0.004307816095771261
2021-03-09,15049.900390625,15126.849609375,14925.4501953125,15098.400390625,675300.0,0.00950777560179139,0.009462861169810146,0.0032226126911917632,0.006264973328042711
2021-03-10,15202.150390625,15218.4501953125,15100.849609375,15174.7998046875,404600.0,0.005060099883821945,0.005047340602462587,-0.0017991261258911639,0.006871588864766174
2021-03-12,15321.150390625,15336.2998046875,14953.599609375,15030.9501953125,493200.0,-0.009479506235763657,-0.009524722735275023,-0.018941149190081268,0.009644317409201818
2021-03-15,15048.400390625,15048.400390625,14745.849609375,14929.5,467500.0,-0.006749419963093084,-0.006772300308835674,-0.007901197970454969,0.0011609509103384533
2021-03-16,14996.099609375,15051.599609375,14890.650390625,14910.4501953125,100.0,-0.001275984104457617,-0.0012767988653300596,-0.00571144606221175,0.004460940378110453
2021-03-17,14946.5498046875,14956.5498046875,14696.0498046875,14721.2998046875,100.0,-0.012685759862868795,-0.01276691115553913,-0.015070367606131929,0.0024210945278063355
2021-03-18,14855.5,14875.2001953125,14478.599609375,14557.849609375,542200.0,-0.011102973071742905,-0.011165071153974405,-0.020036376468311398,0.009116056129076896
2021-03-19,14471.150390625,14788.25,14350.099609375,14744.0,919200.0,0.012786942826028547,0.012705880170274957,0.018854728339480396,-0.005955496249539989
2021-03-22,14736.2998046875,14763.900390625,14597.849609375,14736.400390625,459000.0,-0.000515437423697751,-0.0005155703072306843,6.825725510009264e-06,-0.0005222595844072165
2021-03-23,14768.5498046875,14878.599609375,14707.0,14814.75,474200.0,0.00531673999743143,0.005302656033791128,0.0031282824599227865,0.0021816327739678414
2021-03-24,14712.4501953125,14752.349609375,14535.0,14549.400390625,456400.0,-0.017911176994211853,-0.018073523592070435,-0.0110824371551279,-0.006905267026949493
2021-03-25,14570.900390625,14575.599609375,14264.400390625,14324.900390625,606800.0,-0.015430189146808937,-0.015550473459416195,-0.016882964909860874,0.001477724127645402
2021-03-26,14506.2998046875,14572.900390625,14414.25,14507.2998046875,481000.0,0.012733031929623273,0.012652648509180619,6.893556685467541e-05,0.012663223416284118
2021-03-30,14628.5,14876.2998046875,14617.599609375,14845.099609375,594500.0,0.02328481586755049,0.023017860602701366,0.014806686220391701,0.008354428249517433
2021-03-31,14811.849609375,14813.75,14670.25,14690.7001953125,463900.0,-0.010400699094332388,-0.010455164345430578,-0.008179222531791019,-0.0022397963553576904
2021-04-01,14798.400390625,14883.2001953125,14692.4501953125,14867.349609375,445000.0,0.012024574166918489,0.011952853344086897,0.004659234574682837,0.007331181896072245
2021-04-05,14837.7001953125,14849.849609375,14459.5,14637.7998046875,509700.0,-0.015439860548026041,-0.015560296479187625,-0.013472464599881334,-0.001994263593815254
2021-04-06,14737.0,14779.099609375,14573.900390625,14683.5,475300.0,0.003122067245233451,0.0031172037135109875,-0.0036303182465902153,0.006776988115436097
2021-04-07,14716.4501953125,14879.7998046875,14649.849609375,14819.0498046875,0.0,0.009231436965811968,0.0091890876818974,0.006971763435701372,0.0022440286929206253
2021-04-08,14875.650390625,14984.150390625,14821.099609375,14873.7998046875,514800.0,0.0036945688638336804,0.003687760707936765,-0.0001244036992605234,0.003819447716519337
2021-04-09,14882.650390625,14918.4501953125,14785.650390625,14834.849609375,504100.0,-0.0026187118170183377,-0.0026221466406612408,-0.003211846008296416,0.0005950453854240209
2021-04-12,14644.650390625,14652.5,14248.7001953125,14310.7998046875,650200.0,-0.03532558930400764,-0.03596463281723922,-0.022796760389119267,-0.012821108656861752
2021-04-13,14364.900390625,14528.900390625,14274.900390625,14504.7998046875,605100.0,0.013556195506029933,0.013465132344700306,0.009738975576454598,0.0037804026802037553
2021-04-15,14522.400390625,14597.5498046875,14353.2001953125,14581.4501953125,568000.0,0.005284484560774683,0.005270570669209097,0.004066118761304768,0.0012134318414937404
2021-04-16,14599.599609375,14697.7001953125,14559.0,14617.849609375,577200.0,0.002496282165007191,0.0024931716281266104,0.0012500342809593852,0.0012446919764081143
2021-04-19,14306.599609375,14382.2998046875,14191.400390625,14359.4501953125,512300.0,-0.017676978554819645,-0.01783508230882999,0.0036941402835421098,-0.021292461498603952
2021-04-20,14526.7001953125,14526.9501953125,14207.2998046875,14296.400390625,467400.0,-0.004390823034999047,-0.0044004910090830246,-0.015853552533686456,0.011647381879189017
2021-04-22,14219.150390625,14424.75,14151.400390625,14406.150390625,524600.0,0.007676757575422188,0.007647441212800463,0.013151278020330472,-0.005403458065616112
2021-04-23,14326.349609375,14461.150390625,14273.2998046875,14341.349609375,498100.0,-0.004498133053794207,-0.004508280094204329,0.0010470217751899738,-0.005539355003674781
2021-04-26,14449.4501953125,14557.5,14421.2998046875,14485.0,452700.0,0.010016518287169873,0.009966685459202936,0.002460287706935216,0.00753768570475642
2021-04-27,14493.7998046875,14667.5498046875,14484.849609375,14653.0498046875,451800.0,0.011601643402658013,0.011534860370141113,0.010987456853688312,0.0006075115421125302
2021-04-28,14710.5,14890.25,14694.9501953125,14864.5498046875,457000.0,0.014433855260107098,0.014330678808834763,0.010472098479827335,0.003920698835959851
2021-04-29,14979.0,15044.349609375,14814.4501953125,14894.900390625,517500.0,0.0020418099664161193,0.002039728305535653,-0.005614500926296816,0.007699539966989677
2021-04-30,14747.349609375,14855.4501953125,14601.7001953125,14631.099609375,613900.0,-0.017710812045177438,-0.017869525228607498,-0.00788277236786324,-0.00990612742485139
2021-05-03,14481.0498046875,14673.849609375,14416.25,14634.150390625,448900.0,0.00020851346320172048,0.0002084917272909865,0.010572478377081578,-0.010255538455315712
2021-05-04,14687.25,14723.400390625,14461.5,14496.5,503400.0,-0.00940610742344028,-0.009450624224999165,-0.01298745510561882,0.0036284723033198378
2021-05-05,14604.150390625,14637.900390625,14506.599609375,14617.849609375,455900.0,0.0083709591539336,0.008336116981918119,0.0009380359954930406,0.0074259573431517956
2021-05-06,14668.349609375,14743.900390625,14611.5,14724.7998046875,467800.0,0.0073164109749706,0.007289775876840782,0.0038484353602003677,0.003454680500175099
2021-05-07,14816.849609375,14863.0498046875,14765.5,14823.150390625,488000.0,0.006679247748155426,0.006657040403640492,0.0004252443276479863,0.00625134507147573
2021-05-10,14928.25,14966.900390625,14892.5,14942.349609375,522000.0,0.008041422748121585,0.008009262800994111,0.0009444917773349186,0.007090234302788357
2021-05-11,14789.7001953125,14900.0,14771.400390625,14850.75,647400.0,-0.006130201191218876,-0.006149068019026527,0.0041278595158304385,-0.01021589094440181
2021-05-12,14823.5498046875,14824.0498046875,14649.7001953125,14696.5,643800.0,-0.0103866808073666,-0.0104409988264523,-0.008570808366517198,-0.0018315704804471155
2021-05-14,14749.400390625,14749.650390625,14591.900390625,14677.7998046875,620700.0,-0.0012724250884564858,-0.001273235308628596,-0.004854474354293798,0.003599523058211139
2021-05-17,14756.25,14938.0,14725.349609375,14923.150390625,546400.0,0.01671576048197254,0.016577589783995917,0.011310488140618382,0.005344819820164474
2021-05-18,15067.2001953125,15137.25,15043.7001953125,15108.099609375,583900.0,0.012393443335275034,0.012317273309973075,0.0027144667577473393,0.009652774442184457
2021-05-19,15058.599609375,15133.400390625,15008.849609375,15030.150390625,569100.0,-0.005159432408138875,-0.005172788238334181,-0.0018892340249413652,-0.0032763882473533508
2021-05-20,15042.599609375,15069.7998046875,14884.900390625,14906.0498046875,480300.0,-0.00825677606093067,-0.008291052039504188,-0.00907754033434474,0.0008282830461739859
2021-05-21,14987.7998046875,15190.0,14985.849609375,15175.2998046875,572900.0,0.01806313567497475,0.01790193553229923,0.012510175105311891,0.005484350385995095
2021-05-24,15211.349609375,15256.25,15145.4501953125,15197.7001953125,579800.0,0.001476108604989923,0.0014750202275935762,-0.0008973177537177665,0.0023755579890661913
2021-05-25,15291.75,15293.849609375,15163.400390625,15208.4501953125,441500.0,0.0007073438653115716,0.0007070938155468382,-0.005447368985727598,0.006188423477159277
2021-05-26,15257.0498046875,15319.900390625,15194.9501953125,15301.4501953125,384000.0,0.006115021504864648,0.0060964006336564555,0.002910155711188584,0.003195566198453227
2021-05-27,15323.9501953125,15384.5498046875,15272.5,15337.849609375,0.0,0.002378821196545866,0.0023759962804964516,0.0009070385824375587,0.0014704488602585348
2021-05-28,15421.2001953125,15469.650390625,15394.75,15435.650390625,468100.0,0.006376433707514062,0.006356190262519319,0.0009370344155763148,0.005434307159104844
2021-05-31,15437.75,15606.349609375,15374.0,15582.7998046875,436000.0,0.009533088035724946,0.00948793489109113,0.009395786606694628,0.00013602338235616033
2021-06-01,15629.650390625,15660.75,15528.2998046875,15574.849609375,409600.0,-0.0005101904286871628,-0.000510320620107419,-0.003506206465300765,0.0030065576484789827
2021-06-02,15520.349609375,15597.4501953125,15459.849609375,15576.2001953125,428600.0,8.67158252806366e-05,8.67120656808025e-05,0.003598539165880883,-0.003499231220004507
2021-06-03,15655.5498046875,15705.099609375,15611.0,15690.349609375,410200.0,0.0073284506253876724,0.007301728008600275,0.0022228414282250523,0.0050942854085092885
2021-06-04,15712.5,15733.599609375,15622.349609375,15670.25,414200.0,-0.001281017305247989,-0.0012818385093088212,-0.0026889419252187747,0.0014117206548262709
2021-06-07,15725.099609375,15773.4501953125,15678.099609375,15751.650390625,394000.0,0.0051945814919991395,0.0051811361952536165,0.0016884332633524902,0.0035002383098546607
2021-06-08,15773.900390625,15778.7998046875,15680.0,15740.099609375,378200.0,-0.0007333060957773752,-0.0007335750962069031,-0.0021428296371193666,0.0014125503961948433
2021-06-09,15766.2998046875,15800.4501953125,15566.900390625,15635.349609375,457900.0,-0.006654976944212576,-0.0066772200430738555,-0.008305702475197574,0.0016645507946401329
2021-06-10,15692.099609375,15751.25,15648.5,15737.75,298300.0,0.0065492869160790335,0.006527933518834105,0.002909132095855859,0.003629595846451207
2021-06-11,15796.4501953125,15835.5498046875,15749.7998046875,15799.349609375,363000.0,0.003914130633349666,0.003906490354253145,0.00018354845719454002,0.003729897559212721
2021-06-14,15791.400390625,15823.0498046875,15606.5,15811.849609375,392900.0,0.0007911718082738162,0.0007908589968395644,0.0012949591704444555,-0.0005031358218241529
2021-06-15,15866.9501953125,15901.599609375,15842.400390625,15869.25,323300.0,0.003630213545097627,0.003623640223476974,0.00014494308352839102,0.003484765368931306
2021-06-16,15847.5,15880.849609375,15742.599609375,15767.5498046875,340200.0,-0.006408632752808119,-0.006429256198967984,-0.005044972097333965,-0.0013705751689588354
2021-06-17,15648.2998046875,15769.349609375,15616.75,15691.400390625,357600.0,-0.0048295020472909345,-0.004841201776747716,0.002754330277119887,-0.007563001320886802
2021-06-18,15756.5,15761.5,15450.900390625,15683.349609375,640800.0,-0.000513069646403852,-0.0005132013116724437,-0.004642553271665662,0.004148744392112668
2021-06-21,15525.849609375,15765.150390625,15505.650390625,15746.5,351500.0,0.004026588209654625,0.0040185031994205474,0.014211807802889208,-0.010042497548218373
2021-06-22,15840.5,15895.75,15752.099609375,15772.75,322200.0,0.0016670371193598932,0.0016656491552922152,-0.004277011457971655,0.005969580541707681
2021-06-23,15862.7998046875,15862.9501953125,15673.9501953125,15686.9501953125,287500.0,-0.005439749231269109,-0.005454598542621072,-0.011085660257972616,0.005709201292577388
2021-06-24,15737.2998046875,15821.400390625,15702.7001953125,15790.4501953125,316700.0,0.006597840798329813,0.006576170313444658,0.003377351342647019,0.0032096493421675575
2021-06-25,15839.349609375,15870.7998046875,15772.2998046875,15860.349609375,314600.0,0.0044266891189239654,0.004416920149496724,0.0013258120136176875,0.00309677136862229
2021-06-28,15915.349609375,15915.650390625,15792.150390625,15814.7001953125,255100.0,-0.0028782098242977616,-0.0028823598351750412,-0.0063240466928362075,0.0034677671901689787
2021-06-29,15807.5,15835.900390625,15724.0498046875,15748.4501953125,360300.0,-0.0041891404314852165,-0.004197939462444536,-0.003735556203542622,-0.0004552849705386226
2021-06-30,15776.900390625,15839.099609375,15708.75,15721.5,262400.0,-0.0017112919035373597,-0.0017127578361914226,-0.003511487634029825,0.0018065393711546394
2021-07-01,15755.0498046875,15755.5498046875,15667.0498046875,15680.0,224900.0,-0.002639697229908089,-0.0026431873739428875,-0.004763539666194575,0.0021340078674108704
2021-07-02,15705.849609375,15738.349609375,15635.9501953125,15722.2001953125,254800.0,0.002691338986766656,0.0026877238189711517,0.0010410507132158039,0.0016485720264668368
2021-07-05,15793.400390625,15845.9501953125,15762.0498046875,15834.349609375,207000.0,0.007133188273225066,0.007107867426692256,0.0025928057123346,0.004528640675477978
2021-07-06,15813.75,15914.2001953125,15801.0,15818.25,391400.0,-0.0010167521731027085,-0.0010172694162285671,0.0002845624851790372,-0.0013009444582936104
2021-07-07,15819.599609375,15893.5498046875,15779.7001953125,15879.650390625,329300.0,0.0038816171589777237,0.003874103121228537,0.0037959735222636575,8.531976514469047e-05
2021-07-08,15855.400390625,15885.75,15682.900390625,15727.900390625,307900.0,-0.0095562557277451,-0.009602209739377547,-0.008041424174654609,-0.0015271117060811788
2021-07-09,15688.25,15730.849609375,15632.75,15689.7998046875,243200.0,-0.0024224839292732447,-0.0024254228908178565,9.878760776377225e-05,-0.002521022491256022
2021-07-12,15766.7998046875,15789.2001953125,15644.75,15692.599609375,216300.0,0.00017844744498685117,0.00017843152513541638,-0.004706103726289474,0.0049076470674275525
2021-07-13,15794.0,15820.7998046875,15744.599609375,15812.349609375,246700.0,0.007630985495128417,0.0076020168050800795,0.0011618088752057742,0.0064616693950709
2021-07-14,15808.7001953125,15877.349609375,15764.2001953125,15853.9501953125,0.0,0.0026308921169333477,0.00262743737830436,0.002862347912285493,-0.00023079517925256947
2021-07-15,15872.150390625,15952.349609375,15855.0,15924.2001953125,284900.0,0.004431072328003882,0.0044212840314639245,0.003279316501325718,0.0011479912001919376
2021-07-16,15958.349609375,15962.25,15882.599609375,15923.400390625,276300.0,-5.0225736783704455e-05,-5.022699813825734e-05,-0.002190027139740597,0.002144497911584428
2021-07-19,15754.5,15836.900390625,15707.5,15752.400390625,242100.0,-0.010738912280361723,-0.010796990571541962,-0.00013327045447332508,-0.010607055432986609
2021-07-20,15703.9501953125,15728.4501953125,15578.5498046875,15632.099609375,274300.0,-0.0076369809214345,-0.007666291987629491,-0.004575319269603059,-0.0030757341174069575
2021-07-22,15736.599609375,15834.7998046875,15726.400390625,15824.0498046875,265300.0,0.012279233123449584,0.012204454864528006,0.005557121454650342,0.006684962520154904
2021-07-23,15856.7998046875,15899.7998046875,15768.400390625,15856.0498046875,294100.0,0.002022238326785386,0.0020201963552988087,-4.729832054626111e-05,0.0020696345375694272
2021-07-26,15849.2998046875,15893.349609375,15797.0,15824.4501953125,267100.0,-0.0019929055322251976,-0.001994894010794567,-0.0015678679614383104,-0.00042570502004884644
2021-07-27,15860.5,15881.5498046875,15701.0,15746.4501953125,311000.0,-0.004929081202650898,-0.004941269190283573,-0.007190807647142272,0.0022781078800563088
2021-07-28,15761.5498046875,15767.5,15513.4501953125,15709.400390625,318600.0,-0.002352898858342667,-0.0023556712745251398,-0.0033086476081806825,0.0009589214831095674
2021-07-29,15762.7001953125,15817.349609375,15737.7998046875,15778.4501953125,401600.0,0.004395444954646832,0.0043858132000563635,0.0009991942880880093,0.0033928605396873115
2021-07-30,15800.599609375,15862.7998046875,15744.849609375,15763.0498046875,400000.0,-0.000976039499086867,-0.000976516135808173,-0.002376479729618647,0.0014037762763975516
2021-08-02,15874.900390625,15892.900390625,15834.650390625,15885.150390625,244800.0,0.007746000136419795,0.007716153904229494,0.0006456733426846059,0.007095745260174125
2021-08-03,15951.5498046875,16146.900390625,15914.349609375,16130.75,341300.0,0.015460955882416139,0.015342653128218075,0.01123403039244754,0.004179967606834065
2021-08-04,16195.25,16290.2001953125,16176.150390625,16258.7998046875,427300.0,0.007938242467802281,0.007906900379200192,0.003923977998950309,0.003998574151852828
2021-08-05,16288.9501953125,16349.4501953125,16210.2998046875,16294.599609375,418200.0,0.0022018725316477195,0.002199451962862978,0.0003468249331455223,0.0018544044448045593
2021-08-06,16304.400390625,16336.75,16223.2998046875,16238.2001953125,320100.0,-0.003461233501561467,-0.0034672374282357825,-0.00406026555570636,0.0006014741991181655
2021-08-09,16281.349609375,16320.75,16179.0498046875,16258.25,240500.0,0.0012347307242392969,0.0012339690711517842,-0.0014187773083442028,0.0026572781184799033
2021-08-10,16274.7998046875,16359.25,16202.25,16280.099609375,288000.0,0.0013439090538649445,0.0013430068163520583,0.00032564484670180333,0.001017932722617748
2021-08-11,16327.2998046875,16338.75,16162.5498046875,16282.25,277900.0,0.00013208706805212245,0.00013207834532344713,-0.002759170544205135,0.0028992571572055655
2021-08-12,16303.650390625,16375.5,16286.900390625,16364.400390625,280200.0,0.005045395484346349,0.005032710127087298,0.003726159390349338,0.00131433865866204
2021-08-13,16385.69921875,16543.599609375,16376.2998046875,16529.099609375,321900.0,0.010064482340847336,0.010014172717061967,0.00875155760584866,0.0013015342827471933
2021-08-16,16518.400390625,16589.400390625,16480.75,16563.05078125,254000.0,0.002054024277023725,0.0020519176533692787,0.0027030698838333813,-0.0006472959207004598
2021-08-17,16545.25,16628.55078125,16495.400390625,16614.599609375,297400.0,0.0031122785775283823,0.0031074454639570138,0.004191511725419682,-0.0010747284111542518
2021-08-18,16691.94921875,16701.849609375,16535.849609375,16568.849609375,251800.0,-0.00275360231817956,-0.002757400455017452,-0.007374789352745137,0.004655520517711092
2021-08-20,16382.5,16509.55078125,16376.0498046875,16450.5,350800.0,-0.007142898400624986,-0.007168531033199722,0.0041507706394018,-0.0112469853833159
2021-08-23,16592.25,16592.5,16395.69921875,16496.44921875,275600.0,0.0027931806783987323,0.002789286998064274,-0.005773827012611309,0.008616759369016139
2021-08-24,16561.400390625,16647.099609375,16495.30078125,16624.599609375,275400.0,0.007768362083601765,0.007738343720985011,0.00381605524045995,0.00393728195769402
2021-08-25,16654.0,16712.44921875,16617.5,16634.650390625,265900.0,0.0006045728309951315,0.0006043901504665573,-0.0011618595757775909,0.001768487140491518
2021-08-26,16627.94921875,16683.69921875,16603.400390625,16636.900390625,253500.0,0.00013525983096518424,0.00013525068417903375,0.0005383208570847981,-0.0004028441667025755
2021-08-27,16642.55078125,16722.05078125,16565.599609375,16705.19921875,217400.0,0.004105261588480014,0.004096857993577663,0.003764353092470754,0.0003396300087355233
2021-08-30,16775.849609375,16951.5,16764.849609375,16931.05078125,283500.0,0.013519836521704187,0.013429259014094868,0.009251464187439277,0.004229245619872743
2021-08-31,16947.5,17153.5,16915.849609375,17132.19921875,464400.0,0.011880446175423387,0.011810427696351353,0.010898316492107981,0.0009715415163845828
2021-09-01,17185.599609375,17225.75,17055.05078125,17076.25,301900.0,-0.00326573477436376,-0.0032710789243950112,-0.00636286262106026,0.0031169606390379226
2021-09-02,17095.400390625,17245.5,17059.69921875,17234.150390625,242400.0,0.009246783727399066,0.009204293951085803,0.008116218212478342,0.0011214634726593954
2021-09-03,17262.44921875,17340.099609375,17212.19921875,17323.599609375,261400.0,0.005190230833697296,0.005176808010644206,0.0035423936574759114,0.001642020493240789
2021-09-06,17399.349609375,17429.55078125,17345.55078125,17377.80078125,228000.0,0.0031287476677577253,0.003123863322045117,-0.001238484691024842,0.004372647816162088
2021-09-07,17401.55078125,17436.5,17287.0,17362.099609375,243400.0,-0.0009035189246697772,-0.0009039273439216094,-0.0022671066717518218,0.0013666861704172237
2021-09-08,17375.75,17383.400390625,17254.19921875,17353.5,252700.0,-0.0004953092983268625,-0.0004954320044973781,-0.0012805202653122887,0.0007862177347277289
2021-09-09,17312.849609375,17379.650390625,17302.69921875,17369.25,241500.0,0.0009075978909154347,0.0009071862729865194,0.003257718509520171,-0.0023424894473737285
2021-09-13,17363.55078125,17378.349609375,17269.150390625,17355.30078125,241100.0,-0.000803098507419775,-0.0008034211637875494,-0.0004751332319025869,-0.0003281211767923198
2021-09-14,17420.349609375,17438.55078125,17367.05078125,17380.0,230400.0,0.001423151293159064,0.0014221395731308123,-0.0023162341904599494,0.003748066884284498
2021-09-15,17387.650390625,17532.69921875,17386.900390625,17519.44921875,388200.0,0.00802354538262362,0.007991527890878581,0.007580025199728121,0.00044018358026467206
2021-09-16,17539.19921875,17644.599609375,17510.44921875,17629.5,503300.0,0.006281634763507293,0.006261987530756848,0.0051485122053614284,0.0011273185448582926
2021-09-17,17709.650390625,17792.94921875,17537.650390625,17585.150390625,508300.0,-0.002515647600612625,-0.002518817158814708,-0.007030065374181913,0.00454637911597039
2021-09-20,17443.849609375,17622.75,17361.80078125,17396.900390625,339100.0,-0.010705054879733056,-0.01076276621795277,-0.002691448264078571,-0.008035233029643598
2021-09-21,17450.5,17578.349609375,17326.099609375,17562.0,363600.0,0.00949017386246398,0.009445425055689747,0.006389501733474685,0.0030809861625628577
2021-09-22,17580.900390625,17610.44921875,17524.0,17546.650390625,295200.0,-0.0008740239935656202,-0.0008744061752431491,-0.0019481368552809607,0.0010762094650381506
2021-09-23,17670.849609375,17843.900390625,17646.55078125,17822.94921875,320500.0,0.015746528367181822,0.01562383807742847,0.008607373880557835,0.00707822951874384
2021-09-24,17897.44921875,17947.650390625,17819.400390625,17853.19921875,360100.0,0.0016972499684944076,0.0016958112674268218,-0.0024724193631817733,0.004180004054639
2021-09-27,17932.19921875,17943.5,17802.900390625,17855.099609375,295700.0,0.00010644538279747096,0.00010643971788971012,-0.004299506626849441,0.004424977228564821
2021-09-28,17906.44921875,17912.849609375,17576.099609375,17748.599609375,398000.0,-0.0059646824901542495,-0.005982542262753364,-0.008815237875843877,0.0028759071916931995
2021-09-29,17657.94921875,17781.75,17608.150390625,17711.30078125,562200.0,-0.0021015082285871234,-0.002103719495544819,0.003021390640502518,-0.005107467215448226
2021-09-30,17718.900390625,17742.150390625,17585.349609375,17618.150390625,378600.0,-0.005259376020738893,-0.005273255224157625,-0.005686018758438669,0.0004290825088942816
2021-10-01,17531.900390625,17557.150390625,17452.900390625,17532.05078125,305800.0,-0.004886983449795879,-0.004898963801205104,8.578113133726212e-06,-0.004895519568608944
2021-10-04,17615.55078125,17750.900390625,17581.349609375,17691.25,295800.0,0.009080467581137563,0.009039488024266832,0.004297295025857169,0.004762705803322264
2021-10-05,17661.349609375,17833.44921875,17640.900390625,17822.30078125,427000.0,0.007407660919946268,0.007380358946066971,0.009113186445817474,-0.001690123118773405
2021-10-06,17861.5,17884.599609375,17613.150390625,17646.0,395800.0,-0.009892144870289554,-0.009941397212065623,-0.012065056126305181,0.0021994477161579296
2021-10-07,17810.55078125,17857.55078125,17763.80078125,17790.349609375,419900.0,0.008180302016037588,0.00814702470131476,-0.0011342249952352242,0.009325103777059958
2021-10-08,17886.849609375,17941.849609375,17840.349609375,17895.19921875,324100.0,0.005893622760496431,0.005876323303578524,0.0004668015641291989,0.005424289129717119
2021-10-11,17867.55078125,18041.94921875,17839.099609375,17945.94921875,375800.0,0.0028359561343596074,0.0028319423974920437,0.004387755124349243,-0.0015450198213513532
2021-10-12,17915.80078125,18008.650390625,17864.94921875,17991.94921875,355600.0,0.0025632525445875576,0.002559973015762186,0.004250350761864582,-0.001679957807330737
2021-10-13,18097.849609375,18197.80078125,18050.75,18161.75,506700.0,0.00943759784921161,0.00939334195098345,0.0035308278057465175,0.005885987634660381
2021-10-14,18272.849609375,18350.75,18248.69921875,18338.55078125,538700.0,0.009734787740718787,0.009687709975996201,0.003595562448086455,0.00611723040868859
2021-10-18,18500.099609375,18543.150390625,18445.30078125,18477.05078125,469900.0,0.007552396132719963,0.007524019573498294,-0.001245875893193565,0.008809247254705284
2021-10-19,18602.349609375,18604.44921875,18377.69921875,18418.75,368200.0,-0.003155307734996393,-0.0031602962146704853,-0.009869699969646392,0.006781321846674242
2021-10-20,18439.900390625,18458.30078125,18209.349609375,18266.599609375,371300.0,-0.008260625212080042,-0.008294933244362599,-0.009398140856449938,0.0011483076009501188
2021-10-21,18382.69921875,18384.19921875,18048.0,18178.099609375,365900.0,-0.004844908296702255,-0.004856682911584848,-0.011130009088453796,0.0063558413638964304
2021-10-22,18230.69921875,18314.25,18034.349609375,18114.900390625,324700.0,-0.003476668084567369,-0.0034827257394313984,-0.006351858847295481,0.0028935703129205417
2021-10-25,18229.5,18241.400390625,17968.5,18125.400390625,418700.0,0.000579633328010587,0.0005794654054989729,-0.005710502722235936,0.006326262187691008
2021-10-26,18154.5,18310.44921875,18099.30078125,18268.400390625,341400.0,0.007889480889700096,0.00785852166355233,0.006273948091382302,0.0016054602242084092
2021-10-27,18295.849609375,18342.05078125,18167.900390625,18210.94921875,335200.0,-0.0031448386638428527,-0.0031497940609639214,-0.004640418042215218,0.0015025518470728517
2021-10-28,18187.650390625,18190.69921875,17799.44921875,17857.25,374200.0,-0.0194223384240636,-0.019613430387588483,-0.01816619428726803,-0.0012793857061010041
2021-10-29,17833.05078125,17915.849609375,17613.099609375,17671.650390625,336500.0,-0.010393515763905459,-0.010447905544470225,-0.009050632592528664,-0.0013551481191112853
2021-11-01,17783.150390625,17954.099609375,17697.099609375,17929.650390625,281200.0,0.014599655057507821,0.014494106171593095,0.008238135357457951,0.006309540848496637
2021-11-02,17970.900390625,18012.25,17847.599609375,17888.94921875,296400.0,-0.002270048271341696,-0.002272628736845954,-0.0045602151307761974,0.002300658356482437
2021-11-03,17947.94921875,17988.75,17757.94921875,17829.19921875,331000.0,-0.0033400508475575075,-0.003345641269055336,-0.006616354802026258,0.003298125523111226
2021-11-04,17935.05078125,17947.55078125,17900.599609375,17916.80078125,48500.0,0.004913376165984751,0.0049013449265533065,-0.0010175605423475723,0.005936977942827722
2021-11-08,18040.19921875,18087.80078125,17836.099609375,18068.55078125,338900.0,0.008469704042186388,0.008434037348294714,0.001571577018425214,0.006887303096495717
2021-11-09,18084.349609375,18112.599609375,17983.05078125,18044.25,270200.0,-0.001344921435271762,-0.0013458266538282125,-0.002217365304318835,0.0008743826948974057
2021-11-10,17973.44921875,18061.25,17915.0,18017.19921875,261400.0,-0.0014991358050348014,-0.0015002606334366785,0.00243414602659348,-0.003923730897654377
2021-11-11,17967.44921875,17971.349609375,17798.19921875,17873.599609375,232100.0,-0.007970140510272006,-0.00800207185820445,-0.005223312905042909,-0.0027612504804979095
2021-11-12,17977.599609375,18123.0,17905.900390625,18102.75,249100.0,0.012820606684330382,0.012739118453093435,0.006961462783926742,0.005818637670805285
2021-11-15,18140.94921875,18210.150390625,18071.30078125,18109.44921875,280400.0,0.0003700663573213969,0.00036999789965571825,-0.0017364030746220512,0.0021101334741959092
2021-11-16,18127.05078125,18132.650390625,17958.80078125,17999.19921875,267400.0,-0.006087981951756416,-0.006106589273008452,-0.007053081278519133,0.0009719546015665596
2021-11-17,17939.349609375,18022.650390625,17879.25,17898.650390625,295700.0,-0.005586294529162039,-0.005601956226916921,-0.0022687120568033762,-0.003325126226318662
2021-11-18,17890.55078125,17945.599609375,17688.5,17764.80078125,278400.0,-0.007478195643460861,-0.007506297537132803,-0.007028850119683902,-0.00045252626305514263
2021-11-22,17796.25,17805.25,17280.44921875,17416.55078125,356400.0,-0.019603372100156835,-0.01979806684873854,-0.021335911708927444,0.001770310803777396
2021-11-23,17281.75,17553.69921875,17216.099609375,17503.349609375,308800.0,0.004983697932798847,0.004971320417088634,0.012822752867909789,-0.007739809273551536
2021-11-24,17550.05078125,17600.599609375,17354.0,17415.05078125,298100.0,-0.0050446817378146935,-0.005057449101021469,-0.007692285434537338,0.002668127696540227
2021-11-25,17417.30078125,17564.349609375,17351.69921875,17536.25,255900.0,0.006959452503032093,0.006935347288237329,0.006829371568185279,0.000129198589671784
2021-11-26,17338.75,17355.400390625,16985.69921875,17026.44921875,356300.0,-0.029071254187753914,-0.029502195657113865,-0.018011724100641627,-0.011262385059519566
2021-11-29,17055.80078125,17160.69921875,16782.400390625,17053.94921875,348900.0,0.0016151341742889347,0.0016138312478338214,-0.00010855910688376962,0.0017238804240920205
2021-11-30,17051.150390625,17324.650390625,16931.400390625,16983.19921875,498000.0,-0.004148599194972014,-0.0041572285072535705,-0.003985137091533757,-0.0001641161287101068
2021-12-01,17104.400390625,17213.05078125,17064.25,17166.900390625,295500.0,0.01081664117042136,0.010758559762450211,0.003654030458399263,0.007136533600877154
2021-12-02,17183.19921875,17420.349609375,17149.30078125,17401.650390625,279900.0,0.013674571102433752,0.013581917861660867,0.012713067519849854,0.0009494333720198515
2021-12-03,17424.900390625,17489.80078125,17180.80078125,17196.69921875,292500.0,-0.01177768586739425,-0.011847592241934006,-0.013096268372229979,0.0013360801692996747
2021-12-06,17209.05078125,17216.75,16891.69921875,16912.25,231700.0,-0.01654091957599968,-0.016679248094838027,-0.01724678397563782,0.000718251935611735
2021-12-07,17044.099609375,17251.650390625,16987.75,17176.69921875,254100.0,0.015636548581649423,0.015515557382479443,0.0077797954960357315,0.007796101014057858
2021-12-08,17315.25,17484.599609375,17308.94921875,17469.75,257800.0,0.017060948527881648,0.016917044993306308,0.00892277039026292,0.00806620524033853
2021-12-09,17524.400390625,17543.25,17379.599609375,17516.849609375,237200.0,0.002696066593683266,0.002692438725331353,-0.0004308724453727632,0.0031282869316962177
2021-12-10,17476.05078125,17534.349609375,17405.25,17511.30078125,204500.0,-0.00031677089480919296,-0.00031682107730694167,0.0020170460958959685,-0.0023291190502180547
2021-12-13,17619.099609375,17639.5,17355.94921875,17368.25,256600.0,-0.008169055116863166,-0.0082026046847206,-0.014237368250164422,0.006155957771019741
2021-12-14,17283.19921875,17376.19921875,17225.80078125,17324.900390625,271000.0,-0.002495911181322197,-0.0024990311601760175,0.0024128155526761336,-0.004896911390036417
2021-12-15,17323.650390625,17351.19921875,17192.19921875,17221.400390625,215000.0,-0.005974060321640162,-0.005991976410169169,-0.0059023356910581845,-7.215048697632979e-05
2021-12-16,17373.0,17379.349609375,17184.94921875,17248.400390625,219500.0,0.0015678167505297491,0.0015665890089298405,-0.007172026096529097,0.008802978035254783
2021-12-17,17276.0,17298.150390625,16966.44921875,16985.19921875,354600.0,-0.01525945397337003,-0.015377077556357827,-0.016832645360615885,0.001600125736297331
2021-12-20,16824.25,16840.099609375,16410.19921875,16614.19921875,330600.0,-0.021842546279377872,-0.022084626281366433,-0.012485001188760272,-0.00947585110290186
2021-12-21,16773.150390625,16936.400390625,16688.25,16770.849609375,241000.0,0.00942870544420904,0.009384532645495392,-0.00013717048952747562,0.00956718826963476
2021-12-22,16865.55078125,16971.0,16819.5,16955.44921875,207900.0,0.011007170994593363,0.010947032985081793,0.0053302995357817256,0.005646772470135414
2021-12-23,17066.80078125,17118.650390625,17015.55078125,17072.599609375,197000.0,0.006909306212627531,0.006885546336514033,0.00033977241542367643,0.006567302409001531
2021-12-24,17149.5,17155.599609375,16909.599609375,17003.75,182600.0,-0.004032754879180422,-0.0040409083631890875,-0.00849879005218811,0.004504316412526422
2021-12-27,16937.75,17112.05078125,16833.19921875,17086.25,144800.0,0.004851870910828504,0.004840138519222991,0.008767398267184248,-0.003881496728662795
2021-12-28,17177.599609375,17250.25,17161.150390625,17233.25,176000.0,0.008603409174043453,0.008566610759914585,0.0032397070539837095,0.005346381410490892
2021-12-29,17220.099609375,17285.94921875,17176.650390625,17213.599609375,161700.0,-0.0011402602889762914,-0.00114091088034896,-0.00037746587693727725,-0.0007630824496249981
2021-12-30,17201.44921875,17264.05078125,17146.349609375,17203.94921875,320800.0,-0.0005606259494814747,-0.0005607831589689821,0.00014533659159804622,-0.0007058599537997016
2021-12-31,17244.5,17400.80078125,17238.5,17354.05078125,167000.0,0.008724831757606522,0.008686990360265219,0.00635279545652237,0.0023570623659947263
2022-01-03,17387.150390625,17646.650390625,17383.30078125,17625.69921875,200500.0,0.015653315812207858,0.015532066331647875,0.013719834634525474,0.0019073131565779512
2022-01-04,17681.400390625,17827.599609375,17593.55078125,17805.25,247400.0,0.01018687423526421,0.01013533773365083,0.0070045135927506805,0.00316022480491133
2022-01-05,17820.099609375,17944.69921875,17748.849609375,17925.25,251500.0,0.0067395852346920915,0.006716975758933995,0.005900662338031,0.0008340017340391177
2022-01-06,17768.5,17797.94921875,17655.55078125,17745.900390625,236500.0,-0.010005417462796928,-0.01005580805311726,-0.001271891795874722,-0.008744647912860351
2022-01-07,17797.599609375,17905.0,17704.55078125,17812.69921875,239300.0,0.003764183651131514,0.0037571168401497185,0.0008484070721001153,0.0029133049105421684
2022-01-10,17913.30078125,18017.44921875,17879.150390625,18003.30078125,232400.0,0.010700318921871732,0.010643475643964555,0.005024199677046887,0.00564774385198762
2022-01-11,17997.75,18081.25,17964.400390625,18055.75,220200.0,0.002913311252602302,0.0029090757855369247,0.0032226250503535163,-0.00030832019735964214
2022-01-12,18170.400390625,18227.94921875,18128.80078125,18212.349609375,245000.0,0.008673115731830494,0.008635720331115329,0.0023086568181317378,0.006349799406006397
2022-01-13,18257.0,18272.25,18163.80078125,18257.80078125,303700.0,0.0024956237305924223,0.002492514833041471,4.386160102974202e-05,0.0024516545960668215
2022-01-14,18185.0,18286.94921875,18119.650390625,18255.75,229500.0,-0.00011232356375068253,-0.00011232987251458901,0.00389056915039868,-0.003987379538326619
2022-01-17,18235.650390625,18321.55078125,18228.75,18308.099609375,266700.0,0.0028675682661627455,0.0028634646353713476,0.003972944051792436,-0.0011010015679991235
2022-01-18,18337.19921875,18350.94921875,18085.900390625,18113.05078125,227500.0,-0.010653690567923424,-0.010710847446216868,-0.012223700840355468,0.001589439100500579
2022-01-19,18129.19921875,18129.19921875,17884.900390625,17938.400390625,276700.0,-0.00964224043394124,-0.009689027834056424,-0.010524393594156526,0.0008915360363653538
2022-01-20,17921.0,17943.69921875,17648.44921875,17757.0,258100.0,-0.010112406160797005,-0.010163883876396832,-0.009151275040455332,-0.0009700079296977798
2022-01-21,17613.69921875,17707.599609375,17485.849609375,17617.150390625,277600.0,-0.007875745304668613,-0.00790692279190989,0.00019593680079004556,-0.008070100875710987
2022-01-24,17575.150390625,17599.400390625,16997.849609375,17149.099609375,323800.0,-0.02656790518738339,-0.02692721026213864,-0.024241657782755905,-0.002384040498533201
2022-01-25,17001.55078125,17309.150390625,16836.80078125,17277.94921875,326500.0,0.007513491221694313,0.0074854055398087425,0.016257248591982763,-0.008603881923010034
2022-01-27,17062.0,17182.5,16866.75,17110.150390625,395600.0,-0.00971173291462768,-0.009759199363728934,0.002822083614171844,-0.012498544590908526
2022-01-28,17208.30078125,17373.5,17077.099609375,17101.94921875,355300.0,-0.0004793161771092791,-0.0004794310858279706,-0.006180247768325833,0.005736383864795169
2022-01-31,17301.05078125,17410.0,17264.150390625,17339.849609375,321700.0,0.0139107178709299,0.01381485185545943,0.002242570616985195,0.011642039159004856
2022-02-01,17529.44921875,17622.400390625,17244.55078125,17576.849609375,386400.0,0.013667938611870323,0.013575374822651254,0.002704043352046634,0.010934328361907514
2022-02-02,17706.19921875,17794.599609375,17674.80078125,17780.0,271200.0,0.011557838585399605,0.01149155699474709,0.0041680758438461816,0.007359089498382493
2022-02-03,17767.75,17781.150390625,17511.150390625,17560.19921875,226600.0,-0.012362248664229525,-0.01243929691182117,-0.011681320440123258,-0.0006889763779527559
2022-02-04,17590.19921875,17617.80078125,17462.55078125,17516.30078125,261400.0,-0.0024998826581151823,-0.002503012582150695,-0.004201114301265509,0.0017084088640615953
2022-02-07,17456.30078125,17536.75,17119.400390625,17213.599609375,265000.0,-0.017281112927623465,-0.017432174227495423,-0.013903356439394533,-0.0034253807781278733
2022-02-08,17279.849609375,17306.44921875,17043.650390625,17266.75,268500.0,0.0030876976246183574,0.003082940476216172,-0.0007580858439817061,0.0038487011144327085
2022-02-09,17370.099609375,17477.150390625,17339.0,17463.80078125,236400.0,0.01141215233034587,0.0113475249468573,0.0053943946196156264,0.005985469725049589
2022-02-10,17554.099609375,17639.44921875,17427.150390625,17605.849609375,273600.0,0.008133901085124018,0.00810099920504003,0.002948029300936758,0.0051706286195127285
2022-02-11,17451.0,17454.75,17303.0,17374.75,253100.0,-0.01312629691281364,-0.013213208134273142,-0.004369377113059424,-0.00879535000074882
2022-02-14,17076.150390625,17099.5,16809.650390625,16842.80078125,305500.0,-0.03061622289529342,-0.031094690696753635,-0.013665235081503592,-0.017185836306997222
2022-02-15,16933.25,17375.0,16839.25,17352.44921875,298700.0,0.03025912638397754,0.02981034961442144,0.02475598120561617,0.005370200593400788
2022-02-16,17408.44921875,17490.599609375,17257.69921875,17322.19921875,244500.0,-0.0017432697608654735,-0.001744791023833279,-0.004954490714032316,0.0032272101358170125
2022-02-17,17396.55078125,17442.900390625,17235.849609375,17304.599609375,232100.0,-0.001016014719190439,-0.001016531212017758,-0.005285597876913909,0.004292270372893526
2022-02-18,17236.05078125,17380.80078125,17219.19921875,17276.30078125,189600.0,-0.0016353356196504576,-0.0016366742405402451,0.0023352217112162033,-0.003961306801219645
2022-02-21,17192.25,17351.05078125,17070.69921875,17206.650390625,215200.0,-0.004031556958107085,-0.004039705592356217,0.0008376094243045558,-0.004865091336058496
2022-02-22,16847.94921875,17148.55078125,16843.80078125,17092.19921875,300100.0,-0.006651566067580439,-0.00667378632095619,0.014497313401691369,-0.020846658921508478
2022-02-23,17194.5,17220.69921875,17027.849609375,17063.25,200200.0,-0.0016937094155936583,-0.0016951453630000418,-0.007633254819855186,0.005985232206852404
2022-02-24,16548.900390625,16705.25,16203.25,16247.9501953125,458000.0,-0.04778103847083648,-0.04896026903082192,-0.018185510106942766,-0.030143707053169825
2022-02-25,16515.650390625,16748.80078125,16478.30078125,16658.400390625,329800.0,0.025261660109649586,0.024947858168202962,0.008643316891778666,0.0164759364778045
2022-02-28,16481.599609375,16815.900390625,16356.2998046875,16793.900390625,404200.0,0.008134034290366632,0.008101131335537446,0.018948450918098887,-0.010613310828421424
2022-03-02,16593.099609375,16678.5,16478.650390625,16605.94921875,517700.0,-0.011191633122935585,-0.011254730666993663,0.000774394759116618,-0.011956768623094532
2022-03-03,16723.19921875,16768.94921875,16442.94921875,16498.05078125,442100.0,-0.00649757722841704,-0.006518778370608893,-0.013463239572459573,0.007060722543196233
2022-03-04,16339.4501953125,16456.0,16133.7998046875,16245.349609375,456100.0,-0.015317032007332254,-0.015435549523985674,-0.005759103569133299,-0.009613292384682755
2022-03-07,15867.9501953125,15944.599609375,15711.4501953125,15863.150390625,585400.0,-0.02352668473994779,-0.023807855961420165,-0.0003024842294323494,-0.023231227590491944
2022-03-08,15747.75,16028.75,15671.4501953125,16013.4501953125,543600.0,0.009474776509483585,0.009430172336242727,0.016872263994062643,-0.00727474604875465
2022-03-09,16078.0,16418.05078125,15990.0,16345.349609375,462200.0,0.020726290088294297,0.020514423015661167,0.01662828768348053,0.004030974206070544
2022-03-10,16757.099609375,16757.30078125,16447.900390625,16594.900390625,486400.0,0.01526738719047449,0.015152013456311012,-0.0096794327497615,0.02519065115400393
2022-03-11,16528.80078125,16694.400390625,16470.900390625,16630.44921875,343700.0,0.0021421537513466316,0.0021398626113986923,0.006149776916381515,-0.003983127817527716
2022-03-14,16633.69921875,16887.94921875,16606.5,16871.30078125,314700.0,0.014482565042708062,0.014378694372337426,0.014284348861627152,0.00019542466696183933
2022-03-15,16900.650390625,16927.75,16555.0,16663.0,381600.0,-0.012346456503312231,-0.012423307208470636,-0.014061612135165378,0.0017396174578084595
2022-03-16,16876.650390625,16987.900390625,16837.849609375,16975.349609375,260000.0,0.018745100484606647,0.018571576221107083,0.005848270626310274,0.012821844243233512
2022-03-17,17202.900390625,17344.599609375,17175.75,17287.05078125,448300.0,0.018361988356508263,0.01819544269851146,0.004891639706921695,0.013404777308641126
2022-03-21,17329.5,17353.349609375,17096.400390625,17117.599609375,285500.0,-0.009802202470463706,-0.009850560325581039,-0.012227726744857035,0.002455550069653383
2022-03-22,17120.400390625,17334.400390625,17006.30078125,17315.5,338300.0,0.011561223252155806,0.011494902983443505,0.011395738704909907,0.00016361997674405602
2022-03-23,17405.05078125,17442.400390625,17199.599609375,17245.650390625,292100.0,-0.0040339354552280104,-0.004042093720190609,-0.00915828357115268,0.005171712122087147
2022-03-24,17094.94921875,17291.75,17091.150390625,17222.75,290300.0,-0.0013278937068936791,-0.0013287761390126268,0.007475938045479899,-0.008738503243514868
2022-03-25,17289.0,17294.900390625,17076.55078125,17153.0,237100.0,-0.004049875890900112,-0.004058098847076208,-0.007866273352999017,0.003846656312145273
2022-03-28,17181.849609375,17235.099609375,17003.900390625,17222.0,253200.0,0.004022619949862971,0.004014550846285441,0.002336790947296651,0.00168189875677724
2022-03-29,17297.19921875,17343.650390625,17235.69921875,17325.30078125,235100.0,0.005998187274997013,0.00598026976240216,0.0016246307939575659,0.004366462591452793
2022-03-30,17468.150390625,17522.5,17387.19921875,17498.25,505000.0,0.009982465582194733,0.009932969892759297,0.0017231137070559109,0.008245144553541977
2022-03-31,17519.19921875,17559.80078125,17435.19921875,17464.75,281100.0,-0.001914477162001882,-0.001916312115762529,-0.003107974175653273,0.0011972179360793221
2022-04-01,17436.900390625,17703.69921875,17422.69921875,17670.44921875,291800.0,0.011777965258592316,0.01170914487476482,0.01339394174956509,-0.0015946182667945434
2022-04-04,17809.099609375,18114.650390625,17791.400390625,18053.400390625,345500.0,0.021671841339984343,0.0214403456403388,0.013717750285443746,0.007846455339566521
2022-04-05,18080.599609375,18095.44921875,17921.55078125,17957.400390625,283500.0,-0.005317557796472028,-0.005331746328175393,-0.006813890103850305,0.0015065981012709583
2022-04-06,17842.75,17901.0,17779.849609375,17807.650390625,328800.0,-0.008339180323571727,-0.008374145812508964,-0.0019671636589090806,-0.006384576170883587
2022-04-07,17723.30078125,17787.5,17623.69921875,17639.55078125,308800.0,-0.00943974110495216,-0.009484577848941177,-0.004725417744340353,-0.004736706276500499
2022-04-08,17698.150390625,17842.75,17600.55078125,17784.349609375,274400.0,0.008208759390795572,0.008175250776633796,0.004870521317055885,0.003322057919824613
2022-04-11,17740.900390625,17779.05078125,17650.94921875,17674.94921875,251700.0,-0.006151497975913078,-0.006170496392137639,-0.0037174647522315854,-0.002443115419137723
2022-04-12,17584.849609375,17595.30078125,17442.349609375,17530.30078125,266000.0,-0.008183810641252287,-0.008217481851263662,-0.0031020355213000183,-0.005097588019060345
2022-04-13,17599.900390625,17663.650390625,17457.400390625,17475.650390625,245100.0,-0.0031174816283502382,-0.0031223510971550208,-0.007059699046148277,0.003970246160832683
2022-04-18,17183.44921875,17237.75,17067.849609375,17173.650390625,376100.0,-0.017281188010147552,-0.017432250630348714,-0.0005702480334569761,-0.01672047479456069
2022-04-19,17258.94921875,17275.650390625,16824.69921875,16958.650390625,401400.0,-0.012519178806467801,-0.012598203971631295,-0.017399600886406078,0.0049668431687397195
2022-04-20,17045.25,17186.900390625,16978.94921875,17136.55078125,286100.0,0.010490244596548015,0.010435603778864927,0.005356376776521318,0.005106515399531651
2022-04-21,17234.599609375,17414.69921875,17215.5,17392.599609375,285200.0,0.014941678252146096,0.014831150992767859,0.009167604909954143,0.005721619792489418
2022-04-22,17242.75,17315.30078125,17149.19921875,17171.94921875,262700.0,-0.012686452605167986,-0.012767612798961313,-0.004106118876049354,-0.008615710862120216
2022-04-25,17009.05078125,17054.30078125,16888.69921875,16953.94921875,275700.0,-0.012695122564301942,-0.012776394201003337,-0.0032395436528851714,-0.009486310227503566
2022-04-26,17121.30078125,17223.849609375,17064.44921875,17200.80078125,261100.0,0.014560121616207233,0.014455140840464372,0.0046433387869140525,0.009870948670467864
2022-04-27,17073.349609375,17110.69921875,16958.44921875,17038.400390625,265100.0,-0.009441443610115341,-0.00948629657994312,-0.0020470042229328764,-0.007409606883763815
2022-04-28,17189.5,17322.5,17071.05078125,17245.05078125,312900.0,0.012128508890934642,0.012055547873445796,0.003231669405741877,0.008868180457722967
2022-04-29,17329.25,17377.650390625,17053.25,17102.55078125,336200.0,-0.008263240381694681,-0.008297570200330234,-0.013081882871445677,0.004882514978822049
2022-05-02,16924.44921875,17092.25,16917.25,17069.099609375,278200.0,-0.0019559171203674675,-0.0019578324241160947,0.00854683001824053,-0.010413742650321944
2022-05-04,17096.599609375,17132.849609375,16623.94921875,16677.599609375,310600.0,-0.022936183451936376,-0.023203310190181764,-0.024507797431849512,0.0016110984544782873
2022-05-05,16854.75,16945.69921875,16651.849609375,16682.650390625,265800.0,0.00030284821366977077,0.00030280236440618743,-0.010210748268292321,0.01062205561796904
2022-05-06,16415.55078125,16484.19921875,16340.900390625,16411.25,300500.0,-0.0162684216398562,-0.016402205362178027,-0.0002619943313088461,-0.016010622000752324
2022-05-09,16227.7001953125,16403.69921875,16142.099609375,16301.849609375,288400.0,-0.006666182687180999,-0.0066885009232451696,0.004569311311526364,-0.011184389043339172
2022-05-10,16248.900390625,16404.55078125,16197.2998046875,16240.0498046875,283100.0,-0.003790968888092272,-0.003798172823006312,-0.0005446883004222522,-0.003248049762374788
2022-05-11,16270.0498046875,16318.75,15992.599609375,16167.099609375,284300.0,-0.0044919933245182175,-0.004502112641840228,-0.006327589438775991,0.0018472849751569637
2022-05-12,16021.099609375,16041.9501953125,15735.75,15808.0,314900.0,-0.022211752141785834,-0.022462147872579268,-0.01330118497299033,-0.009030685993629762
2022-05-13,15977.0,16083.599609375,15740.849609375,15782.150390625,369100.0,-0.0016352232651188903,-0.0016365617019766783,-0.012195631806659573,0.01069078947368421
2022-05-16,15845.099609375,15977.9501953125,15739.650390625,15842.2998046875,217600.0,0.0038112305721171857,0.003803986233609079,-0.00017669845924120616,0.0039886338168082245
2022-05-17,15912.599609375,16284.25,15900.7998046875,16259.2998046875,295700.0,0.026321935902047233,0.025981475212963467,0.02178777847890043,0.004437474707220181
2022-05-18,16318.150390625,16399.80078125,16211.2001953125,16240.2998046875,290400.0,-0.0011685620062508173,-0.0011692453072036017,-0.00477079718435652,0.0036195030932718013
2022-05-19,15917.400390625,15984.75,15775.2001953125,15809.400390625,313900.0,-0.026532725334179386,-0.026891070897403772,-0.0067850275390201045,-0.01988260179589174
2022-05-20,16043.7998046875,16283.0498046875,16003.849609375,16266.150390625,252400.0,0.028891038794289337,0.02848156086057151,0.013858972852088074,0.01482658470725425
2022-05-23,16290.9501953125,16414.69921875,16185.75,16214.7001953125,293800.0,-0.0031630222318707046,-0.0031680351601504043,-0.004680512743936808,0.0015246265460445623
2022-05-24,16225.5498046875,16262.7998046875,16078.599609375,16125.150390625,249800.0,-0.005522754266735541,-0.005538061057189644,-0.006187735717497535,0.000669121799620847
2022-05-25,16196.349609375,16223.349609375,16006.9501953125,16025.7998046875,243300.0,-0.006161219184365629,-0.006180277818558741,-0.010530138506566934,0.0044154142457731435
2022-05-26,16105.0,16204.4501953125,15903.7001953125,16170.150390625,314300.0,0.009007387318995308,0.008967062770830264,0.004045351792921453,0.004942043222662383
2022-05-27,16296.599609375,16370.599609375,16221.9501953125,16352.4501953125,274100.0,0.011273847198922216,0.011210771015034579,0.00342713125904932,0.007819916061096853
2022-05-30,16527.900390625,16695.5,16506.150390625,16661.400390625,251400.0,0.018893205092962884,0.018716945110386057,0.00807725100253655,0.010729290914629635
2022-05-31,16578.44921875,16690.75,16521.900390625,16584.55078125,651600.0,-0.004612433983534836,-0.004623104079880039,0.00036804181256587114,-0.004978643447142341
2022-06-01,16594.400390625,16649.19921875,16438.849609375,16522.75,249600.0,-0.0037264067061659745,-0.003733367056413342,-0.004317745078965243,0.0005939026932303572
2022-06-02,16481.650390625,16646.400390625,16443.05078125,16628.0,236000.0,0.006370004993115463,0.006349802260260305,0.008879548219166556,-0.0024874557428394184
2022-06-03,16761.650390625,16793.849609375,16567.900390625,16584.30078125,245500.0,-0.002628050201467391,-0.0026315095876877827,-0.010580677036086724,0.008037670833834496
2022-06-06,16530.69921875,16610.94921875,16444.55078125,16569.55078125,233600.0,-0.0008893953501298846,-0.0008897910968418909,0.0023502673411377835,-0.003232066470996549
2022-06-07,16469.599609375,16487.25,16347.099609375,16416.349609375,233800.0,-0.009245946006475991,-0.009288955076891798,-0.0032332297847537514,-0.006032219774364922
2022-06-08,16474.94921875,16514.30078125,16293.349609375,16356.25,243500.0,-0.0036609606157923524,-0.003667678332650513,-0.007204830629457081,0.0035695882927307488
2022-06-09,16263.849609375,16492.80078125,16243.849609375,16478.099609375,205000.0,0.00744972774168895,0.007422115570615706,0.01317338792142418,-0.005649240542606037
2022-06-10,16283.9501953125,16324.7001953125,16172.599609375,16201.7998046875,189700.0,-0.016767698414100085,-0.01690986774485526,-0.0050448686982994964,-0.011782269719503408
2022-06-13,15877.5498046875,15886.150390625,15684.0,15774.400390625,225500.0,-0.026379749115209128,-0.026733937520215956,-0.0064965574242473725,-0.0200132086502012
2022-06-14,15674.25,15858.0,15659.4501953125,15732.099609375,225400.0,-0.00268160945598539,-0.0026852114114221596,0.0036907417819034404,-0.006348919017202145
2022-06-15,15729.25,15783.650390625,15678.900390625,15692.150390625,183000.0,-0.0025393443813560568,-0.0025425739848417965,-0.002358638166155411,-0.00018113344345352823
2022-06-16,15832.25,15863.150390625,15335.099609375,15360.599609375,264700.0,-0.021128447854290244,-0.021354848179315097,-0.02979048401995926,0.008928005779163323
2022-06-17,15272.650390625,15400.400390625,15183.400390625,15293.5,342600.0,-0.00436829362663993,-0.004377862497838008,0.001365159866934319,-0.005725637083615027
2022-06-20,15334.5,15382.5,15191.099609375,15350.150390625,260000.0,0.0037042135956451006,0.0036973698916184226,0.0010205999951090677,0.0026808774969758393
2022-06-21,15455.9501953125,15707.25,15419.849609375,15638.7998046875,262800.0,0.018804337854487096,0.018629721921802747,0.011830369991128391,0.006892427891267861
2022-06-22,15545.650390625,15565.400390625,15385.9501953125,15413.2998046875,220900.0,-0.014419265085317434,-0.01452423294963793,-0.008513673124754928,-0.0059563019685551465
2022-06-23,15451.5498046875,15628.4501953125,15367.5,15556.650390625,259200.0,0.009300447519609234,0.009257464658604653,0.006801944611770651,0.002481623045336949
2022-06-24,15657.400390625,15749.25,15619.4501953125,15699.25,219600.0,0.009166472588529428,0.009124715461734611,0.0026728325476084655,0.0064763298955870085
2022-06-27,15926.2001953125,15927.4501953125,15815.5,15832.0498046875,210900.0,0.008458990377725017,0.008423413606869335,-0.005911666905500217,0.01445611703186458
2022-06-28,15757.4501953125,15892.099609375,15710.150390625,15850.2001953125,251900.0,0.0011464333961117568,0.0011457767431705531,0.005886104594992857,-0.004711936249272839
2022-06-29,15701.7001953125,15861.599609375,15687.7998046875,15799.099609375,444900.0,-0.0032239710103227903,-0.003229179201912245,0.006203112583411641,-0.00936896683765023
2022-06-30,15774.5,15890.0,15728.849609375,15780.25,306000.0,-0.001193081241402827,-0.0011937935294284723,0.00036451234587467113,-0.001557026032065959
2022-07-01,15703.7001953125,15793.9501953125,15511.0498046875,15752.0498046875,364100.0,-0.0017870563085186086,-0.0017886549985601772,0.0030788673225837686,-0.004850988082413143
2022-07-04,15710.5,15852.349609375,15661.7998046875,15835.349609375,304300.0,0.005288188249805481,0.005274254882250374,0.007946889619999363,-0.002637739545181961
2022-07-05,15909.150390625,16025.75,15785.4501953125,15810.849609375,254200.0,-0.0015471713984448465,-0.0015483695040555473,-0.006178883148148944,0.004660508487056562
2022-07-06,15818.2001953125,16011.349609375,15800.900390625,15989.7998046875,288400.0,0.011318189707300252,0.01125461822453212,0.010848238564198417,0.0004649077133174102
2022-07-07,16113.75,16150.5,16045.9501953125,16132.900390625,264600.0,0.00894949203151052,0.00890968266712923,0.0011884502753859282,0.0077518290927046695
2022-07-08,16273.650390625,16275.5,16157.900390625,16220.599609375,281100.0,0.005436047866567373,0.005421325887187373,-0.003259918947291736,0.008724407675745107
2022-07-11,16136.150390625,16248.5498046875,16115.5,16216.0,255900.0,-0.00028356592763323363,-0.00028360614005298526,0.004948491891931803,-0.0052062945133785924
2022-07-12,16126.2001953125,16158.75,16031.150390625,16058.2998046875,208600.0,-0.0097249750439381,-0.009772571447684876,-0.004210563542720809,-0.005537728458775284
2022-07-13,16128.2001953125,16140.0,15950.150390625,15966.650390625,233300.0,-0.005707292501522909,-0.0057236413300785416,-0.010016604626128887,0.0043529135384927685
2022-07-14,16018.849609375,16070.849609375,15858.2001953125,15938.650390625,228600.0,-0.0017536552323109689,-0.0017551946856914542,-0.005006552948912359,0.003269265467267284
2022-07-15,16010.7998046875,16066.9501953125,15927.2998046875,16049.2001953125,205800.0,0.0069359576863876615,0.006912014580365188,0.0023984055196141717,0.004526695315742528
2022-07-18,16151.400390625,16287.9501953125,16142.2001953125,16278.5,227700.0,0.014287304158276504,0.014186202470718856,0.007869262497434856,0.006367930742265254
2022-07-19,16187.0498046875,16359.5,16187.0498046875,16340.5498046875,222600.0,0.003811764271124396,0.003804517906147779,0.009482889214040039,-0.005617851479712504
2022-07-20,16562.80078125,16588.0,16490.94921875,16520.849609375,284400.0,0.01103388850696918,0.010973459265845803,-0.0025328549457946164,0.013601193302488782
2022-07-21,16523.55078125,16626.94921875,16483.900390625,16605.25,243600.0,0.005108719746296009,0.005095714512164849,0.0049444105465943616,0.00016350078469736692
2022-07-22,16661.25,16752.25,16610.900390625,16719.44921875,190900.0,0.006877295960614926,0.006853755230166662,0.003493088378723085,0.003372427394950392
2022-07-25,16662.55078125,16706.05078125,16564.25,16631.0,211400.0,-0.005290199311757782,-0.005304241963650273,-0.0018935144843191354,-0.0034031287009258257
2022-07-26,16632.900390625,16636.099609375,16463.30078125,16483.849609375,208200.0,-0.00884795806776506,-0.008887333683346772,-0.008961202060346087,0.0001142679709578498
2022-07-27,16475.349609375,16653.44921875,16438.75,16641.80078125,185200.0,0.0095821774414373,0.00953655956008488,0.010103043384298441,-0.0005156562454419459
2022-07-28,16774.849609375,16947.650390625,16746.25,16929.599609375,376300.0,0.017293731123692924,0.017145896529526243,0.009225119962536922,0.007994857640340436
2022-07-29,17079.5,17172.80078125,17018.150390625,17158.25,436100.0,0.013505953826479233,0.013415561413115864,0.004610790714013877,0.00885433761481226
2022-08-01,17243.19921875,17356.25,17154.80078125,17340.05078125,381500.0,0.010595531668439406,0.010539792401854702,0.005616797745669205,0.004950925575160637
2022-08-02,17310.150390625,17390.150390625,17215.849609375,17345.44921875,333600.0,0.000311327663805816,0.0003112792114048116,0.0020391982350492738,-0.001724354271057363
2022-08-03,17349.25,17407.5,17225.849609375,17388.150390625,285400.0,0.002461808358865669,0.002458783072766921,0.0022421943671916654,0.0002191226760441263
2022-08-04,17463.099609375,17490.69921875,17161.25,17382.0,325000.0,-0.0003537116074355806,-0.00035377417814128954,-0.004644055819933706,0.004310361773176843
2022-08-05,17423.650390625,17474.400390625,17348.75,17397.5,355300.0,0.0008917270739845495,0.0008913297215996853,-0.0015008560226317743,0.0023961794169255553
2022-08-08,17401.5,17548.80078125,17359.75,17525.099609375,257000.0,0.007334364671648164,0.007307599012140524,0.007102813514639542,0.00022991809167983906
2022-08-10,17566.099609375,17566.099609375,17442.80078125,17534.75,312700.0,0.0005506610997998429,0.0005505095416120064,-0.0017846653538426231,0.002339501681238215
2022-08-11,17711.650390625,17719.30078125,17631.94921875,17659.0,311200.0,0.007085929368824795,0.007060942140366637,-0.002972641705533467,0.01008856075079485
2022-08-12,17659.650390625,17724.650390625,17597.849609375,17698.150390625,303900.0,0.0022170219505635025,0.0022145679837284517,0.002180111109132633,3.68305467467014e-05
2022-08-16,17797.19921875,17839.099609375,17764.05078125,17825.25,0.0,0.007181519343531395,0.007155855032733008,0.0015761345875393402,0.005596563818186774
2022-08-17,17868.150390625,17965.94921875,17833.349609375,17944.25,262800.0,0.006675923198833145,0.006653737907021656,0.004258952813321276,0.002406720277415464
2022-08-18,17898.650390625,17968.44921875,17852.05078125,17956.5,263900.0,0.0006826699360520383,0.0006824370229270742,0.0032320654413866092,-0.002541182238042827
2022-08-19,17966.55078125,17992.19921875,17710.75,17758.44921875,295600.0,-0.011029475746944017,-0.011090751389954998,-0.011582721972276172,0.00055972941553198
2022-08-22,17682.900390625,17690.05078125,17467.349609375,17490.69921875,287600.0,-0.0150773300473388,-0.015192148554208883,-0.010869323902141072,-0.004254246933073011
2022-08-23,17357.349609375,17625.55078125,17345.19921875,17577.5,285600.0,0.00496268217550444,0.004950408657946044,0.012683410519431667,-0.0076240296461132576
2022-08-24,17525.44921875,17623.650390625,17499.25,17604.94921875,262000.0,0.001561611079505143,0.001560393032835227,0.004536260326779248,-0.002961216398805291
2022-08-25,17679.0,17726.5,17487.44921875,17522.44921875,230200.0,-0.004686182219266755,-0.004697196795508722,-0.008855183056168335,0.004206247932321943
2022-08-26,17619.30078125,17685.849609375,17519.349609375,17558.900390625,266600.0,0.002080255529346653,0.002078094793881999,-0.0034280810217665685,0.005527284530313458
2022-08-29,17188.650390625,17380.150390625,17166.19921875,17312.900390625,244900.0,-0.014009988924553851,-0.014109055185943692,0.00722860708527577,-0.0210861723549433
2022-08-30,17414.94921875,17777.650390625,17401.5,17759.30078125,324700.0,0.02578426378902554,0.025457455427431688,0.019773331416278263,0.005894380827158216
2022-09-01,17485.69921875,17695.599609375,17468.44921875,17542.80078125,308500.0,-0.012190795272107646,-0.012265712506503565,0.0032656150483687672,-0.01540609992871253
2022-09-02,17598.400390625,17643.849609375,17476.44921875,17539.44921875,256300.0,-0.0001910505934481499,-0.00019106884593758132,-0.003349802855173383,0.0031693690231280325
2022-09-05,17546.44921875,17683.150390625,17540.349609375,17665.80078125,230300.0,0.007203850071011875,0.00717802628935595,0.006802035044928739,0.0003991003316407946
2022-09-06,17695.69921875,17764.650390625,17587.650390625,17655.599609375,251200.0,-0.0005774531254664206,-0.000577619915734608,-0.0022660652670063062,0.0016924473376680091
2022-09-07,17519.400390625,17650.75,17484.30078125,17624.400390625,354100.0,-0.0017671004916441913,-0.0017686636555011566,0.00599335580321503,-0.007714222216371466
2022-09-08,17748.150390625,17807.650390625,17691.94921875,17798.75,279800.0,0.009892512965589573,0.009843902383512463,0.002850979299889634,0.007021515470439874
2022-09-09,17923.349609375,17925.94921875,17786.0,17833.349609375,270300.0,0.0019439347917691308,0.0019420477956010656,-0.0050213828308590565,0.007000469660790786
2022-09-12,17890.849609375,17980.55078125,17889.150390625,17936.349609375,228200.0,0.005775695663245095,0.005759080279283832,0.002543199512233198,0.003224296122685344
2022-09-13,18044.44921875,18088.30078125,18015.44921875,18070.05078125,259900.0,0.007454201929980142,0.007426556664034913,0.0014188054281755189,0.006026845580580026
2022-09-14,17771.150390625,18091.55078125,17771.150390625,18003.75,365900.0,-0.0036690976717561608,-0.003675845320864187,0.013088607336174798,-0.016541203687991158
2022-09-15,18046.349609375,18096.150390625,17861.5,17877.400390625,289600.0,-0.007017960667916379,-0.0070427023794097186,-0.009361960862280515,0.002366152016940915
2022-09-16,17796.80078125,17820.05078125,17497.25,17530.849609375,468500.0,-0.019384853148544656,-0.019575203370476822,-0.014943762934920054,-0.004508463625240885
2022-09-19,17540.650390625,17667.19921875,17429.69921875,17622.25,258300.0,0.0052136885924867205,0.005200144374609497,0.004652028719448896,0.0005590591139837752
2022-09-20,17770.400390625,17919.30078125,17744.400390625,17816.25,263100.0,0.011008809885230342,0.010948654031257964,0.002580111216806828,0.00840700765367646
2022-09-21,17766.349609375,17838.69921875,17663.599609375,17718.349609375,245500.0,-0.005495005437451739,-0.005510158516157929,-0.0027017367695314977,-0.002800835788956711
2022-09-22,17609.650390625,17722.75,17532.44921875,17629.80078125,284100.0,-0.004997577656902563,-0.005010107310831895,0.0011442811287001834,-0.006134838805330147
2022-09-23,17593.849609375,17642.150390625,17291.650390625,17327.349609375,390800.0,-0.017155677232420508,-0.01730454089090743,-0.01514733875285564,-0.002039227346983723
2022-09-26,17156.30078125,17196.400390625,16978.30078125,17016.30078125,492000.0,-0.017951321762256445,-0.018114401349380974,-0.008160267285183355,-0.00987160944870955
2022-09-27,17110.900390625,17176.44921875,16942.349609375,17007.400390625,359900.0,-0.0005230508522044985,-0.0005231876910193474,-0.00604877578836864,0.005559352211218425
2022-09-28,16870.55078125,17037.599609375,16820.400390625,16858.599609375,323900.0,-0.00874917846539458,-0.008787677246935572,-0.0007084043686518274,-0.008046474254256735
2022-09-29,16993.599609375,17026.05078125,16788.599609375,16818.099609375,340000.0,-0.0024023347691036756,-0.0024052250050792126,-0.010327417618053121,0.008007782563679075
2022-09-30,16798.05078125,17187.099609375,16747.69921875,17094.349609375,376100.0,0.01642575596626905,0.016292312526781774,0.017638881557360753,-0.001192098310193387
2022-10-03,17102.099609375,17114.650390625,16855.55078125,16887.349609375,278400.0,-0.012109264448790458,-0.012183178897324074,-0.012556937738935792,0.0004533661810537496
2022-10-04,17147.44921875,17287.30078125,17117.30078125,17274.30078125,226000.0,0.02291367093271912,0.022655095268550494,0.007397692851091419,0.015402038531292435
2022-10-06,17379.25,17428.80078125,17315.650390625,17331.80078125,265500.0,0.0033286441360573793,0.0033231164632058175,-0.002730222463570062,0.006075453940452094
2022-10-07,17287.19921875,17337.349609375,17216.94921875,17314.650390625,216300.0,-0.0009895331040011834,-0.0009900230150986376,0.001587947910337377,-0.002573394597764541
2022-10-10,17094.349609375,17280.150390625,17064.69921875,17241.0,234000.0,-0.00425364584114718,-0.004262718329192525,0.008578880973896369,-0.01272337449962499
2022-10-11,17256.05078125,17261.80078125,16950.30078125,16983.55078125,282600.0,-0.014932383199930399,-0.015044993668578569,-0.015791562244131304,0.0008729645177193899
2022-10-12,17025.55078125,17142.349609375,16960.05078125,17123.599609375,256000.0,0.008246145339619648,0.008212331644389038,0.005758922538528374,0.0024729810945287364
2022-10-13,17087.349609375,17112.349609375,16956.94921875,17014.349609375,266400.0,-0.006380083772817624,-0.0064005234917517235,-0.004272166349306064,-0.0021169614349166098
2022-10-14,17322.30078125,17348.55078125,17169.75,17185.69921875,227000.0,0.010070888003887335,0.010020514532698735,-0.007885878684652573,0.018099497127137744
2022-10-17,17144.80078125,17328.55078125,17098.55078125,17311.80078125,212200.0,0.007337586960815656,0.007310797834822186,0.009740562292367697,-0.0023797947921361763
2022-10-18,17438.75,17527.80078125,17434.05078125,17486.94921875,239500.0,0.010117285874136073,0.010066448739082915,0.002763914773134542,0.0073331030292062786
2022-10-19,17568.150390625,17607.599609375,17472.849609375,17512.25,210500.0,0.0014468379208691928,0.0014457922593648584,-0.0031819166720493505,0.0046435299181822876
2022-10-20,17423.099609375,17584.150390625,17421.0,17563.94921875,249600.0,0.0029521745492440132,0.0029478254394111857,0.008084073014150239,-0.005090744514554098
2022-10-21,17622.849609375,17670.150390625,17520.75,17576.30078125,277700.0,0.0007032337856462956,0.0007029866326317706,-0.002641390533131314,0.0033534821748472266
2022-10-24,17736.349609375,17777.55078125,17707.400390625,17730.75,45000.0,0.008787356376761757,0.008748972260095097,-0.0003157137459694741,0.009105944994736121
2022-10-25,17808.30078125,17811.5,17637.0,17656.349609375,251400.0,-0.004196122026705051,-0.004204950452158822,-0.00853260362914503,0.004373801517138305
2022-10-27,17771.400390625,17783.900390625,17654.5,17736.94921875,324600.0,0.004564907874966551,0.0045545202832827395,-0.0019385738387377807,0.006516113681217064
2022-10-28,17756.400390625,17838.900390625,17723.69921875,17786.80078125,250000.0,0.002810605244745412,0.0028066628790527496,0.0017120807120935815,0.001096646984501589
2022-10-31,17910.19921875,18022.80078125,17899.900390625,18012.19921875,227200.0,0.012672230395564199,0.012592609626880552,0.005695079030344747,0.006937640951715205
2022-11-01,18130.69921875,18175.80078125,18060.150390625,18145.400390625,349900.0,0.007395053222392978,0.007367843877008389,0.0008108441763678188,0.0065788746038654795
2022-11-02,18177.900390625,18178.75,18048.650390625,18082.849609375,270900.0,-0.003447197631545107,-0.0034531529072475455,-0.005228919688602823,0.001791087509801737
2022-11-03,17968.349609375,18106.30078125,17959.19921875,18052.69921875,213000.0,-0.0016673473084335422,-0.001668738878993079,0.004694343732659261,-0.006331966613306224
2022-11-04,18053.400390625,18135.099609375,18017.150390625,18117.150390625,267900.0,0.003570168155688336,0.0035638102334325083,0.0035311907242197385,3.884027903548876e-05
2022-11-07,18211.75,18255.5,18064.75,18202.80078125,314800.0,0.004727586225111935,0.0047164462855731094,-0.0004913980671819018,0.005221550151946193
2022-11-09,18288.25,18296.400390625,18117.5,18157.0,307200.0,-0.002516139235956394,-0.0025193100341803654,-0.007176739163123864,0.004694289619321546
2022-11-10,18044.349609375,18103.099609375,17969.400390625,18028.19921875,256500.0,-0.007093725904609771,-0.007119006002546902,-0.0008950386672074349,-0.006204240272346753
2022-11-11,18272.349609375,18362.30078125,18259.349609375,18349.69921875,378500.0,0.017833173247033374,0.01767602773148285,0.004233150690993468,0.013542694290346786
2022-11-14,18376.400390625,18399.44921875,18311.400390625,18329.150390625,301400.0,-0.0011198455015547504,-0.0011204729970374992,-0.002571232613330808,0.0014551285858525865
2022-11-15,18362.75,18427.94921875,18282.0,18403.400390625,250900.0,0.004050924260950772,0.00404274135870096,0.00221374198445222,0.0018331242124668004
2022-11-16,18398.25,18442.150390625,18344.150390625,18409.650390625,219300.0,0.0003396111515991951,0.000339553496785159,0.0006196453806747924,-0.0002798608146146565
2022-11-17,18358.69921875,18417.599609375,18312.94921875,18343.900390625,200500.0,-0.00357149639481924,-0.0035778894143715548,-0.000806093500888437,-0.0027676338656027148
2022-11-18,18382.94921875,18394.599609375,18209.80078125,18307.650390625,198800.0,-0.00197613371355454,-0.001978088841936149,-0.004096123381997796,0.0021287091236581643
2022-11-21,18246.400390625,18262.30078125,18133.349609375,18159.94921875,213800.0,-0.008067729540576885,-0.008100449774708418,-0.004737985028511082,-0.0033455958953293626
2022-11-22,18179.150390625,18261.849609375,18137.69921875,18244.19921875,177700.0,0.00463933015368867,0.004628601630860599,0.003578210572400882,0.0010573362096836121
2022-11-23,18325.19921875,18325.400390625,18246.0,18267.25,178800.0,0.0012634580983039712,0.0012626606067816233,-0.003162269509774685,0.004439767348996845
2022-11-24,18326.099609375,18529.69921875,18294.25,18484.099609375,204000.0,0.011870949889830174,0.011801042862214367,0.008621583608504051,0.003221591064610163
2022-11-25,18528.44921875,18534.900390625,18445.099609375,18512.75,205900.0,0.0015500019600884762,0.0015488019469054911,-0.0008473034394110577,0.002399338367150229
2022-11-28,18430.55078125,18614.25,18365.599609375,18562.75,206500.0,0.0027008413120686026,0.0026972005940332764,0.007172830607129255,-0.004440140916395457
2022-11-29,18552.44921875,18678.099609375,18552.150390625,18618.05078125,195300.0,0.00297912654375021,0.0029746977400658824,0.003536005501295209,-0.0005549167687977267
2022-11-30,18625.69921875,18816.05078125,18616.55078125,18758.349609375,345600.0,0.007535634625419174,0.007507383568474861,0.007121901254126576,0.00041080763984716615
2022-12-01,18871.94921875,18887.599609375,18778.19921875,18812.5,325000.0,0.002886735334004964,0.0028825767148602448,-0.003150136642532661,0.006055949043524888
2022-12-02,18752.400390625,18781.94921875,18639.19921875,18696.099609375,254400.0,-0.006187396179402005,-0.006206617442539312,-0.003002323973316333,-0.0031946636212624585
2022-12-05,18719.55078125,18728.599609375,18591.349609375,18701.05078125,288400.0,0.00026482378562620035,0.0002647887259970962,-0.0009882715785322206,0.0012543349877768414
2022-12-06,18600.650390625,18654.900390625,18577.900390625,18642.75,217800.0,-0.0031175136590962937,-0.0031223832280691255,0.002263340716097692,-0.005368703170715048
2022-12-07,18638.849609375,18668.30078125,18528.400390625,18560.5,200500.0,-0.004411902750398933,-0.004421663914122268,-0.004203564652165635,-0.00020921755776374194
2022-12-08,18570.849609375,18625.0,18536.94921875,18609.349609375,202800.0,0.002631912360927746,0.0026284549446723396,0.0020731415530156625,0.0005576147935131058
2022-12-09,18662.400390625,18664.69921875,18410.099609375,18496.599609375,215800.0,-0.006058782405979346,-0.006077211303593385,-0.008884215201667708,0.0028507595570816794
2022-12-12,18402.150390625,18521.55078125,18345.69921875,18497.150390625,193900.0,2.977743269738653e-05,2.977698935843848e-05,0.005162440148755543,-0.005106301738949273
2022-12-13,18524.400390625,18617.25,18490.19921875,18608.0,187600.0,0.0059927938646799905,0.005974908495510217,0.004512945499564394,0.0014731998942827025
2022-12-14,18671.25,18696.099609375,18632.900390625,18660.30078125,208000.0,0.002810661073194387,0.002806718551028224,-0.0005864213028051148,0.0033990756663800515
2022-12-15,18614.400390625,18652.900390625,18387.69921875,18414.900390625,183100.0,-0.013150934355333654,-0.01323817358829901,-0.01071750880036279,-0.0024597883583484907
2022-12-16,18319.099609375,18440.94921875,18255.150390625,18269.0,277700.0,-0.00792295301794177,-0.007954506384605002,-0.0027348292461579814,-0.0052023513143069754
2022-12-19,18288.099609375,18431.650390625,18244.55078125,18420.44921875,154800.0,0.008289956688926514,0.008255783729645224,0.007236925224704803,0.0010454655085116865
2022-12-20,18340.30078125,18404.900390625,18202.650390625,18385.30078125,169000.0,-0.0019081205394395617,-0.0019099433205291773,0.0024536129770568018,-0.00435105770484781
2022-12-21,18435.150390625,18473.349609375,18162.75,18199.099609375,187600.0,-0.01012771964355863,-0.01017935391694218,-0.012804385982662833,0.002711383945692009
2022-12-22,18288.80078125,18318.75,18068.599609375,18127.349609375,195700.0,-0.003942502735851727,-0.0039502948868902,-0.008827870881535468,0.0049288796589031115
2022-12-23,17977.650390625,18050.44921875,17779.5,17806.80078125,221500.0,-0.01768316025411787,-0.01784137526808462,-0.009503444869753101,-0.008258196701440535
2022-12-26,17830.400390625,18084.099609375,17774.25,18014.599609375,176700.0,0.011669632893506865,0.01160206785899442,0.010330627171269223,0.0013253143933552424
2022-12-27,18089.80078125,18149.25,17967.44921875,18132.30078125,214300.0,0.006533654614990558,0.006512402811413872,0.002349390162662878,0.004174457024060888
2022-12-28,18084.75,18173.099609375,18068.349609375,18122.5,193900.0,-0.0005405150382313817,-0.0005406611691443354,0.0020873940751185392,-0.0026224350579475636
2022-12-29,18045.69921875,18229.69921875,17992.80078125,18191.0,281100.0,0.00377983170092433,0.0037727060871833766,0.008051823289785763,-0.004237869016416058
2022-12-30,18259.099609375,18265.25,18080.30078125,18105.30078125,192000.0,-0.00471107793689185,-0.004722210041123311,-0.008423133200173415,0.00374358800368314
2023-01-02,18131.69921875,18215.150390625,18086.5,18197.44921875,256100.0,0.005089583355357918,0.005076675205536103,0.003626245902645897,0.0014580502041335011
2023-01-03,18163.19921875,18251.94921875,18149.80078125,18232.55078125,208700.0,0.00192892762485819,0.001927069632871597,0.0038182459854543623,-0.0018821319179563928
2023-01-04,18230.650390625,18243.0,18020.599609375,18042.94921875,235200.0,-0.010399069487028845,-0.010453517612292944,-0.010295911986306543,-0.00010423065032427194
2023-01-05,18101.94921875,18120.30078125,17892.599609375,17992.150390625,269900.0,-0.0028154392892826285,-0.0028194100932680756,-0.006065580385744888,0.0032699753950805317
2023-01-06,18008.05078125,18047.400390625,17795.55078125,17859.44921875,238200.0,-0.007375503705446151,-0.0074028372147649955,-0.008251951546845042,0.0008837404245623173
2023-01-09,17952.55078125,18141.400390625,17936.150390625,18101.19921875,257200.0,0.013536251708490266,0.01344545509952314,0.008280073361789422,0.005213014206633874
2023-01-10,18121.30078125,18127.599609375,17856.0,17914.150390625,283300.0,-0.010333504750958511,-0.010387266093937284,-0.01143132014227904,0.0011105099864973554
2023-01-11,17924.25,17976.349609375,17824.349609375,17895.69921875,259900.0,-0.0010299775022909463,-0.0010305082936186098,-0.0015928577904235882,0.000563778306800719
2023-01-12,17920.849609375,17945.80078125,17761.650390625,17858.19921875,227800.0,-0.00209547554088918,-0.0020976741216788596,-0.003495949800963983,0.0014053874239598856
2023-01-13,17867.5,17999.349609375,17774.25,17956.599609375,256700.0,0.005510095918388247,0.0054949708747303715,0.004986685847208619,0.0005208129406594791
2023-01-16,18033.150390625,18049.650390625,17853.650390625,17894.849609375,206200.0,-0.003438847072569362,-0.0034447734977776498,-0.0076692523632420455,0.004263100081043932
2023-01-17,17922.80078125,18072.05078125,17886.94921875,18053.30078125,219100.0,0.008854568511824201,0.008815596703469526,0.007281228062107515,0.0015619674087876412
2023-01-18,18074.30078125,18183.75,18032.44921875,18165.349609375,255800.0,0.006206556323560042,0.00618737497867869,0.005037474435495322,0.0011632221860398192
2023-01-19,18119.80078125,18155.19921875,18063.75,18107.849609375,237800.0,-0.003165367099256078,-0.0031703874707042848,-0.0006595641982646316,-0.0025074567296790476
2023-01-20,18115.599609375,18145.44921875,18016.19921875,18027.650390625,237200.0,-0.004428975305189153,-0.004438812272184146,-0.004854888639981059,0.0004279911843307768
2023-01-23,18118.44921875,18162.599609375,18063.44921875,18118.55078125,202500.0,0.005042276095628795,0.005029606393094338,5.605474219885075e-06,0.00503664238863976
2023-01-24,18183.94921875,18201.25,18078.650390625,18118.30078125,216900.0,-1.3798013043020418e-05,-1.379810823647804e-05,-0.0036102409168800352,0.0036094739744680702
2023-01-25,18093.349609375,18100.599609375,17846.150390625,17891.94921875,257200.0,-0.01249297962501228,-0.012571672991636754,-0.011131183278559165,-0.0013771253814718156
2023-01-27,17877.19921875,17884.75,17493.55078125,17604.349609375,476300.0,-0.016074246906178757,-0.016204838949638832,-0.015262436024588757,-0.0008243931289801912
2023-01-30,17541.94921875,17709.150390625,17405.55078125,17648.94921875,432400.0,0.0025334426073457816,0.002530238851503625,0.006099664220076027,-0.0035446007384316754
2023-01-31,17731.44921875,17735.69921875,17537.55078125,17662.150390625,398300.0,0.0007479862801675896,0.0007477066778470427,-0.003908243893100426,0.004674499256440329
2023-02-01,17811.599609375,17972.19921875,17353.400390625,17616.30078125,512900.0,-0.0025959245256645946,-0.0025992997802722563,-0.01096469898313939,0.008461552837265334
2023-02-02,17517.099609375,17653.900390625,17445.94921875,17610.400390625,490100.0,-0.0003349392530399564,-0.00033499535771969267,0.0053262688076550204,-0.005631214697502513
2023-02-03,17721.75,17870.30078125,17584.19921875,17854.05078125,424100.0,0.013835596307890219,0.013740758205234283,0.007465446767390353,0.006322945924289014
2023-02-06,17818.55078125,17823.69921875,17698.349609375,17764.599609375,282500.0,-0.005010133160870178,-0.005022725956678951,-0.0030278091937629083,-0.0019883442942417
2023-02-07,17790.099609375,17811.150390625,17652.55078125,17721.5,354400.0,-0.0024261514654264627,-0.0024290993398515346,-0.003856055383683714,0.0014354390507367674
2023-02-08,17750.30078125,17898.69921875,17744.150390625,17871.69921875,291000.0,0.008475536424681795,0.00843982073038998,0.006839232697861414,0.001625188683237875
2023-02-09,17885.5,17916.900390625,17779.80078125,17893.44921875,260900.0,0.0012170079483646568,0.0012162679944837883,0.0004444504626652875,0.0007722142747076329
2023-02-10,17847.55078125,17876.94921875,17801.0,17856.5,232000.0,-0.0020649578680046465,-0.00206709283308457,0.0005014255938916689,-0.0025650972564811277
2023-02-13,17859.099609375,17880.69921875,17719.75,17770.900390625,231300.0,-0.00479375070002519,-0.0048052775756446476,-0.0049386150858187995,0.00014558336600117605
2023-02-14,17840.349609375,17954.55078125,17800.05078125,17929.849609375,244500.0,0.0089443537049958,0.008904589905162998,0.005016717831189153,0.003908030388074078
2023-02-15,17896.599609375,18034.099609375,17853.80078125,18015.849609375,229300.0,0.004796470794436125,0.004785004379327248,0.0066632769689685505,-0.0018544494641279388
2023-02-16,18094.75,18134.75,18000.650390625,18035.849609375,230200.0,0.0011101336008929596,0.00110951785824931,-0.003255109389463795,0.0043794987378192925
2023-02-17,17974.849609375,18034.25,17884.599609375,17944.19921875,208100.0,-0.005081567689351307,-0.005094522761127012,-0.001705182034402887,-0.003382152841210891
2023-02-20,17965.55078125,18004.349609375,17818.400390625,17844.599609375,174600.0,-0.005550518480140765,-0.005565979846782634,-0.006732394311074081,0.001189886616823203
2023-02-21,17905.80078125,17924.900390625,17800.30078125,17826.69921875,198200.0,-0.001003126492992057,-0.0010036299610954843,-0.004417650093752352,0.0034296747035358977
2023-02-22,17755.349609375,17772.5,17529.44921875,17554.30078125,204000.0,-0.015280363131582653,-0.015398310946496917,-0.011323281858603575,-0.004002401594343106
2023-02-23,17574.650390625,17620.05078125,17455.400390625,17511.25,240800.0,-0.002452434977984641,-0.0024554471223785586,-0.0036074908584708023,0.001159237820325815
2023-02-24,17591.349609375,17599.75,17421.80078125,17465.80078125,209400.0,-0.002595429723749043,-0.002598803690668268,-0.007136963957449346,0.004574179991434078
2023-02-27,17428.599609375,17451.599609375,17299.0,17392.69921875,246400.0,-0.004185411445805309,-0.004194194796816341,-0.0020598551478392367,-0.0021299436734064
2023-02-28,17383.25,17440.44921875,17255.19921875,17303.94921875,420900.0,-0.0051027157362857345,-0.005115779048087727,-0.004561907655357887,-0.0005432865037885194
2023-03-01,17360.099609375,17467.75,17345.25,17450.900390625,272900.0,0.008492348770636093,0.008456491641293511,0.005230429737912605,0.003244946567697809
2023-03-02,17421.5,17445.80078125,17306.0,17321.900390625,310700.0,-0.007392168719804415,-0.007419626196212839,-0.005717051308727721,-0.001684749208745385
2023-03-03,17451.25,17644.75,17427.69921875,17594.349609375,356200.0,0.015728598629827895,0.015606186138582535,0.00819996329059523,0.007467402909498712
2023-03-06,17680.349609375,17799.94921875,17671.94921875,17711.44921875,362800.0,0.006655523618366965,0.006633473404126094,0.0017589928967529829,0.004887932882393995
2023-03-08,17665.75,17766.5,17602.25,17754.400390625,267000.0,0.0024250512391459367,0.0024221155475668,0.0050182070178169625,-0.0025802077619724705
2023-03-09,17772.05078125,17772.349609375,17573.599609375,17589.599609375,262400.0,-0.009282249899975281,-0.009325598438082557,-0.01026618560349214,0.0009941417472098962
2023-03-10,17443.80078125,17451.5,17324.349609375,17412.900390625,235900.0,-0.010045664635585094,-0.010096462811863625,-0.0017714253339911005,-0.00828892250891779
2023-03-13,17421.900390625,17529.900390625,17113.44921875,17154.30078125,254900.0,-0.014851035931626178,-0.014962416687813755,-0.015359955192890414,0.0005168581797461809
2023-03-14,17160.55078125,17224.650390625,16987.099609375,17043.30078125,290600.0,-0.006470680525861194,-0.006491706128142258,-0.0068325312802960825,0.00036434011969939205
2023-03-15,17166.44921875,17211.349609375,16938.900390625,16972.150390625,248200.0,-0.004174683738684903,-0.004183422059139645,-0.011318521707609615,0.007225621320693958
2023-03-16,16994.650390625,17062.44921875,16850.150390625,16985.599609375,349800.0,0.0007924286811309411,0.0007921148752918237,-0.0005325664866276279,0.0013257011917846573
2023-03-17,17111.80078125,17145.80078125,16958.150390625,17100.05078125,408100.0,0.006738129621978839,0.0067155298897271865,-0.0006866606355582918,0.007429892071949274
2023-03-20,17066.599609375,17066.599609375,16828.349609375,16988.400390625,241800.0,-0.0065292432199922645,-0.006550651968001941,-0.004582003476957631,-0.00195620307231361
2023-03-21,17060.400390625,17127.69921875,17016.0,17107.5,246700.0,0.007010642946744028,0.006986182644570191,0.0027607563888642434,0.0042381859589165904
2023-03-22,17177.44921875,17207.25,17107.849609375,17151.900390625,0.0,0.0025953757489405316,0.002592013577443892,-0.0014873470327079904,0.004088804252520824
2023-03-23,17097.400390625,17205.400390625,17045.30078125,17076.900390625,219200.0,-0.004372693304643627,-0.0043822814890137705,-0.0011990126879897335,-0.0031774904680410207
2023-03-24,17076.19921875,17109.44921875,16917.349609375,16945.05078125,228000.0,-0.007720933328590696,-0.007750894050448838,-0.007680189005759341,-4.105966884862398e-05
2023-03-27,16984.30078125,17091.0,16918.55078125,16985.69921875,218400.0,0.0023988383407489433,0.002395965721106003,8.233706633032666e-05,0.002316310556202689
2023-03-28,17031.75,17061.75,16913.75,16951.69921875,238800.0,-0.002001683861354908,-0.0020036899079230227,-0.004700091373464266,0.0027111501656149626
2023-03-29,16977.30078125,17126.150390625,16940.599609375,17080.69921875,345900.0,0.007609856589321451,0.0075810476927372725,0.006090393215757529,0.0015102652642445735
2023-03-31,17210.349609375,17381.599609375,17204.650390625,17359.75,263900.0,0.016337198944623932,0.016205182818433635,0.008680845771059587,0.007590461547538923
2023-04-03,17427.94921875,17428.05078125,17312.75,17398.05078125,230200.0,0.002206297973761151,0.002203867672376198,-0.001715545364788734,0.003928583000907271
2023-04-05,17422.30078125,17570.55078125,17402.69921875,17557.05078125,248300.0,0.009138954817361267,0.00909744726853034,0.007734340124871388,0.0013938343039057222
2023-04-06,17533.849609375,17638.69921875,17502.849609375,17599.150390625,242700.0,0.002397874785437182,0.002395004471214228,0.003724269496134207,-0.00132147318841144
2023-04-10,17634.900390625,17694.099609375,17597.94921875,17624.05078125,254800.0,0.0014148632219350699,0.0014138632460749291,-0.0006152350812691763,0.0020313480597929255
2023-04-11,17704.80078125,17748.75,17655.150390625,17722.30078125,304300.0,0.005574768321964241,0.005559286811614234,0.0009884324718600116,0.0045818070432427985
2023-04-12,17759.55078125,17825.75,17717.25,17812.400390625,232800.0,0.005083967961446945,0.005071088231309614,0.0029758415641231778,0.0021018715605713055
2023-04-13,17807.30078125,17842.150390625,17729.650390625,17828.0,285800.0,0.0008757724412713497,0.0008753891763391581,0.0011624006919563584,-0.0002862954606434751
2023-04-17,17863.0,17863.0,17574.05078125,17706.849609375,357400.0,-0.006795512150830185,-0.00681870678285114,-0.008741554645076414,0.0019632039488445144
2023-04-18,17766.599609375,17766.599609375,17610.19921875,17660.150390625,258900.0,-0.0026373533282438855,-0.0026408372714739102,-0.00599153586451227,0.0033744003771492472
2023-04-19,17653.349609375,17666.150390625,17579.849609375,17618.75,281500.0,-0.002344283016240789,-0.0023470351496987078,-0.0019599458539372896,-0.0003850919216186424
2023-04-20,17638.599609375,17684.44921875,17584.349609375,17624.44921875,215100.0,0.0003234746363958152,0.00032342232975522987,-0.0008022400268941418,0.0011266184817311103
2023-04-21,17639.75,17663.19921875,17553.94921875,17624.05078125,230200.0,-2.260708945023282e-05,-2.260734499433094e-05,-0.0008899910004393487,0.0008681565625166921
2023-04-24,17707.55078125,17754.5,17612.5,17743.400390625,255700.0,0.006771973756565242,0.006749146939408538,0.002024537996127623,0.004737843815613297
2023-04-25,17761.55078125,17807.44921875,17716.849609375,17769.25,297400.0,0.0014568576938982503,0.0014557975062981768,0.0004334767186054322,0.0010229375556778868
2023-04-26,17767.30078125,17827.75,17711.19921875,17813.599609375,233000.0,0.0024958627615121465,0.002492753268886545,0.0026058447872880945,-0.00010969617457123964
2023-04-27,17813.099609375,17931.599609375,17797.900390625,17915.05078125,241400.0,0.005695152810193838,0.005678996739265909,0.005723381899315451,-2.8068442704688297e-05
2023-04-28,17950.400390625,18089.150390625,17885.30078125,18065.0,290300.0,0.008370013603697934,0.008335179280697748,0.006384236946316374,0.001973179412474628
2023-05-02,18124.80078125,18180.25,18101.75,18147.650390625,265200.0,0.004575166931912511,0.004564732669242972,0.0012606819600818888,0.0033103117215610295
2023-05-03,18113.80078125,18116.349609375,18042.400390625,18089.849609375,226200.0,-0.00318502836487633,-0.003190111363585117,-0.001322260974615134,-0.0018652337160124358
2023-05-04,18081.0,18267.44921875,18066.69921875,18255.80078125,226600.0,0.009173717607303677,0.009131894646700034,0.009667650088490682,-0.0004892030373991457
2023-05-05,18117.30078125,18216.94921875,18055.44921875,18069.0,239700.0,-0.010232406865540389,-0.010285117822267788,-0.002666003166431258,-0.007586629677852823
2023-05-08,18120.599609375,18286.94921875,18100.30078125,18264.400390625,228400.0,0.010814123118324304,0.010756068652657526,0.007935762852770182,0.002855698122474957
2023-05-09,18303.400390625,18344.19921875,18229.650390625,18265.94921875,245400.0,8.480038171931881e-05,8.479678637020549e-05,-0.0020461319249827745,0.0021353014150970132
2023-05-10,18313.599609375,18326.75,18211.94921875,18315.099609375,220500.0,0.0026908205008338015,0.0026872067245805376,8.190634457423259e-05,0.0026087004871384874
2023-05-11,18357.80078125,18389.69921875,18270.400390625,18297.0,248900.0,-0.0009882342854272697,-0.0009887229108728535,-0.003311986112851804,0.002331473635728546
2023-05-12,18273.75,18342.75,18194.55078125,18314.80078125,241700.0,0.0009728797753729701,0.0009724068345624825,0.002246434434639852,-0.0012707001147729137
2023-05-15,18339.30078125,18458.900390625,18287.900390625,18398.849609375,216100.0,0.004589120522186851,0.004578622613795238,0.0032470609886000885,0.0013377158885114477
2023-05-16,18432.349609375,18432.349609375,18264.349609375,18286.5,219500.0,-0.006106338807060685,-0.0061250587396132535,-0.007912697646577756,0.001820766010442866
2023-05-17,18300.44921875,18309.0,18115.349609375,18181.75,229900.0,-0.005728269488420423,-0.005744738948538704,-0.006486136888289328,0.0007628151231783009
2023-05-18,18287.5,18297.19921875,18104.849609375,18129.94921875,272100.0,-0.002849053652701161,-0.0028531199312594804,-0.008615217019822282,0.005816271811019291
2023-05-19,18186.150390625,18218.099609375,18060.400390625,18203.400390625,260900.0,0.0040513721791914925,0.004043187469679982,0.0009485239937800367,0.003099907848438799
2023-05-22,18201.099609375,18335.25,18178.849609375,18314.400390625,262600.0,0.006097761825706316,0.0060792457091855085,0.006224941551973111,-0.00012639293761757466
2023-05-23,18362.900390625,18419.75,18324.19921875,18348.0,270400.0,0.001834600568861644,0.0018329197446846867,-0.0008114399309494294,0.0026481893463914208
2023-05-24,18294.80078125,18392.599609375,18262.94921875,18285.400390625,232600.0,-0.0034117947119577385,-0.003417628155656871,-0.0005138285317998262,-0.002899456003379115
2023-05-25,18268.900390625,18338.099609375,18202.400390625,18321.150390625,235900.0,0.001955111686716471,0.0019532029433287895,0.0028600517208366293,-0.0009023592400229649
2023-05-26,18368.349609375,18508.55078125,18333.150390625,18499.349609375,198700.0,0.009726420827874671,0.009679423693686186,0.007131832896578747,0.0025762147978519957
2023-05-29,18619.150390625,18641.19921875,18581.25,18598.650390625,265300.0,0.005367798508963517,0.005353443226476252,-0.0011010169406184094,0.006475945575367039
2023-05-30,18606.650390625,18662.44921875,18575.5,18633.849609375,234400.0,0.0018925684396833287,0.0018907797884415813,0.0014618009248835236,0.00043013873759531235
2023-05-31,18594.19921875,18603.900390625,18483.849609375,18534.400390625,696500.0,-0.0053370195013254795,-0.005351312266430236,-0.003215993731243888,-0.0021278689833930625
2023-06-01,18579.400390625,18580.30078125,18464.55078125,18487.75,265600.0,-0.0025169624936233204,-0.0025201353688439534,-0.004932903575900435,0.002427917766509551
2023-06-02,18550.849609375,18573.69921875,18478.400390625,18534.099609375,270900.0,0.002507044360454902,0.002503906967370625,-0.0009029236047245562,0.0034130496883071223
2023-06-05,18612.0,18640.150390625,18582.80078125,18593.849609375,256100.0,0.003223787573137793,0.0032186023111129003,-0.0009751982927681066,0.004203084706936402
2023-06-06,18600.80078125,18622.75,18531.599609375,18599.0,220800.0,0.00027699431442118616,0.00027695595857881204,-9.681202821199105e-05,0.00037384253508725954
2023-06-07,18665.599609375,18738.94921875,18636.0,18726.400390625,260100.0,0.006849851638528914,0.006826497990157328,0.003257370913467047,0.00358081667697188
2023-06-08,18725.349609375,18777.900390625,18615.599609375,18634.55078125,286500.0,-0.0049048192636628185,-0.004916887367083021,-0.004848979058823063,-5.611229216940447e-05
2023-06-09,18655.900390625,18676.650390625,18555.400390625,18563.400390625,221800.0,-0.00381819725413457,-0.003825505177262602,-0.004958216867757467,0.001145700243897582
2023-06-12,18595.05078125,18633.599609375,18559.75,18601.5,179500.0,0.0020524046550352004,0.0020503013499982166,0.00034682447635491046,0.0017049888468162477
2023-06-13,18631.80078125,18728.900390625,18631.80078125,18716.150390625,233200.0,0.0061635024393194016,0.00614458574708609,0.004527185019060784,0.0016289428943902374
2023-06-14,18744.599609375,18769.69921875,18690.0,18755.900390625,261400.0,0.0021238341844009856,0.002121582036807868,0.0006028819759024344,0.0015200358063082425
2023-06-15,18774.44921875,18794.099609375,18669.05078125,18688.099609375,263000.0,-0.0036149041015322014,-0.0036214536561356998,-0.004599315184637366,0.0009889596201028822
2023-06-16,18723.30078125,18864.69921875,18710.5,18826.0,272800.0,0.0073790483520230765,0.007351956368470602,0.005485102223687271,0.001883614311288298
2023-06-19,18873.30078125,18881.44921875,18719.150390625,18755.44921875,219800.0,-0.0037475183921172883,-0.003754557931873424,-0.006244353537621868,0.002512524235100393
2023-06-20,18752.349609375,18839.69921875,18660.650390625,18816.69921875,211600.0,0.003265717567498605,0.0032603966930515953,0.003431549150663724,-0.00016526447001340237
2023-06-21,18849.400390625,18875.900390625,18794.849609375,18856.849609375,217500.0,0.0021337637466720683,0.0021314905059401927,0.0003951965895798451,0.0017378803527036636
2023-06-22,18853.599609375,18886.599609375,18759.5,18771.25,252700.0,-0.004539443817404343,-0.004549778379793411,-0.004367845455572922,-0.0001723511650845541
2023-06-23,18741.849609375,18756.400390625,18647.099609375,18665.5,210600.0,-0.005633615236065759,-0.005649543898520234,-0.0040737499748588635,-0.001566245754811214
2023-06-26,18682.349609375,18722.05078125,18646.69921875,18691.19921875,171300.0,0.0013768299134766515,0.0013758829522746805,0.0004736882437185081,0.0009027140647183306
2023-06-27,18748.55078125,18829.25,18714.25,18817.400390625,222500.0,0.00675190341711196,0.006729211402828641,0.0036722630019945294,0.003068372544147302
2023-06-28,18908.150390625,19011.25,18861.349609375,18972.099609375,398800.0,0.00822107281232487,0.008187463868637099,0.0033820980597714712,0.004822664029895037
2023-06-30,19076.849609375,19201.69921875,19024.599609375,19189.05078125,247900.0,0.01143527476356887,0.011370386219451868,0.005881535692343069,0.005521265550821699
2023-07-03,19246.5,19345.099609375,19234.400390625,19322.55078125,226100.0,0.00695709243369369,0.006933003527425256,0.003951408372950926,0.002993854120503697
2023-07-04,19406.599609375,19434.150390625,19300.0,19389.0,226900.0,0.003438946519135566,0.0034330468644171055,-0.0009068878489407246,0.004349779129914791
2023-07-05,19405.94921875,19421.599609375,19339.599609375,19398.5,224400.0,0.0004899685388621844,0.0004898485434720244,-0.0003838626323314592,0.0008741667311362113
2023-07-06,19385.69921875,19512.19921875,19373.0,19497.30078125,268300.0,0.00509321758125636,0.005080291021865595,0.005756901581969151,-0.0006598851070959094
2023-07-07,19422.80078125,19523.599609375,19303.599609375,19331.80078125,237100.0,-0.00848835445771845,-0.008524585713268293,-0.004685215125505884,-0.0038210417347433307
2023-07-10,19400.349609375,19435.849609375,19327.099609375,19355.900390625,268200.0,0.0012466303397029588,0.0012458539412885826,-0.002291155553636024,0.0035459101250146243
2023-07-11,19427.099609375,19515.099609375,19406.44921875,19439.400390625,251300.0,0.004313930032438185,0.004304651710725516,0.0006331764132235144,0.003678424527566035
2023-07-12,19497.44921875,19507.69921875,19361.75,19384.30078125,327900.0,-0.002834429471475497,-0.00283845407345589,-0.005803243092495873,0.002986142934377497
2023-07-13,19495.19921875,19567.0,19385.80078125,19413.75,310400.0,0.0015192303855748879,0.0015180775225879406,-0.004177911589211367,0.005721043990777814
2023-07-14,19493.44921875,19595.349609375,19433.5,19564.5,291200.0,0.007765114931427508,0.007735121594226721,0.0036448542509172253,0.004105297469576975
2023-07-17,19612.150390625,19731.849609375,19562.94921875,19711.44921875,268700.0,0.007511013251041421,0.007482946045497489,0.005063128017438966,0.002435553713358379
2023-07-18,19787.5,19819.44921875,19690.19921875,19749.25,286400.0,0.001917706853032497,0.0019158704007220429,-0.0019330385344283006,0.0038582034433905896
2023-07-19,19802.94921875,19851.69921875,19727.44921875,19833.150390625,259700.0,0.004248282371482448,0.00423928389630214,0.0015250845488410719,0.002719051039912908
2023-07-20,19831.69921875,19991.849609375,19758.400390625,19979.150390625,274700.0,0.007361412439498949,0.007334449485705515,0.0074351254649723305,-7.316900474298624e-05
2023-07-21,19800.44921875,19887.400390625,19700.0,19745.0,312500.0,-0.011719737128305097,-0.011788954585924888,-0.0028004020584286777,-0.008944382938268165
2023-07-24,19748.44921875,19782.75,19658.30078125,19672.349609375,265600.0,-0.0036794322929856182,-0.0036862180542648424,-0.0038534473533622005,0.00017468821220562166
2023-07-25,19729.349609375,19729.349609375,19615.94921875,19680.599609375,369700.0,0.0004193703428323481,0.00041928243166748923,-0.0024709380169752253,0.0028974678232048215
2023-07-26,19733.349609375,19825.599609375,19716.69921875,19778.30078125,244700.0,0.004964339187534694,0.0049520574860006375,0.002277929128344456,0.0026803045154616197
2023-07-27,19850.900390625,19867.55078125,19603.55078125,19659.900390625,334900.0,-0.0059863783008722304,-0.006004368496797154,-0.009621729807792684,0.003670669698977632
2023-07-28,19659.75,19695.900390625,19563.099609375,19646.05078125,258700.0,-0.0007044597937843067,-0.0007047080421790248,-0.0006968155113874795,-7.649612765673783e-06
2023-07-31,19666.349609375,19772.75,19597.599609375,19753.80078125,295100.0,0.005484562836559181,0.005469577389253641,0.004446741444752503,0.0010332268989334489
2023-08-01,19784.0,19795.599609375,19704.599609375,19733.55078125,298000.0,-0.0010251191770254131,-0.0010256449710540406,-0.002550000947735544,0.0015287801615709634
2023-08-02,19655.400390625,19678.25,19423.55078125,19526.55078125,290700.0,-0.010489749274959825,-0.010545154493387934,-0.006555430406620318,-0.003960280209644544
2023-08-03,19463.75,19537.650390625,19296.44921875,19381.650390625,315700.0,-0.007420685416911321,-0.007448355676119346,-0.004218077676449811,-0.0032161738114190276
2023-08-04,19462.80078125,19538.849609375,19436.44921875,19517.0,280800.0,0.006983389270114548,0.006959118337332752,0.0027847594680316637,0.004186970097461507
2023-08-07,19576.849609375,19620.44921875,19524.80078125,19597.30078125,216600.0,0.004114401867602702,0.004105960861445235,0.0010446610298935077,0.0030665373456473842
2023-08-08,19627.19921875,19634.400390625,19533.099609375,19570.849609375,260300.0,-0.0013497354646058168,-0.0013506471779916257,-0.0028709959453190256,0.0015256405886572787
2023-08-09,19578.80078125,19645.5,19467.5,19632.55078125,266500.0,0.003152707884763739,0.0031477485221408875,0.0027453162530503236,0.00040627627485273607
2023-08-10,19605.55078125,19623.599609375,19495.400390625,19543.099609375,312200.0,-0.004556268458015711,-0.004566679886024027,-0.0031853821691521116,-0.001375267039970489
2023-08-11,19554.25,19557.75,19412.75,19428.30078125,235500.0,-0.005874136161590715,-0.005891456761763215,-0.0064410150606645615,0.0005705538449822492
2023-08-14,19383.94921875,19465.849609375,19257.900390625,19434.55078125,243900.0,0.00032169565781225984,0.0003216439248586792,0.002610487776714425,-0.002282832811750738
2023-08-16,19369.0,19482.75,19317.19921875,19465.0,0.0,0.0015667570139761278,0.0015655309306883672,0.004956373586659095,-0.0033728992240583127
2023-08-17,19450.55078125,19461.55078125,19326.25,19365.25,268700.0,-0.005124582584125403,-0.005137758290060533,-0.0043855200919157775,-0.0007423179424608271
2023-08-18,19301.75,19373.80078125,19253.599609375,19310.150390625,256100.0,-0.0028452826260957353,-0.0028493381372506382,0.0004352139378553758,-0.0032790694672157603
2023-08-21,19320.650390625,19425.94921875,19296.30078125,19393.599609375,262600.0,0.0043215209131937105,0.0043122099570484,0.0037757123738131147,0.0005437554751048292
2023-08-22,19417.099609375,19443.5,19381.30078125,19396.44921875,208700.0,0.00014693555773015454,0.00014692476375842436,-0.001063515717611581,0.0012117399798560313
2023-08-23,19439.19921875,19472.05078125,19366.599609375,19444.0,225200.0,0.0024515199000461063,0.0024485198272942723,0.0002469639410541884,0.002204011647589332
2023-08-24,19535.150390625,19584.44921875,19369.0,19386.69921875,268300.0,-0.002946964680621278,-0.0029513155310064644,-0.0075991824432660796,0.004687841525663444
2023-08-25,19297.400390625,19339.55078125,19229.69921875,19265.80078125,466500.0,-0.006236153774081932,-0.0062556798015631025,-0.001637506023368392,-0.004606190415263364
2023-08-28,19298.349609375,19366.849609375,19249.69921875,19306.05078125,248200.0,0.002089194238900971,0.0020870149074536447,0.00039905857396524863,0.0016894614708503268
2023-08-29,19374.849609375,19377.900390625,19309.099609375,19342.650390625,307400.0,0.0018957584743610756,0.0018939637920959618,-0.0016619080611815233,0.0035635888926500332
2023-08-30,19433.44921875,19452.80078125,19334.75,19347.44921875,233000.0,0.0002480956863764039,0.00024806491573087567,-0.004425359545387574,0.004694228882356701
2023-08-31,19375.55078125,19388.19921875,19223.650390625,19253.80078125,562600.0,-0.004840350603388277,-0.004852103039648143,-0.00628369233858473,0.001452468601016728
2023-09-01,19258.150390625,19458.55078125,19255.69921875,19435.30078125,333000.0,0.009426710188917609,0.009382556025202547,0.00919872298386651,0.00022590912954889385
2023-09-04,19525.05078125,19545.150390625,19432.849609375,19528.80078125,296800.0,0.004810833701642592,0.004799298621963187,0.00019206096014875122,0.004617885825908358
2023-09-05,19564.650390625,19587.05078125,19525.75,19574.900390625,256800.0,0.0023605960187407238,0.002357814188949651,0.0005239040716470764,0.001835730200567151
2023-09-06,19581.19921875,19636.44921875,19491.5,19611.05078125,287600.0,0.0018467726478093027,0.0018450694598145603,0.001524501240527475,0.00032178085197392346
2023-09-07,19598.650390625,19737.0,19550.05078125,19727.05078125,304900.0,0.005915032360780392,0.005897607236551244,0.006551491458127149,-0.0006323164813206203
2023-09-08,19774.80078125,19867.150390625,19727.05078125,19819.94921875,288100.0,0.004709190366575022,0.004698136818212182,0.00228312982767486,0.0024205341451944257
2023-09-11,19890.0,20008.150390625,19865.349609375,19996.349609375,248800.0,0.008900143420050854,0.008860770587058942,0.005346888354700855,0.0035343572517194345
2023-09-12,20110.150390625,20110.349609375,19914.650390625,19993.19921875,328100.0,-0.0001575482868895195,-0.00015756069892455075,-0.0058155294517101466,0.005691077795351515
2023-09-13,19989.5,20096.900390625,19944.099609375,20070.0,251400.0,0.003841345269944396,0.003833986143147051,0.004027114234973361,-0.000185023852837459
2023-09-14,20127.94921875,20167.650390625,20043.44921875,20103.099609375,275100.0,0.001649208239910216,0.0016478497893743786,-0.0012345822768596605,0.0028873551943198804
2023-09-15,20156.44921875,20222.44921875,20129.69921875,20192.349609375,438200.0,0.004439613877174287,0.004429787863222843,0.001781087047395462,0.00265380018065078
2023-09-18,20155.94921875,20195.349609375,20115.69921875,20133.30078125,264900.0,-0.002924316846098174,-0.0029286010148227575,-0.0011236601786499528,-0.0018026822697295144
2023-09-20,19980.75,20050.650390625,19878.849609375,19901.400390625,378100.0,-0.011518249945432046,-0.011585098803333688,-0.003971302847740951,-0.0075770378095215
2023-09-21,19840.55078125,19848.75,19709.94921875,19742.349609375,275100.0,-0.007991939166498319,-0.00802404589005525,-0.004949518436141575,-0.0030575541509965587
2023-09-22,19744.849609375,19798.650390625,19657.5,19674.25,246400.0,-0.003449417659114995,-0.0034553806166447805,-0.0035755962071992073,0.00012663133058958854
2023-09-25,19678.19921875,19734.150390625,19601.55078125,19674.55078125,188400.0,1.5288066889551644e-05,1.5287950028248088e-05,-0.00018540504948865724,0.00020073033279540515
2023-09-26,19682.80078125,19699.349609375,19637.44921875,19664.69921875,204900.0,-0.0005007261720755274,-0.0005008515772894238,-0.0009196639594728662,0.0004193234240378344
2023-09-27,19637.05078125,19730.69921875,19554.0,19716.44921875,203600.0,0.002631619198663282,0.002628162551917123,0.0040432974576717915,-0.0014059934094307236
2023-09-28,19761.80078125,19766.650390625,19492.099609375,19523.55078125,352800.0,-0.009783629666773708,-0.009831803841213342,-0.01205608753155996,0.002300189146475292
2023-09-29,19581.19921875,19726.25,19551.05078125,19638.30078125,243500.0,0.005877516917168757,0.005860311697675281,0.002916142257789928,0.002952763979560743
2023-10-03,19622.400390625,19623.19921875,19479.650390625,19528.75,221700.0,-0.005578424654468894,-0.005594042173129665,-0.004772626628786118,-0.0008096622412556776
2023-10-04,19446.30078125,19457.80078125,19333.599609375,19436.099609375,277100.0,-0.004744307271330683,-0.004755597219883326,-0.0005245816152774879,-0.004221940408372271
2023-10-05,19521.849609375,19576.94921875,19487.30078125,19545.75,234900.0,0.005641584105285702,0.005625729970019748,0.0012242892504162252,0.0044118934211799625
2023-10-06,19621.19921875,19675.75,19589.400390625,19653.5,159100.0,0.0055127073660514725,0.005497568008546022,0.0016462185052957112,0.003860134236342939
2023-10-09,19539.44921875,19588.94921875,19480.5,19512.349609375,165100.0,-0.00718194675884698,-0.007207861089913015,-0.0013869177719193482,-0.005803077378075152
2023-10-10,19565.599609375,19717.80078125,19565.44921875,19689.849609375,216600.0,0.00909680297624016,0.0090556762901256,0.0063504314961277605,0.0027290408928720322
2023-10-11,19767.0,19839.19921875,19756.94921875,19811.349609375,213700.0,0.006170692128707245,0.00615173136873013,0.0022436186257398694,0.00391828237165743
2023-10-12,19822.69921875,19843.30078125,19772.650390625,19794.0,217900.0,-0.0008757409120068171,-0.0008761245971014768,-0.0014477957029612712,0.00057288421025235
2023-10-13,19654.55078125,19805.400390625,19635.30078125,19751.05078125,255000.0,-0.0021698099802970328,-0.002172167428733089,0.004909804404792544,-0.007045024691825805
2023-10-16,19737.25,19781.30078125,19691.849609375,19731.75,181000.0,-0.0009772027556287366,-0.0009776805295215437,-0.00027866090767457473,-0.0006987365585177529
2023-10-17,19843.19921875,19849.75,19775.650390625,19811.5,185800.0,0.004041709427698992,0.004033563661320618,-0.0015974852845325037,0.005648217656822127
2023-10-18,19820.44921875,19840.94921875,19659.94921875,19671.099609375,198900.0,-0.007086812741337156,-0.007112043473065063,-0.007535127369046528,0.0004517183832622467
2023-10-19,19545.19921875,19681.80078125,19512.349609375,19624.69921875,230300.0,-0.0023588102112444,-0.002361596586600212,0.004067494995074518,-0.0064002721314571276
2023-10-20,19542.150390625,19593.80078125,19518.69921875,19542.650390625,198300.0,-0.004180896084593599,-0.004189660467809165,2.5585720609327932e-05,-0.00420637418208838
2023-10-23,19521.599609375,19556.849609375,19257.849609375,19281.75,176000.0,-0.013350307425555652,-0.01344022395196905,-0.012286370695760775,-0.0010771712551383757
2023-10-25,19286.44921875,19347.30078125,19074.150390625,19122.150390625,225300.0,-0.008277236732921023,-0.008311683270009834,-0.008518873861201528,0.00024371329106538566
2023-10-26,19027.25,19041.69921875,18837.849609375,18857.25,300400.0,-0.013853064912347501,-0.013949914095014037,-0.008934554389099843,-0.004962851388906905
2023-10-27,18928.75,19076.150390625,18926.650390625,19047.25,205200.0,0.010075700327460302,0.010025278863763394,0.006260318298883973,0.0037916451232284667
2023-10-30,19053.400390625,19158.5,18940.0,19140.900390625,180100.0,0.004916740769664862,0.004904693073893485,0.00459235612573666,0.00032290176403417816
2023-10-31,19232.94921875,19233.69921875,19056.44921875,19079.599609375,206000.0,-0.0032026069828995363,-0.003207746304394414,-0.007973275841933856,0.0048090124417597664
2023-11-01,19064.05078125,19096.05078125,18973.69921875,18989.150390625,194100.0,-0.004740624572936891,-0.004751896973195711,-0.0039288811955256915,-0.0008149452002839666
2023-11-02,19120.0,19175.25,19064.150390625,19133.25,245600.0,0.007588523257266999,0.007559875254064636,0.0006929916317991632,0.006890756388953602
2023-11-03,19241.0,19276.25,19210.900390625,19230.599609375,189500.0,0.005087980838331285,0.005075080802081226,-0.0005405327490774908,0.005631557628735317
2023-11-06,19345.849609375,19423.0,19309.69921875,19411.75,180700.0,0.00941990339899168,0.009375812778954773,0.003406435589836523,0.0059930528605990595
2023-11-07,19404.05078125,19423.5,19329.099609375,19406.69921875,198700.0,-0.000260191958478706,-0.0002602258142791332,0.00013648889759447378,-0.00039662672092933405
2023-11-08,19449.599609375,19464.400390625,19401.5,19443.5,195000.0,0.0018962926582819506,0.0018944969651071763,-0.00031361105099870004,0.0022105969769218303
2023-11-09,19457.400390625,19463.900390625,19378.349609375,19395.30078125,208400.0,-0.002478937369815082,-0.0024820150223140987,-0.003191567636389954,0.0007149119564378841
2023-11-10,19351.849609375,19451.30078125,19329.44921875,19425.349609375,152200.0,0.001549283945833313,0.0015480850435944918,0.0037980865645210957,-0.002240293788947347
2023-11-13,19486.75,19494.400390625,19414.75,19443.55078125,189300.0,0.0009369804014345284,0.0009365417093074231,-0.0022168508730291093,0.003160838381789903
2023-11-15,19651.400390625,19693.19921875,19579.650390625,19675.44921875,291500.0,0.011926753508604282,0.011856190289938534,0.0012237717234886152,0.010689899788028204
2023-11-16,19674.69921875,19875.25,19627.0,19765.19921875,282700.0,0.004561522280999375,0.004551150068331243,0.004599816190010846,-3.81185705933096e-05
2023-11-17,19674.75,19806.0,19667.44921875,19731.80078125,236800.0,-0.0016897597201204206,-0.0016911889743673853,0.0028996953582637645,-0.004576185534431473
2023-11-20,19731.150390625,19756.44921875,19670.5,19694.0,173800.0,-0.0019157289123818977,-0.0019175662679732529,-0.0018828294290763464,-3.296154427111533e-05
2023-11-21,19770.900390625,19829.099609375,19754.05078125,19783.400390625,195000.0,0.0045394734754240496,0.004529201141300913,0.0006322423234668297,0.003904762395907383
2023-11-22,19784.0,19825.55078125,19703.849609375,19811.849609375,184500.0,0.0014380348265852216,0.0014370018446946907,0.001407683450010109,3.030871150361715e-05
2023-11-23,19828.44921875,19875.150390625,19786.75,19802.0,170000.0,-0.0004971574875239915,-0.0004972811112830416,-0.0013339025386306725,0.0008378626782602386
2023-11-24,19809.599609375,19832.849609375,19768.849609375,19794.69921875,145900.0,-0.00036868908443588033,-0.0003687570669664962,-0.0007521803024200605,0.00038377988965761033
2023-11-28,19844.650390625,19916.849609375,19800.0,19889.69921875,229600.0,0.004799264638990497,0.004787784883390938,0.002270074162973511,0.0025234620300613147
2023-11-29,19976.55078125,20104.650390625,19956.30078125,20096.599609375,236200.0,0.010402389113554511,0.010348656573869122,0.00600948729535821,0.004366660427832168
2023-11-30,20108.5,20158.69921875,20015.849609375,20133.150390625,486600.0,0.0018187545137213768,0.0018171025823992028,0.0012258691908894248,0.0005921594128515406
2023-12-01,20194.099609375,20291.55078125,20183.69921875,20267.900390625,265800.0,0.0066929416105065975,0.00667064331563437,0.003654571517302925,0.003027306584784714
2023-12-04,20601.94921875,20702.650390625,20507.75,20686.80078125,381100.0,0.020668169003769332,0.020457480483773903,0.004118618175350899,0.016481669126394347
2023-12-05,20808.900390625,20864.05078125,20711.150390625,20855.099609375,421000.0,0.008135565760247543,0.008102650447744338,0.0022201662693726028,0.0059022954136856215
2023-12-06,20950.75,20961.94921875,20852.150390625,20937.69921875,359200.0,0.003960643244200535,0.003952820545223537,-0.0006229266852022004,0.0045864269371315896
2023-12-07,20932.400390625,20941.25,20850.80078125,20901.150390625,275000.0,-0.0017455990623970186,-0.0017471243957791426,-0.0014929009295081106,-0.00025307595021017526
2023-12-08,20934.099609375,21006.099609375,20862.69921875,20969.400390625,292400.0,0.003265370504707432,0.0032600507599202964,0.0016862813260996958,0.0015764308726652213
2023-12-11,20965.30078125,21026.099609375,20923.69921875,20997.099609375,212900.0,0.001320935183362959,0.001320063516009915,0.001516736080096633,-0.00019550436820467472
2023-12-12,21018.55078125,21037.900390625,20867.150390625,20906.400390625,244900.0,-0.004319607014175553,-0.004328963470418101,-0.005335781319663861,0.0010216254756167495
2023-12-13,20929.75,20950.0,20769.5,20926.349609375,260300.0,0.0009542158562574343,0.0009537608817135473,-0.00016246685340245344,0.0011168641630660916
2023-12-14,21110.400390625,21210.900390625,21074.44921875,21182.69921875,334400.0,0.012250087289956912,0.012175662163725103,0.003424796630437548,0.008795168994383297
2023-12-15,21287.44921875,21492.30078125,21235.30078125,21456.650390625,508800.0,0.012932779200891975,0.012849864921501506,0.007948400493468588,0.004945073284488686
2023-12-18,21434.80078125,21482.80078125,21365.349609375,21418.650390625,249700.0,-0.0017710126840955187,-0.0017725827811074615,-0.0007534658609529734,-0.0010183140880436162
2023-12-19,21477.650390625,21505.05078125,21337.75,21453.099609375,249800.0,0.0016083748565725031,0.001607082806947435,-0.0011430850583505365,0.0027546086669319025
2023-12-20,21543.5,21593.0,21087.349609375,21150.150390625,363900.0,-0.01412146609423337,-0.014222122733049722,-0.018258389276347854,0.004213861505844826
2023-12-21,21033.94921875,21288.349609375,20976.80078125,21255.05078125,277500.0,0.004959794076523361,0.004947534816775346,0.010511652386367204,-0.005494106175552645
2023-12-22,21295.849609375,21390.5,21232.44921875,21349.400390625,284700.0,0.004438926556610712,0.004429103580375731,0.0025146111675406237,0.0019194886215463862
2023-12-26,21365.19921875,21477.150390625,21329.44921875,21441.349609375,219500.0,0.004306875934107168,0.004297627887901326,0.0035642256290393383,0.0007400127327200075
2023-12-27,21497.650390625,21675.75,21495.80078125,21654.75,256500.0,0.0099527499207277,0.009903547502138933,0.007307757197666133,0.0026258039850897766
2023-12-28,21715.0,21801.44921875,21678.0,21778.69921875,393100.0,0.005723881307796219,0.0057075621422148105,0.0029334201588763526,0.002782299495491751
2023-12-29,21737.650390625,21770.30078125,21676.900390625,21731.400390625,270900.0,-0.0021717930740454694,-0.0021741548367498844,-0.0002875195749166845,-0.001884815420457238
2024-01-01,21727.75,21834.349609375,21680.849609375,21741.900390625,154000.0,0.00048317180721269004,0.0004830551173010514,0.0006512589027856083,-0.00016797769860127333
2024-01-02,21751.349609375,21755.599609375,21555.650390625,21665.80078125,263700.0,-0.003500136051024061,-0.0035062758581720864,-0.003933035405220456,0.00043460868554408684
2024-01-03,21661.099609375,21677.0,21500.349609375,21517.349609375,311900.0,-0.00685186637566948,-0.006875448193459907,-0.006636320528150126,-0.0002169858350709328
2024-01-04,21605.80078125,21685.650390625,21564.55078125,21658.599609375,339200.0,0.006564470186349425,0.006543017882762483,0.002443733914774407,0.004110690836963595
2024-01-05,21705.75,21749.599609375,21629.19921875,21710.80078125,309300.0,0.002410182228605562,0.0024072823978970102,0.00023269323796689818,0.0021769824215500428
2024-01-08,21747.599609375,21763.94921875,21492.900390625,21513.0,231500.0,-0.00911070868564301,-0.009152465005292239,-0.010787379462047312,0.0016949548980607111
2024-01-09,21653.599609375,21724.44921875,21517.849609375,21544.849609375,228600.0,0.0014804820050666745,0.001479387172036867,-0.005022259668684199,0.006535564978152745
2024-01-10,21529.30078125,21641.849609375,21448.650390625,21618.69921875,217000.0,0.0034277152411805734,0.003421854015216792,0.004152407846791645,-0.000721695830182732
2024-01-11,21688.0,21726.5,21593.75,21647.19921875,212500.0,0.0013183031833516878,0.001317434984659037,-0.0018812606625783844,0.003205594404583561
2024-01-12,21773.55078125,21928.25,21715.150390625,21894.55078125,294700.0,0.011426492637705898,0.011361703346499745,0.005557201083812086,0.00583685497708909
2024-01-15,22053.150390625,22115.55078125,21963.55078125,22097.44921875,345500.0,0.009267074694848665,0.009224398809286917,0.002008730151490367,0.0072437937165087275
2024-01-16,22080.5,22124.150390625,21969.80078125,22032.30078125,292400.0,-0.0029482333845447517,-0.002952587985615914,-0.0021828862004936484,-0.0007670215047091655
2024-01-17,21647.25,21851.5,21550.44921875,21571.94921875,456000.0,-0.020894393512082443,-0.021115770473744744,-0.0034785379782651376,-0.0174766487201231
2024-01-18,21414.19921875,21539.400390625,21285.55078125,21462.25,387300.0,-0.0050852715087356115,-0.0050982455047793645,0.0022438747654839855,-0.007312737407284742
2024-01-19,21615.19921875,21670.599609375,21575.0,21622.400390625,343100.0,0.00746195718645537,0.007434254509367264,0.00033315315774436064,0.007126429836107584
2024-01-23,21716.69921875,21750.25,21192.599609375,21238.80078125,449700.0,-0.01774084294273448,-0.017900098054810153,-0.022006034742489175,0.004361163720096771
2024-01-24,21185.25,21482.349609375,21137.19921875,21453.94921875,407500.0,0.010129971071150878,0.010079006802925212,0.012683315927355117,-0.002521365579984893
2024-01-25,21454.599609375,21459.0,21247.05078125,21352.599609375,418100.0,-0.004724053755400193,-0.004735247364061254,-0.004754225287682793,3.031565975888399e-05
2024-01-29,21433.099609375,21763.25,21429.599609375,21737.599609375,376700.0,0.018030591452244726,0.01786996821930258,0.014206997846770115,0.0037700327581966153
2024-01-30,21775.75,21813.05078125,21501.80078125,21522.099609375,375100.0,-0.009913698102483215,-0.009963166019046519,-0.011648296413441558,0.0017550415552113898
2024-01-31,21487.25,21741.349609375,21448.849609375,21725.69921875,410600.0,0.009460025419002926,0.009415559590485083,0.01109724225994485,-0.0016192476574088317
2024-02-01,21780.650390625,21832.94921875,21658.75,21697.44921875,332500.0,-0.0013003033741542103,-0.00130114950214822,-0.003819958099635634,0.002529316608948324
2024-02-02,21812.75,22126.80078125,21805.55078125,21853.80078125,442800.0,0.007205988175093214,0.007180149098767169,0.0018819626709149465,0.005314024708045499
2024-02-05,21921.05078125,21964.30078125,21726.94921875,21771.69921875,440800.0,-0.0037568550808078083,-0.0037639297855089193,-0.006813157087695207,0.0030772679166041804
2024-02-06,21825.19921875,21951.400390625,21737.55078125,21929.400390625,371000.0,0.007243402101531293,0.007217294659854949,0.004774351465506024,0.0024573185336827213
2024-02-07,22045.05078125,22053.30078125,21860.150390625,21930.5,346300.0,5.014315737827957e-05,5.014190025218764e-05,-0.005196213081415489,0.00527375981855124
2024-02-08,22009.650390625,22011.05078125,21665.30078125,21717.94921875,491100.0,-0.009692017110872975,-0.009739290405751649,-0.013253330548096756,0.003609146650783156
2024-02-09,21727.0,21804.44921875,21629.900390625,21782.5,349200.0,0.0029722318898448563,0.0029678235415700974,0.0025544253693561008,0.0004167419841918632
2024-02-12,21800.80078125,21831.69921875,21574.75,21616.05078125,287400.0,-0.0076414194307357075,-0.007670764664605448,-0.008474459349167398,0.0008401598186617698
2024-02-13,21664.30078125,21766.80078125,21543.349609375,21743.25,365800.0,0.005884480011507653,0.005867234081485647,0.0036442080243978565,0.0022321376133078194
2024-02-14,21578.150390625,21870.849609375,21530.19921875,21840.05078125,359100.0,0.004451992284961959,0.004442111482625561,0.0121372956385913,-0.0075931431306267465
2024-02-15,21906.55078125,21953.849609375,21794.80078125,21910.75,345400.0,0.0032371361888359207,0.003231907943473083,0.00019168781027792593,0.0030448647151082274
2024-02-16,22020.30078125,22068.650390625,21968.94921875,22040.69921875,343900.0,0.005930843022260657,0.005913324803860001,0.0009263469060953519,0.004999864507148318
2024-02-19,22103.44921875,22186.650390625,22021.05078125,22122.25,0.0,0.0037000088082788096,0.0036931806134258504,0.000850581330720619,0.002847005867518878
2024-02-20,22099.19921875,22215.599609375,22045.849609375,22196.94921875,295700.0,0.0033766555730090353,0.003370967472487328,0.004423237196624948,-0.0010419727310739188
2024-02-21,22248.849609375,22249.400390625,21997.94921875,22055.05078125,364500.0,-0.006392700010330099,-0.006413220819374543,-0.008710510050071936,0.0023381767518375536
2024-02-22,22081.55078125,22252.5,21875.25,22217.44921875,343500.0,0.0073633218581414805,0.007336344949249518,0.006154388287592318,0.0012015388340220396
2024-02-23,22290.0,22297.5,22186.099609375,22212.69921875,226000.0,-0.0002137959201901074,-0.000213818777795819,-0.00346795788470166,0.003265486534285499
2024-02-26,22169.19921875,22202.150390625,22075.150390625,22122.05078125,207800.0,-0.004080928508836235,-0.004089278221713085,-0.002126754197784616,-0.0019583392172024343
2024-02-27,22090.19921875,22218.25,22085.650390625,22198.349609375,252200.0,0.003448994348646428,0.003443060208267885,0.004895854018971578,-0.0014398105679694238
2024-02-28,22214.099609375,22229.150390625,21915.849609375,21951.150390625,203000.0,-0.011135927809948543,-0.011198396451173726,-0.011837041490487768,0.0007095122059591458
2024-02-29,21935.19921875,22060.55078125,21860.650390625,21982.80078125,360200.0,0.0014418556686905948,0.0014408171929075416,0.00217009939254669,-0.0007266667847081263
2024-03-01,22048.30078125,22353.30078125,22047.75,22338.75,351500.0,0.016192168700068565,0.0160624736924449,0.013173315333079983,0.0029796021285817017
2024-03-04,22403.5,22440.900390625,22358.30078125,22405.599609375,298800.0,0.0029925402887358565,0.0029880715530739466,9.371791795924744e-05,0.002898550724637681
2024-03-05,22371.25,22416.900390625,22269.150390625,22356.30078125,296200.0,-0.00220029050703785,-0.0022027147028049303,-0.000668233502821702,-0.0015330814606107376
2024-03-06,22327.5,22497.19921875,22224.349609375,22474.05078125,312300.0,0.005266971542034149,0.0052531495595052715,0.006563689676408017,-0.0012882623798904566
2024-03-07,22505.30078125,22525.650390625,22430.0,22493.55078125,379900.0,0.0008676673462120199,0.0008672911404987264,-0.0005220992207217849,0.001390492542006345
2024-03-11,22517.5,22526.599609375,22307.25,22332.650390625,277900.0,-0.007153178801771132,-0.007178885448103384,-0.008209153297435328,0.0010647149035252987
2024-03-12,22334.44921875,22452.55078125,22256.0,22335.69921875,299200.0,0.0001365188668460693,0.00013650954899359894,5.596735284390233e-05,8.05470059995713e-05
2024-03-13,22432.19921875,22446.75,21905.650390625,21997.69921875,493300.0,-0.015132725270416536,-0.015248393356596964,-0.019369478478811934,0.004320437836080448
2024-03-14,21982.55078125,22204.599609375,21917.5,22146.650390625,426700.0,0.006771215952804832,0.006748394232673185,0.007464993985819363,-0.0006886373592692843
2024-03-15,22064.849609375,22120.900390625,21931.69921875,22023.349609375,661500.0,-0.005567468627318717,-0.005583024746448362,-0.0018808195267448057,-0.0036935960882205224
2024-03-18,21990.099609375,22123.69921875,21916.55078125,22055.69921875,356300.0,0.0014688778023679294,0.001467800056624233,0.0029831428934061323,-0.0015097612574722053
2024-03-19,21946.44921875,21978.30078125,21793.099609375,21817.44921875,344200.0,-0.010802196640288697,-0.010860963960358783,-0.005877944022479434,-0.004953368239041107
2024-03-20,21843.900390625,21930.900390625,21710.19921875,21839.099609375,312400.0,0.0009923428906801757,0.0009918508439663014,-0.00021977674152279174,0.0012123860864664123
2024-03-21,21989.900390625,22080.94921875,21941.30078125,22011.94921875,353200.0,0.0079146856998078,0.007883528864675105,0.0010026797635882027,0.006905082349881533
2024-03-22,21932.19921875,22180.69921875,21883.30078125,22096.75,388700.0,0.0038524885010076115,0.0038450866714008036,0.007502703199473234,-0.0036230321634609327
2024-03-26,21947.900390625,22073.19921875,21947.55078125,22004.69921875,328400.0,-0.00416580634029895,-0.004174507484794188,0.0025878934710885375,-0.006736267069817959
2024-03-27,22053.94921875,22193.599609375,22052.849609375,22123.650390625,409100.0,0.005405716783151604,0.005391158338500764,0.0031604848267148865,0.0022381582911178595
2024-03-28,22163.599609375,22516.0,22163.599609375,22326.900390625,410500.0,0.009187001078543977,0.009145057280234776,0.007367971995890291,0.0018057245547022686
2024-04-01,22455.0,22529.94921875,22427.75,22462.0,0.0,0.006050979178091831,0.006032745520934439,0.00031173458027165444,0.005737456034371374
2024-04-02,22458.80078125,22497.599609375,22388.150390625,22453.30078125,289500.0,-0.0003872860275131451,-0.00038736104211539534,-0.0002448928619818268,-0.00014242804514290802
2024-04-03,22385.69921875,22521.099609375,22346.5,22434.650390625,309600.0,-0.0008306302403686683,-0.0008309754048160305,0.0021867162332816063,-0.003010762789783309
2024-04-04,22592.099609375,22619.0,22303.80078125,22514.650390625,401000.0,0.003565912488363576,0.0035595696965144527,-0.00342815497847137,0.007018126692796378
2024-04-05,22486.400390625,22537.599609375,22427.599609375,22513.69921875,242200.0,-4.224679746289706e-05,-4.22476898839797e-05,0.001214015033565861,-0.0012547385595542348
2024-04-08,22578.349609375,22697.30078125,22550.349609375,22666.30078125,227600.0,0.006778164752814453,0.006755296273493474,0.003895376473330931,0.0028716023074145656
2024-04-09,22765.099609375,22768.400390625,22612.25,22642.75,232400.0,-0.0010390218270411866,-0.0010395619844089984,-0.0053744376907806125,0.004358842189490766
2024-04-10,22720.25,22775.69921875,22673.69921875,22753.80078125,276800.0,0.0049044741142307835,0.004892486360835239,0.0014766906724177772,0.0034227291296331057
2024-04-12,22677.400390625,22726.44921875,22503.75,22519.400390625,357200.0,-0.010301592814249916,-0.01035502147176367,-0.006967288899009709,-0.0033576979670120357
2024-04-15,22339.05078125,22427.44921875,22259.55078125,22272.5,355500.0,-0.010963897188301042,-0.011024443666037696,-0.0029791230568247135,-0.008008632834206409
2024-04-16,22125.30078125,22213.75,22079.44921875,22147.900390625,317300.0,-0.005594325260972033,-0.005610032105390299,0.001021437385120294,-0.006609011954203614
2024-04-18,22212.349609375,22326.5,21961.69921875,21995.849609375,456900.0,-0.0068652458503182245,-0.006888920065700564,-0.009746830200647637,0.0029099471107103566
2024-04-19,21861.5,22179.55078125,21777.650390625,22147.0,362500.0,0.0068717686886063944,0.006848265696137249,0.013059488141252887,-0.006107952716576947
2024-04-22,22336.900390625,22375.650390625,22198.150390625,22336.400390625,279300.0,0.008551965982977361,0.008515605079627573,-2.2384484474392632e-05,0.008574542404163093
2024-04-23,22447.05078125,22447.55078125,22349.44921875,22368.0,231500.0,0.0014147135985376202,0.0014137138340638612,-0.0035216555627000695,0.004953814790651856
2024-04-24,22421.55078125,22476.44921875,22384.0,22402.400390625,235900.0,0.0015379287654238016,0.001536747364098986,-0.0008541064269744667,0.0023940799915057225
2024-04-25,22316.900390625,22625.94921875,22305.25,22570.349609375,475000.0,0.0074969296067168845,0.007468967297299811,0.011356828874697593,-0.0038165553025192875
2024-04-26,22620.400390625,22620.400390625,22385.55078125,22419.94921875,329900.0,-0.006663626980883297,-0.006685928069119567,-0.008861521830448093,0.0022175456790093544
2024-04-29,22475.55078125,22655.80078125,22441.900390625,22643.400390625,292000.0,0.00996662256880243,0.009917283345523465,0.007468097712427445,0.002480003944589666
2024-04-30,22679.650390625,22783.349609375,22568.400390625,22604.849609375,361900.0,-0.00170251731563964,-0.0017039682453004383,-0.003298145251873905,0.0016009079632319054
2024-05-02,22567.849609375,22710.5,22567.849609375,22648.19921875,445900.0,0.0019177127972140884,0.0019158763335262374,0.0035603573564058867,-0.001636816906079076
2024-05-03,22766.349609375,22794.69921875,22348.05078125,22475.849609375,438100.0,-0.007609859296553445,-0.0076389620148829334,-0.012760060571167476,0.005216767544467094
2024-05-06,22561.599609375,22588.80078125,22409.44921875,22442.69921875,320300.0,-0.0014749338156797576,-0.0014760226012829026,-0.005270033715853792,0.0038152061652980823
2024-05-07,22489.75,22499.05078125,22232.05078125,22302.5,297800.0,-0.006246985595782073,-0.0062665796554610105,-0.00832601518469525,0.002096484954478689
2024-05-08,22231.19921875,22368.650390625,22185.19921875,22302.5,277400.0,0.0,0.0,0.0032072395442286467,-0.0031969860441654523
2024-05-09,22224.80078125,22307.75,21932.400390625,21957.5,331300.0,-0.01546911781190452,-0.015590012996666094,-0.012027139585228988,-0.0034838793296715614
2024-05-10,21990.94921875,22131.30078125,21950.30078125,22055.19921875,265800.0,0.0044494691449390444,0.004439599522660019,0.002921656512453721,0.0015233618922919276
2024-05-13,22027.94921875,22131.650390625,21821.05078125,22104.05078125,278200.0,0.0022149680905385605,0.002212518664983643,0.0034547729225389264,-0.0012355363345271301
2024-05-14,22112.900390625,22270.05078125,22081.25,22217.849609375,230200.0,0.005148324587705533,0.005135117275633606,0.0047460630173369,0.0004003614297930756
2024-05-15,22255.599609375,22297.55078125,22151.75,22200.55078125,231900.0,-0.0007786004689536163,-0.0007789037357247285,-0.002473482138931503,0.0016990843247076028
2024-05-16,22319.19921875,22432.25,22054.55078125,22403.849609375,368900.0,0.009157377676264788,0.00911570311987133,0.0037927162975402167,0.005344391617536234
2024-05-17,22415.25,22502.150390625,22345.650390625,22466.099609375,242700.0,0.0027785403439750667,0.0027746873362616406,0.0022685274255250334,0.0005088585588536289
2024-05-21,22404.55078125,22591.099609375,22404.55078125,22529.05078125,347600.0,0.002802051667603722,0.002798133238882937,0.005556906773787761,-0.0027396312308397295
2024-05-22,22576.599609375,22629.5,22483.150390625,22597.80078125,290300.0,0.0030516154749500313,0.0030469687473969323,0.0009390772854117566,0.0021105562141381
2024-05-23,22614.099609375,22993.599609375,22577.44921875,22967.650390625,369800.0,0.01636661960848307,0.01623413013834582,0.015634086139048865,0.0007212572711289487
2024-05-24,22930.75,23026.400390625,22908.0,22957.099609375,261900.0,-0.0004593757337192361,-0.00045948127907615604,0.001149094965275885,-0.0016066245348310467
2024-05-27,23038.94921875,23110.80078125,22871.19921875,22932.44921875,260000.0,-0.0010737589261899938,-0.0010743358183047916,-0.004622606655746527,0.003565328842393272
2024-05-28,22977.150390625,22998.55078125,22858.5,22888.150390625,217900.0,-0.0019317094176221072,-0.00193357757447097,-0.0038734133035188407,0.0019492541528643825
2024-05-29,22762.75,22825.5,22685.44921875,22704.69921875,269900.0,-0.008015115627261094,-0.0080474093408375,-0.002550253429396712,-0.005478834614629414
2024-05-30,22617.44921875,22705.75,22417.0,22488.650390625,373400.0,-0.009515599658179275,-0.00956116224385675,-0.005694666400233365,-0.0038428168177602274
2024-05-31,22568.099609375,22653.75,22465.099609375,22530.69921875,572100.0,0.0018697799732139142,0.0018680341105537352,-0.001657223748226613,0.0035328584583768775
2024-06-03,23337.900390625,23338.69921875,23062.30078125,23263.900390625,569400.0,0.03254231769535276,0.03202403067452011,-0.0031708079459335735,0.03582672530656523
2024-06-04,23179.5,23179.5,21281.44921875,21884.5,1006100.0,-0.05929359941641077,-0.06112419596275757,-0.05586833193123234,-0.0036279552958803107
2024-06-05,22128.349609375,22670.400390625,21791.94921875,22620.349609375,638500.0,0.033624236760035675,0.03307130264902321,0.022233922035991196,0.011142571654595718
2024-06-06,22798.599609375,22910.150390625,22642.599609375,22821.400390625,480400.0,0.008888049244237806,0.008848783029735371,0.0010000956918697805,0.007880072725583531
2024-06-07,22821.849609375,23320.19921875,22789.05078125,23290.150390625,473600.0,0.020539931466807104,0.02033183181806326,0.020519843451147206,1.9684100989023374e-05
2024-06-10,23319.150390625,23411.900390625,23227.150390625,23259.19921875,304400.0,-0.0013289382574128705,-0.0013298220789751808,-0.0025708986335583723,0.0012451615602994727
2024-06-11,23283.75,23389.44921875,23206.650390625,23264.849609375,305200.0,0.0002429314342191624,0.00024290193115634738,-0.000811741692167284,0.0010555299440493555
2024-06-12,23344.44921875,23441.94921875,23295.94921875,23322.94921875,295600.0,0.002497312914139238,0.002494199810096445,-0.000920989816402755,0.003421453854699489
2024-06-13,23480.94921875,23481.05078125,23353.900390625,23398.900390625,268300.0,0.0032564994745150067,0.0032512085635553246,-0.0034942722017167176,0.006774443425575836
2024-06-14,23464.94921875,23490.400390625,23334.25,23465.599609375,223100.0,0.0028505279152657437,0.0028464728647632507,2.771753814324457e-05,0.002822732137936837
2024-06-18,23570.80078125,23579.05078125,23499.69921875,23557.900390625,272200.0,0.003933450786960613,0.0039257349959185015,-0.000547303875872641,0.004483208340134207
2024-06-19,23629.849609375,23664.0,23412.900390625,23516.0,328800.0,-0.0017786131162043084,-0.0017801967265448713,-0.004818042063620703,0.003054143941394395
2024-06-20,23586.150390625,23624.0,23442.599609375,23567.0,280300.0,0.0021687361796223215,0.0021663878659495613,-0.0008119337114297329,0.0029830919639819696
2024-06-21,23661.150390625,23667.099609375,23398.19921875,23501.099609375,609900.0,-0.00279629951309035,-0.0028002164622532473,-0.006764285700724643,0.003995009573768405
2024-06-24,23382.30078125,23558.099609375,23350.0,23537.849609375,239400.0,0.00156375661610908,0.0015625352218749532,0.006652417552071387,-0.0050550327473872355
2024-06-25,23577.099609375,23754.150390625,23562.05078125,23721.30078125,298100.0,0.007793879853915442,0.007763664467508334,0.006116153991123703,0.0016675270108093025
2024-06-26,23723.099609375,23889.900390625,23670.44921875,23868.80078125,287800.0,0.006218040121837909,0.006198787876631016,0.006141742616863657,7.583176578671628e-05
2024-06-27,23881.55078125,24087.44921875,23805.400390625,24044.5,515200.0,0.007361040898544724,0.007334080659762657,0.006823226022572014,0.000534170112560313
2024-06-28,24085.900390625,24174.0,23985.80078125,24010.599609375,354800.0,-0.0014099020825968367,-0.0014108969297394127,-0.0031263427992631516,0.0017218237278795567
2024-07-01,23992.94921875,24164.0,23992.69921875,24141.94921875,0.0,0.005470484349075377,0.00545557559691747,0.006210157769331648,-0.0007351082818485032
2024-07-02,24228.75,24236.349609375,24056.400390625,24123.849609375,0.0,-0.0007497161563467802,-0.0007499973340487516,-0.004329583268843832,0.0035954338427066864
2024-07-03,24291.75,24309.150390625,24207.099609375,24286.5,0.0,0.006742306607722792,0.006719678910168409,-0.0002161227577263886,0.006959933565484948
2024-07-04,24369.94921875,24401.0,24281.0,24302.150390625,251200.0,0.0006444070008029268,0.0006441994597673961,-0.002782066860969749,0.0034360331356926687
2024-07-05,24213.349609375,24363.0,24168.849609375,24323.849609375,298400.0,0.0008928929498506211,0.0008924945580705119,0.004563598253965501,-0.0036540297801900086
2024-07-08,24329.44921875,24344.599609375,24240.55078125,24320.55078125,266300.0,-0.00013562113637344275,-0.0001356303337513403,-0.00036574759337923,0.00023021065599919575
2024-07-09,24351.0,24443.599609375,24331.900390625,24433.19921875,250500.0,0.004631820986013446,0.00462112711188291,0.003375599308036631,0.0012519954430256948
2024-07-10,24459.849609375,24461.05078125,24141.80078125,24324.44921875,292300.0,-0.004450911197766749,-0.004460845993233708,-0.005535618280052858,0.0010907450304153592
2024-07-11,24396.55078125,24402.650390625,24193.75,24315.94921875,306400.0,-0.0003494426502141934,-0.0003495037195243165,-0.003303809756662259,0.002964160127597956
2024-07-12,24387.94921875,24592.19921875,24331.150390625,24502.150390625,325800.0,0.007657573644356042,0.007628403248955412,0.00468268860373055,0.0029610195083184694
2024-07-15,24587.599609375,24635.05078125,24522.75,24586.69921875,305400.0,0.003450669707641296,0.0034447298074261035,-3.6619704212878525e-05,0.003487417120037535
2024-07-16,24615.900390625,24661.25,24587.650390625,24613.0,283200.0,0.0010697158254551198,0.0010691440871768358,-0.00011782590029104188,0.00118768166540757
2024-07-18,24543.80078125,24837.75,24504.44921875,24800.849609375,350900.0,0.007632129743428306,0.007603152387120198,0.010473065293186782,-0.0028114906248730346
2024-07-19,24853.80078125,24854.80078125,24508.150390625,24530.900390625,343800.0,-0.010884676251089243,-0.010944347737899481,-0.012991992390499882,0.002135054754534855
2024-07-22,24445.75,24595.19921875,24362.30078125,24509.25,324200.0,-0.0008825762723847497,-0.0008829659721330775,0.0025975885378849086,-0.0034711481955037415
2024-07-23,24568.900390625,24582.55078125,24074.19921875,24479.05078125,436400.0,-0.0012321559717249908,-0.0012329157000276177,-0.003657046426436114,0.0024337909411752704
2024-07-24,24444.94921875,24504.25,24307.25,24413.5,366600.0,-0.002677831825905974,-0.00268142363114976,-0.001286532382152691,-0.0013930917013383734
2024-07-25,24230.94921875,24426.150390625,24210.80078125,24406.099609375,391800.0,-0.0003031269840456652,-0.0003031729363163769,0.007228375126529008,-0.007477452280500543
2024-07-26,24423.349609375,24861.150390625,24410.900390625,24834.849609375,383800.0,0.01756732976027453,0.01741480789992859,0.016848630780850964,0.0007067905267982205
2024-07-29,24943.30078125,24999.75,24774.599609375,24836.099609375,355000.0,5.03324972633834e-05,5.0331230625744864e-05,-0.00429779413779846,0.004366894649285912
2024-07-30,24839.400390625,24971.75,24798.650390625,24857.30078125,385000.0,0.0008536433743000504,0.0008532792280141148,0.000720645037460568,0.00013290256126827733
2024-07-31,24886.69921875,24984.599609375,24856.5,24951.150390625,333600.0,0.00377553501085659,0.0037684255675633532,0.0025897838563678044,0.0011826882475580536
2024-08-01,25030.94921875,25078.30078125,24956.400390625,25010.900390625,431300.0,0.0023946791656728195,0.002391816490734086,-0.0008009615596192402,0.0031982023624443044
2024-08-02,24789.0,24851.900390625,24686.849609375,24717.69921875,345000.0,-0.011722935491954689,-0.011792190883304469,-0.002876307283472508,-0.00887214723018034
2024-08-05,24302.849609375,24350.05078125,23893.69921875,24055.599609375,487000.0,-0.02678645789462286,-0.02715175314145156,-0.010173704070679083,-0.016783504229241096
2024-08-06,24189.849609375,24382.599609375,23960.400390625,23992.55078125,312300.0,-0.0026209626510589334,-0.0026244033870099497,-0.008156265181927176,0.005580821188413853
2024-08-07,24289.400390625,24337.69921875,24184.900390625,24297.5,317600.0,0.012710162480444431,0.012630066341245293,0.0003334627139715731,0.012372573974376487
2024-08-08,24248.55078125,24340.5,24079.69921875,24117.0,311900.0,-0.007428747813561065,-0.007456478381555143,-0.0054250986971031935,-0.002014578403127894
2024-08-09,24386.849609375,24419.75,24311.19921875,24367.5,215100.0,0.010386864037815746,0.010333291215294636,-0.0007934444048714459,0.011189186440063026
2024-08-12,24320.05078125,24472.80078125,24212.099609375,24347.0,279900.0,-0.0008412844977941925,-0.0008416385761983504,0.0011081070098248728,-0.0019472337642351494
2024-08-13,24342.349609375,24359.94921875,24116.5,24139.0,239700.0,-0.008543146999630324,-0.00857984886239657,-0.008353737935662698,-0.00019100466689941266
2024-08-14,24184.400390625,24196.5,24099.69921875,24143.75,303300.0,0.00019677699987563635,0.0001967576418212346,-0.001680851704752539,0.0018807900337627905
2024-08-16,24334.849609375,24563.900390625,24204.5,24541.150390625,271600.0,0.016459762490292462,0.016325768935141063,0.00847758603655075,0.007915075718353612
2024-08-19,24636.349609375,24638.80078125,24522.94921875,24572.650390625,243600.0,0.0012835584110202358,0.0012827353541420893,-0.002585578616961995,0.0038791669190197044
2024-08-20,24648.900390625,24734.30078125,24607.19921875,24698.849609375,238300.0,0.005135759339910173,0.0051226163083365125,0.002026427871362479,0.003103043374966627
2024-08-21,24680.55078125,24787.94921875,24654.5,24770.19921875,257100.0,0.0028887826964991703,0.0028846181820890576,0.003632351574913255,-0.0007408777499521383
2024-08-22,24863.400390625,24867.349609375,24784.44921875,24811.5,220300.0,0.001667357653657442,0.0016659691560852782,-0.0020874212621604877,0.003762633116186269
2024-08-23,24845.400390625,24858.400390625,24771.650390625,24823.150390625,206800.0,0.00046955607782672715,0.0004694458708691634,-0.0008955379929556567,0.0013663176601575882
2024-08-26,24906.099609375,25043.80078125,24874.69921875,25010.599609375,210300.0,0.007551387144671073,0.007523018148105455,0.004195759337630881,0.003341607227313402
2024-08-27,25024.80078125,25073.099609375,24973.650390625,25017.75,223300.0,0.0002858944102370753,0.0002858535502177548,-0.00028175174346574,0.0005678061340711247
2024-08-28,25030.80078125,25129.599609375,24964.650390625,25052.349609375,220400.0,0.0013830024432652799,0.0013820469762269526,0.0008608924785635198,0.000521660870781745
2024-08-29,25035.30078125,25192.900390625,24998.5,25151.94921875,354000.0,0.00397565940632294,0.003967777356455909,0.004659358340418381,-0.0006805281097713905
2024-08-30,25249.69921875,25268.349609375,25199.400390625,25235.900390625,638200.0,0.003337760073577778,0.003332202116407902,-0.00054649475249009,0.0038863787116399868
2024-09-02,25333.599609375,25333.650390625,25235.5,25278.69921875,222800.0,0.001695950113232314,0.0016945136137639853,-0.0021670979044242675,0.003871437802405288
2024-09-03,25313.400390625,25321.69921875,25235.80078125,25279.849609375,212100.0,4.550829989491412e-05,4.550726442364936e-05,-0.0013254158166133134,0.0013727435725514332
2024-09-04,25089.94921875,25216.0,25083.80078125,25198.69921875,253800.0,-0.0032100820170585243,-0.003215245383183467,0.004334404946452817,-0.007511927228972742
2024-09-05,25250.5,25275.44921875,25127.75,25145.099609375,222200.0,-0.0021270784221717465,-0.0021293438665674616,-0.004174190238807152,0.0020556926689079156
2024-09-06,25093.69921875,25168.75,24801.30078125,24852.150390625,311700.0,-0.011650350298901935,-0.011718747382249265,-0.009625875643895294,-0.0020441514022014884
2024-09-09,24823.400390625,24957.5,24753.150390625,24936.400390625,254400.0,0.003390048695012693,0.003384315433638339,0.004552156361409554,-0.0011568415428085204
2024-09-10,24999.400390625,25130.5,24896.80078125,25041.099609375,251300.0,0.0041986500501236534,0.0041898603137641086,0.0016680087561475108,0.0025264271912992403
2024-09-11,25034.0,25113.69921875,24885.150390625,24918.44921875,279200.0,-0.004897963449619458,-0.004909997784499106,-0.004615753824798274,-0.0002835182753852397
2024-09-12,25059.650390625,25433.349609375,24941.44921875,25388.900390625,380100.0,0.01887963282727112,0.018703624424743968,0.01313865097348584,0.005666531277105019
2024-09-13,25430.44921875,25430.5,25292.44921875,25356.5,250800.0,-0.0012761636040355961,-0.0012769785942554214,-0.002907900608199908,0.0016364957712127677
2024-09-16,25406.650390625,25445.69921875,25336.19921875,25383.75,168700.0,0.0010746751326089488,0.0010740980826790941,-0.0009013541837632479,0.0019778120255161398
2024-09-17,25416.900390625,25441.650390625,25352.25,25418.55078125,216000.0,0.0013709866056039743,0.0013700476615561017,6.493280453696647e-05,0.0013059690008371497
2024-09-18,25402.400390625,25482.19921875,25285.55078125,25377.55078125,215700.0,-0.0016129951842196455,-0.0016142974615182065,-0.0009782386307150323,-0.0006353781049119975
2024-09-19,25487.05078125,25611.94921875,25376.05078125,25415.80078125,314500.0,0.0015072376499098983,0.0015061029073179838,-0.0027955372558215452,0.004314837193859669
2024-09-20,25525.94921875,25849.25,25426.599609375,25790.94921875,533100.0,0.014760441377741573,0.014652566289984728,0.010381592383853257,0.004333856660588079
2024-09-23,25872.55078125,25956.0,25847.349609375,25939.05078125,209200.0,0.005742385099666292,0.005725960454112572,0.0025702916021791314,0.0031639611945990624
2024-09-24,25921.44921875,26011.55078125,25886.849609375,25940.400390625,384100.0,5.2030021699067674e-05,5.20286681844374e-05,0.0007311000135475402,-0.0006785738864709444
2024-09-25,25899.44921875,26032.80078125,25871.349609375,26004.150390625,278500.0,0.0024575565157058943,0.0024545416621303915,0.004042602257317549,-0.00157866383164232
2024-09-26,26005.400390625,26250.900390625,25998.400390625,26216.05078125,370900.0,0.008148714241454025,0.008115692736807522,0.008100255618480687,4.806924976293974e-05
2024-09-27,26248.25,26277.349609375,26151.400390625,26178.94921875,490300.0,-0.0014152231703233875,-0.0014162255444679923,-0.002640205775623137,0.0012282253730233551
2024-09-30,26061.30078125,26134.69921875,25794.099609375,25810.849609375,343100.0,-0.014060900852023384,-0.014160691857076434,-0.00961007948057562,-0.004494009156629454
2024-10-01,25788.44921875,25907.599609375,25739.19921875,25796.900390625,247400.0,-0.0005404401234794243,-0.0005405862138807384,0.00032771151934391657,-0.0008678672327339332
2024-10-03,25452.849609375,25639.44921875,25230.30078125,25250.099609375,423400.0,-0.021196375260987388,-0.02142424417261006,-0.007965709266805296,-0.013336903893113976
2024-10-04,25181.900390625,25485.05078125,24966.80078125,25014.599609375,374900.0,-0.009326695880144675,-0.009370461848646757,-0.00664369164577764,-0.002700948503374561
2024-10-07,25084.099609375,25143.0,24694.349609375,24795.75,374300.0,-0.008748875168602677,-0.008787371273170997,-0.011495314317251053,0.002778377470969102
2024-10-08,24832.19921875,25044.0,24756.80078125,25013.150390625,333200.0,0.00876764730346924,0.008729434677965052,0.007286957159169758,0.001469978474133672
2024-10-09,25065.80078125,25234.05078125,24947.69921875,24981.94921875,290600.0,-0.0012473907279866303,-0.0012481693673798233,-0.0033452576772541646,0.0021049084102869953
2024-10-10,25067.05078125,25134.05078125,24979.400390625,24998.44921875,261400.0,0.0006604768849507447,0.0006602588660852999,-0.002736722524666266,0.00340652211542115
2024-10-11,24985.30078125,25028.650390625,24920.05078125,24964.25,210500.0,-0.0013680536120755926,-0.0013689902517646816,-0.0008425266293290883,-0.0005259701265844147
2024-10-14,25023.44921875,25159.75,25017.5,25127.94921875,206400.0,0.006557345754428789,0.006535939888908111,0.004176082964681721,0.002371359794506144
2024-10-15,25186.30078125,25212.05078125,25008.150390625,25057.349609375,257200.0,-0.0028096049048969007,-0.0028135592532655376,-0.005119893270352667,0.00232217766726698
2024-10-16,25008.55078125,25093.400390625,24908.44921875,24971.30078125,226800.0,-0.0034340754096676696,-0.003439985380697183,-0.0014894905476861117,-0.0019474856234093618
2024-10-17,25027.400390625,25029.5,24728.900390625,24749.849609375,252800.0,-0.008868227322834543,-0.008907784090014885,-0.011089876571997769,0.002246563359531637
2024-10-18,24664.94921875,24886.19921875,24567.650390625,24854.05078125,290900.0,0.004210173941240125,0.004201335956550517,0.007666813372404888,-0.003430339657209091
2024-10-21,24956.150390625,24978.30078125,24679.599609375,24781.099609375,242000.0,-0.00293518237799828,-0.002939498473548445,-0.00701433428273294,0.004107966555376332
2024-10-22,24798.650390625,24882.0,24445.80078125,24472.099609375,279500.0,-0.012469180337869368,-0.012547572909439223,-0.013168086815460361,0.0007082325452321866
2024-10-23,24378.150390625,24604.25,24378.099609375,24435.5,284600.0,-0.001495564743491773,-0.0014966842167451323,0.002352500434038453,-0.0038390338487347877
2024-10-24,24412.69921875,24480.650390625,24341.19921875,24399.400390625,216700.0,-0.0014773427748562273,-0.0014784351216731097,-0.0005447504188633894,-0.0009331006629698594
2024-10-25,24418.05078125,24440.25,24073.900390625,24180.80078125,372600.0,-0.008959220549493163,-0.00899959570008371,-0.009716172766016943,0.0007643790554855624
2024-10-28,24251.099609375,24492.599609375,24134.900390625,24339.150390625,278600.0,0.0065485676346082045,0.006527218917237164,0.003630795414157686,0.0029072167113468926
2024-10-29,24328.849609375,24484.5,24140.849609375,24466.849609375,332000.0,0.0052466588480091225,0.0052329430871703615,0.005672278065577848,-0.00042321860396440437
2024-10-30,24371.44921875,24498.19921875,24307.30078125,24340.849609375,285200.0,-0.005149825253829232,-0.00516313130612327,-0.0012555514897923431,-0.003899169371950743
2024-10-31,24349.849609375,24372.44921875,24172.599609375,24205.349609375,287000.0,-0.005566773640794054,-0.00558232586918934,-0.005934328232744636,0.00036974880270956547
2024-11-01,24302.75,24368.25,24280.19921875,24304.349609375,38800.0,0.004090004961616156,0.004081663627652918,6.5820097519828e-05,0.004023920009289011
2024-11-04,24315.75,24316.75,23816.150390625,23995.349609375,285500.0,-0.0127137736646451,-0.012795285302364113,-0.013176660831971047,0.0004690679161643761
2024-11-05,23916.5,24229.05078125,23842.75,24213.30078125,289500.0,0.00908305881860727,0.009042055940529129,0.012409875243033053,-0.003286037113799476
2024-11-06,24308.75,24537.599609375,24204.05078125,24484.05078125,351100.0,0.011181870759630508,0.011119815807918394,0.00721142721242351,0.003942015985854882
2024-11-07,24489.599609375,24503.349609375,24179.05078125,24199.349609375,322200.0,-0.011628025706147627,-0.011696159889418445,-0.011851970004805134,0.00022663031434526015
2024-11-08,24207.69921875,24276.150390625,24066.650390625,24148.19921875,298700.0,-0.002113709312467793,-0.0021159463488489003,-0.0024578957075736653,0.0003450344538088454
2024-11-11,24087.25,24336.80078125,24004.599609375,24141.30078125,273400.0,-0.00028567088740283353,-0.00028571169910344984,0.002243958162513363,-0.0025239653772060836
2024-11-12,24225.80078125,24242.0,23839.150390625,23883.44921875,255800.0,-0.010680930776533315,-0.010738381367723213,-0.014131692305707775,0.0035002256409327054
2024-11-13,23822.44921875,23873.599609375,23509.599609375,23559.05078125,304600.0,-0.013582562322921432,-0.013675649189030194,-0.011056732037975603,-0.00255406995201142
2024-11-14,23542.150390625,23675.900390625,23484.150390625,23532.69921875,257700.0,-0.0011185324376894457,-0.0011191584619590343,-0.00040145745899081777,-0.0007173629694134602
2024-11-18,23605.30078125,23606.80078125,23350.400390625,23453.80078125,263300.0,-0.0033527151631265184,-0.003358348106569627,-0.006418049971230972,0.0030851353610194324
2024-11-19,23529.55078125,23780.650390625,23464.80078125,23518.5,297500.0,0.002758581406631766,0.002754783503889256,-0.0004696554283053308,0.0032297537062972704
2024-11-21,23488.44921875,23507.30078125,23263.150390625,23349.900390625,420300.0,-0.007168807933116472,-0.007194627306794726,-0.005898594106178851,-0.0012777507600399685
2024-11-22,23411.80078125,23956.099609375,23359.0,23907.25,367600.0,0.023869464111237804,0.02358904203763299,0.021162371206694806,0.0026509916354869353
2024-11-25,24253.55078125,24351.55078125,24135.44921875,24221.900390625,687200.0,0.013161295867362366,0.013075438521712217,-0.0013049796671202622,0.014485178397766368
2024-11-26,24343.30078125,24343.30078125,24125.400390625,24194.5,230700.0,-0.0011312238174179257,-0.0011318641340202825,-0.006112596750421422,0.0050120093249160415
2024-11-27,24204.80078125,24354.55078125,24145.650390625,24274.900390625,295000.0,0.003323085437806128,0.0033175761911502914,0.002896103546090821,0.00042574887887743084
2024-11-28,24274.150390625,24345.75,23873.349609375,23914.150390625,366700.0,-0.014861029054492936,-0.0149725605075969,-0.014830591151772578,-3.0896110300401114e-05
2024-11-29,23927.150390625,24188.44921875,23927.150390625,24131.099609375,282100.0,0.009072001940535257,0.009031098528695802,0.008523757130306257,0.0005436112003835334
2024-12-02,24140.849609375,24301.69921875,24008.650390625,24276.05078125,220400.0,0.006006820004948565,0.005988850983542634,0.0056005142346976546,0.0004040429221141708
2024-12-03,24367.5,24481.349609375,24280.0,24457.150390625,339500.0,0.007460011144599932,0.007432322879372628,0.003679096773366164,0.0037670550112966594
2024-12-04,24488.75,24573.19921875,24366.30078125,24467.44921875,348000.0,0.00042109681465385407,0.0004210081782723239,-0.0008698190495635751,0.0012920397049655005
2024-12-05,24539.150390625,24857.75,24295.55078125,24708.400390625,361500.0,0.009847825562885104,0.009799651742121284,0.006897141804251735,0.0029304718785337727
2024-12-06,24729.44921875,24751.05078125,24620.5,24677.80078125,226700.0,-0.0012384293961259507,-0.0012391968835286232,-0.0020885397423586723,0.0008518895514169531
2024-12-09,24633.900390625,24705.0,24580.05078125,24619.0,248100.0,-0.0023827399277279726,-0.002385583169878571,-0.0006048733813452736,-0.0017789425813970901
2024-12-10,24652.650390625,24677.80078125,24510.650390625,24610.05078125,261000.0,-0.0003635086213900074,-0.00036357470666444975,-0.0017279930839079248,0.001366846363580974
2024-12-11,24620.5,24691.75,24583.849609375,24641.80078125,187300.0,0.0012901233029631864,0.0012892918089711122,0.0008651644462947544,0.00042459151518537666
2024-12-12,24604.44921875,24675.25,24527.94921875,24548.69921875,266100.0,-0.003778196379659149,-0.003785351792322941,-0.002265850355126637,-0.0015157805564445957
2024-12-13,24498.349609375,24792.30078125,24180.80078125,24768.30078125,310100.0,0.008945547808588916,0.008905773422254015,0.011019157460782395,-0.00205100925822349
2024-12-16,24753.400390625,24781.25,24601.75,24668.25,187600.0,-0.004039468921733236,-0.004047649614185296,-0.0034399472105355474,-0.0006015911530063392
2024-12-17,24584.80078125,24624.099609375,24303.44921875,24336.0,264900.0,-0.013468730047733413,-0.01356025614827435,-0.01012010564835457,-0.003382859292815664
2024-12-18,24297.94921875,24394.44921875,24149.849609375,24198.849609375,235300.0,-0.005635699812006956,-0.005651640286891943,-0.0040785174288918095,-0.0015635593873274162
2024-12-19,23877.150390625,24004.900390625,23870.30078125,23951.69921875,271100.0,-0.010213311567061067,-0.01026582529903898,0.0031221827942362196,-0.013293988100383453
2024-12-20,23960.69921875,24065.80078125,23537.349609375,23587.5,442700.0,-0.01520556915080562,-0.015322359236337606,-0.015575472791627043,0.00037575622162767356
2024-12-23,23738.19921875,23869.55078125,23647.19921875,23753.44921875,189800.0,0.0070354729729729115,0.007010839504245724,0.0006424244678153404,0.0063889440911499736
2024-12-24,23769.099609375,23867.650390625,23685.150390625,23727.650390625,177700.0,-0.0010861087115143775,-0.0010866989549987555,-0.0017438278870963886,0.0006588681281978292
2024-12-26,23775.80078125,23854.5,23653.599609375,23750.19921875,177700.0,0.0009503186263191132,0.0009498673594489271,-0.0010767907560947359,0.002029294507981483
2024-12-27,23801.400390625,23938.849609375,23800.599609375,23813.400390625,176800.0,0.002661079652128029,0.002657545248501766,0.000504172015220021,0.002155820732424777
2024-12-30,23796.900390625,23915.349609375,23599.30078125,23644.900390625,364900.0,-0.007075847935867907,-0.007101000468431965,-0.006387386487522625,-0.0006928871865983414
2024-12-31,23560.599609375,23689.849609375,23460.44921875,23644.80078125,193600.0,-4.212721278373799e-06,-4.2127301519090045e-06,0.0035738127751848685,-0.0035652838395303426
2025-01-01,23637.650390625,23822.80078125,23562.80078125,23742.900390625,154900.0,0.004148887118253564,0.004140304217561321,0.004452642215308486,-0.0003024085798460252
2025-01-02,23783.0,24226.69921875,23751.55078125,24188.650390625,283200.0,0.018774033191665485,0.018599976157659907,0.01705631714354791,0.001688909472527355
2025-01-03,24196.400390625,24196.44921875,23976.0,24004.75,312300.0,-0.007602755327609123,-0.007631803596810856,-0.007920615774702412,0.00032039819811541584
2025-01-06,24045.80078125,24089.94921875,23551.900390625,23616.05078125,278100.0,-0.016192595996625703,-0.016325128725884954,-0.017872143411214764,0.001710110759328883
2025-01-07,23679.900390625,23795.19921875,23637.80078125,23707.900390625,262300.0,0.0038892874268343647,0.0038817437019732417,0.001182437406328168,0.0027036531199235688
2025-01-08,23746.650390625,23751.849609375,23496.150390625,23688.94921875,266400.0,-0.0007993610384197103,-0.0007996806978147784,-0.0024298657253058304,0.0016344762446919685
2025-01-09,23674.75,23689.5,23503.05078125,23526.5,269200.0,-0.006857594959147506,-0.006881216315863482,-0.0062619457438832515,-0.0005994026420876955
2025-01-10,23551.900390625,23596.599609375,23344.349609375,23431.5,261000.0,-0.004037999702463213,-0.004046174437066828,-0.005112130597874226,0.0010796502082757742
2025-01-13,23195.400390625,23340.94921875,23047.25,23085.94921875,316500.0,-0.014747275302477436,-0.014857097422370331,-0.004718658442267607,-0.010076162831018073
2025-01-14,23165.900390625,23264.94921875,23134.150390625,23176.05078125,311200.0,0.003902874499386977,0.003895278043635164,0.00043816085081276436,0.003463196211575527
2025-01-15,23250.44921875,23293.650390625,23146.44921875,23213.19921875,228000.0,0.0016028803979861728,0.0016015971562733668,-0.0016021195827029553,0.00321014301367471
2025-01-16,23377.25,23391.650390625,23272.05078125,23311.80078125,299400.0,0.004247650725383689,0.004238654922064901,-0.002799697087980836,0.00706713364685602
2025-01-17,23277.099609375,23292.099609375,23100.349609375,23203.19921875,272900.0,-0.004658651792672774,-0.004669537131428157,-0.0031748109457432638,-0.0014885667649884272
2025-01-20,23290.400390625,23391.099609375,23170.650390625,23344.75,301500.0,0.006100485537167577,0.006081952909099664,0.00233356268949662,0.0037581529621369897
2025-01-21,23421.650390625,23426.30078125,22976.849609375,23024.650390625,312900.0,-0.013711845677293555,-0.013806721311582606,-0.01695012919153244,0.0032941192612900116
2025-01-22,23099.150390625,23169.55078125,22981.30078125,23155.349609375,276000.0,0.0056764909144164655,0.0056604403518015324,0.002432956095770906,0.003235662593614639
2025-01-23,23128.30078125,23270.80078125,23090.650390625,23205.349609375,275600.0,0.0021593282262408753,0.0021570002277194853,0.0033313657087797434,-0.0011681459611410329
2025-01-24,23183.900390625,23347.30078125,23050.0,23092.19921875,264300.0,-0.004876047658393667,-0.00488797436469754,-0.003955381550555734,-0.0009243221546351743
2025-01-27,22940.150390625,23007.44921875,22786.900390625,22829.150390625,257400.0,-0.011391241935562957,-0.011456619090824587,-0.0048386779558935505,-0.0065844238863807325
2025-01-28,22960.44921875,23137.94921875,22857.650390625,22957.25,361900.0,0.005611229817278129,0.005595545512054291,-0.00013933606958297002,0.005751367259769731
2025-01-29,23026.75,23183.349609375,22976.5,23163.099609375,226300.0,0.008966649288351114,0.008926687592645893,0.005921357090123444,0.0030273660826100686
2025-01-30,23169.5,23322.05078125,23139.19921875,23249.5,361900.0,0.003730087599762788,0.003723148074350194,0.0034528151233302403,0.0002763184000818921
2025-01-31,23296.75,23546.80078125,23277.400390625,23508.400390625,304900.0,0.011135740150325812,0.011074194280356322,0.009084974969684613,0.0020323017699305362
2025-02-01,23528.599609375,23632.44921875,23318.30078125,23482.150390625,281000.0,-0.0011166221250199504,-0.001117246011978889,-0.0019741599381670064,0.0008592340786425995
2025-02-03,23319.349609375,23381.599609375,23222.0,23361.05078125,329700.0,-0.005157091976693451,-0.005170435671733403,0.0017882647918377199,-0.006932958802401525
2025-02-04,23509.900390625,23762.75,23423.150390625,23739.25,376700.0,0.016189306820631133,0.016059657410686868,0.009755447941687466,0.006371700090411574
2025-02-05,23801.75,23807.30078125,23680.44921875,23696.30078125,267000.0,-0.001809207062143936,-0.0018108456539069108,-0.004430313684918126,0.002632770622492286
2025-02-06,23761.94921875,23773.55078125,23556.25,23603.349609375,307000.0,-0.003922602634608197,-0.003930316218479903,-0.006674520171512392,0.0027704086855592737
2025-02-07,23649.5,23694.5,23443.19921875,23559.94921875,368100.0,-0.0018387386257991967,-0.0018404311807618838,-0.003786582433032411,0.0019552475131186277
2025-02-10,23543.80078125,23568.599609375,23316.30078125,23381.599609375,234200.0,-0.007570033692307909,-0.0075988318246352615,-0.006889336746519494,-0.000685419028286716
2025-02-11,23383.55078125,23390.05078125,22986.650390625,23071.80078125,268000.0,-0.013249684936046169,-0.013338245144624153,-0.013332021424649305,8.344903289754673e-05
2025-02-12,23050.80078125,23144.69921875,22798.349609375,23045.25,279700.0,-0.0011507892904301098,-0.001151451956867338,-0.00024080643890320378,-0.0009102020340374249
2025-02-13,23055.75,23235.5,22992.19921875,23031.400390625,265700.0,-0.0006009745771905495,-0.0006011552347958088,-0.0010561187285167473,0.0004556253457870928
2025-02-14,23096.44921875,23133.69921875,22774.849609375,22929.25,254500.0,-0.004435266153706374,-0.00444513112662715,-0.007239174176360645,0.0028243540132921454
2025-02-17,22809.900390625,22974.19921875,22725.44921875,22959.5,207400.0,0.0013192755977626813,0.001318406118349223,0.006558538477287095,-0.0052051248677998626
2025-02-18,22963.650390625,22992.5,22801.5,22945.30078125,210600.0,-0.0006184463402948426,-0.0006186376571162799,-0.0007990719708261758,0.00018077007883446938
2025-02-19,22847.25,23049.94921875,22814.849609375,22932.900390625,207000.0,-0.0005404326900405598,-0.0005405787764224007,0.0037488271290855575,-0.004273240180408673
2025-02-20,22821.099609375,22923.849609375,22812.75,22913.150390625,240800.0,-0.0008612081186238907,-0.0008615791713867465,0.0040335822035580254,-0.0048751261003036625
2025-02-21,22857.19921875,22921.0,22720.30078125,22795.900390625,242800.0,-0.005117148798882476,-0.005130286241460248,-0.0026818171175896272,-0.002441880357835587
2025-02-24,22609.349609375,22668.05078125,22518.80078125,22553.349609375,214300.0,-0.010640105330068539,-0.010697116011174177,-0.002476851433920926,-0.00818352326748719
2025-02-25,22516.44921875,22625.30078125,22513.900390625,22547.55078125,250300.0,-0.00025711604818956513,-0.00025714910818764225,0.0013812818441240266,-0.001636137924703708
2025-02-27,22568.94921875,22613.30078125,22508.400390625,22545.05078125,289200.0,-0.00011087678764998277,-0.00011088293493540093,-0.0010589078502664837,0.0009490360042916247
2025-02-28,22433.400390625,22450.349609375,22104.849609375,22124.69921875,551300.0,-0.018644959666695105,-0.01882096814125905,-0.013760783764373383,-0.004952323758696346
2025-03-03,22194.55078125,22261.55078125,22004.69921875,22119.30078125,282400.0,-0.00024400049223838316,-0.0002440302652016664,-0.0033904718658947287,0.0031571756890056593
2025-03-04,21974.44921875,22105.05078125,21964.599609375,22082.650390625,253300.0,-0.0016569416451024388,-0.001658315891150207,0.004923953760928664,-0.006548650155469073
2025-03-05,22073.05078125,22394.900390625,22067.80078125,22337.30078125,305900.0,0.011531695069225467,0.01146571185468711,0.011971612017694797,-0.00043471273625177853
2025-03-06,22476.349609375,22556.44921875,22245.849609375,22544.69921875,372100.0,0.009284847776867,0.00924200854408832,0.0030409568529976517,0.0062249610857959175
2025-03-07,22508.650390625,22633.80078125,22464.75,22552.5,289800.0,0.00034601398645017767,0.00034595413741610534,0.0019481225490651207,-0.001598993527268657
2025-03-10,22521.849609375,22676.75,22429.05078125,22460.30078125,293900.0,-0.004088203913091726,-0.004096583464717347,-0.002732849619037485,-0.0013590684236780845
2025-03-11,22345.94921875,22522.099609375,22314.69921875,22497.900390625,347900.0,0.0016740474556060647,0.0016726478000064651,0.006799942593062955,-0.0050912747613541046
2025-03-12,22536.349609375,22577.400390625,22329.55078125,22470.5,369700.0,-0.0012179087892316698,-0.001218651042867137,-0.0029219288179487117,0.001709013644936485
2025-03-13,22541.5,22558.05078125,22377.349609375,22397.19921875,287500.0,-0.003262089461738671,-0.00326742167482874,-0.006401560732426857,0.0031596982710665094
2025-03-17,22353.150390625,22577.0,22353.150390625,22508.75,251100.0,0.004980568336268254,0.004968206335327962,0.006960970004490244,-0.001966711448819197
2025-03-18,22662.25,22857.80078125,22599.19921875,22834.30078125,272600.0,0.01446329899483545,0.014359703182661372,0.0075919549581352245,0.0068195701671572165
2025-03-19,22874.94921875,22940.69921875,22807.94921875,22907.599609375,324000.0,0.0032100316461272094,0.0032048904937790478,0.001427342649497002,0.0017801481153028244
2025-03-20,23036.599609375,23216.69921875,22973.94921875,23190.650390625,313700.0,0.012356195589090069,0.012280480863664548,0.0066872187676217335,0.005631318959634967
2025-03-21,23168.25,23402.69921875,23132.80078125,23350.400390625,541000.0,0.0068885519512889015,0.0068649342763162065,0.007862069453886246,-0.0009659233461626213
2025-03-24,23515.400390625,23708.75,23433.5,23658.349609375,311900.0,0.013188177230298859,0.013101970335000056,0.0060789617176576025,0.007066259988682943
2025-03-25,23751.5,23869.599609375,23601.400390625,23668.650390625,338200.0,0.00043539728764163677,0.0004353025297464832,-0.003488184298886386,0.003937315669225196
2025-03-26,23700.94921875,23736.5,23451.69921875,23486.849609375,278600.0,-0.007681079328545448,-0.007710730752587225,-0.009033376992581554,0.0013646248346206237
2025-03-27,23433.94921875,23646.44921875,23412.19921875,23591.94921875,510300.0,0.004474827877002596,0.004464845602965276,0.006742354800085546,-0.002252340841995442
2025-03-28,23600.400390625,23649.19921875,23450.19921875,23519.349609375,295400.0,-0.0030773044101545244,-0.003082049047667123,-0.003434296872446136,0.0003582227054084757
2025-04-01,23341.099609375,23565.150390625,23136.400390625,23165.69921875,314300.0,-0.015036571865236992,-0.015150767296533939,-0.007514658416287726,-0.007578866038410694
2025-04-02,23192.599609375,23350.0,23158.44921875,23332.349609375,341000.0,0.0071938424586863725,0.007168090205371445,0.006025628965866755,0.0011612164334425612
2025-04-03,23150.30078125,23306.5,23145.80078125,23250.099609375,283200.0,-0.0035251486188494496,-0.003531376595912815,0.004310908487453845,-0.00780242158088752
2025-04-04,23190.400390625,23214.69921875,22857.44921875,22904.44921875,466800.0,-0.014866619775066536,-0.014978235581472139,-0.012330583649198193,-0.0025676973326139146
2025-04-07,21758.400390625,22254.0,21743.650390625,22161.599609375,647100.0,-0.03243254628305536,-0.032970136904421674,0.018530738083288773,-0.05003607889365109
2025-04-08,22446.75,22697.19921875,22270.849609375,22535.849609375,468300.0,0.016887318902814252,0.01674631338889978,0.003969376830721597,0.01286686862190097
2025-04-09,22460.30078125,22468.69921875,22353.25,22399.150390625,383800.0,-0.006065856008070525,-0.006084328049671031,-0.0027225989188910922,-0.003352384287014917
2025-04-11,22695.400390625,22923.900390625,22695.400390625,22828.55078125,402200.0,0.019170387409190415,0.018988950673859396,0.005866844749740642,0.01322594807542313
2025-04-15,23368.349609375,23368.349609375,23207.0,23328.55078125,388300.0,0.02190239778210845,0.02166598602930882,-0.0017031082121877089,0.023645777311819476
2025-04-16,23344.099609375,23452.19921875,23273.05078125,23437.19921875,348400.0,0.004657316201027051,0.004646504460063537,0.003988143082529136,0.0006665149614650369
2025-04-17,23401.849609375,23872.349609375,23298.55078125,23851.650390625,505300.0,0.017683476937954135,0.017528943393621495,0.01922073634170376,-0.0015082693561234036
2025-04-21,23949.150390625,24189.55078125,23903.650390625,24125.55078125,406100.0,0.011483498464016417,0.011418063566753105,0.0073656220679148895,0.00408776744599287
2025-04-22,24185.400390625,24242.599609375,24072.0,24167.25,440900.0,0.0017284255654137493,0.0017269335569158489,-0.0007504688916390918,0.002480756187399219
2025-04-23,24357.599609375,24359.30078125,24119.94921875,24328.94921875,415000.0,0.006690840652122221,0.006668556323176313,-0.0011762403145001508,0.007876345441661752
2025-04-24,24277.900390625,24347.849609375,24216.150390625,24246.69921875,358800.0,-0.0033807460922566923,-0.0033864737270896763,-0.0012851676369447684,-0.0020982750905516848
2025-04-25,24289.0,24365.44921875,23847.849609375,24039.349609375,387700.0,-0.00855166336268387,-0.008588438645809417,-0.010278331369138293,0.0017445995790341953
2025-04-28,24070.25,24355.099609375,24054.05078125,24328.5,320500.0,0.012028211882747275,0.011956447831200931,0.010729011954591248,0.0012854087621800422
2025-04-29,24370.69921875,24457.650390625,24290.75,24335.94921875,357600.0,0.0003061930965739812,0.00030614622903455367,-0.0014258926134242597,0.0017345590048708304
2025-04-30,24342.05078125,24396.150390625,24198.75,24334.19921875,424500.0,-7.191007773188485e-05,-7.191266338548166e-05,-0.00032255139760236794,0.0002507221906634716
2025-05-02,24311.900390625,24589.150390625,24238.5,24346.69921875,421100.0,0.0005136803511647248,0.0005135484625769229,0.0014313495681488931,-0.0009163575889449567
2025-05-05,24419.5,24526.400390625,24400.650390625,24461.150390625,291500.0,0.004700890697612925,0.004689876016656186,0.001705620124285919,0.002990170478383957
2025-05-06,24500.75,24509.650390625,24331.80078125,24379.599609375,302400.0,-0.0033338898599493128,-0.0033394596535795407,-0.004944762532779609,0.0016188776383214167
2025-05-07,24233.30078125,24449.599609375,24220.0,24414.400390625,330100.0,0.0014274549954715887,0.001426437150093386,0.00747317136075503,-0.006000870829262587
2025-05-08,24431.5,24447.25,24150.19921875,24273.80078125,411400.0,-0.005758880297096702,-0.005775526588332327,-0.006454749759531752,0.0007003903065981566
2025-05-09,23935.75,24164.25,23935.75,24008.0,335600.0,-0.0109501096942064,-0.011010503428714508,0.0030184974358438738,-0.013926569814774256
2025-05-12,24420.099609375,24944.80078125,24378.849609375,24924.69921875,368700.0,0.038183073090219954,0.0374721401846667,0.02066329038155445,0.01716509535883872
2025-05-13,24864.05078125,24973.80078125,24547.5,24578.349609375,423000.0,-0.01389583907654357,-0.013993290077199355,-0.011490532029095094,-0.0024332665749633702
2025-05-14,24613.80078125,24767.55078125,24535.55078125,24666.900390625,345500.0,0.0036027960647213586,0.003596321541244558,0.0021573104392495763,0.0014423739770337445
2025-05-15,24694.44921875,25116.25,24494.44921875,25062.099609375,500800.0,0.01602143814146184,0.015894449466611917,0.014887976944464525,0.0011168338011155353
2025-05-16,25064.650390625,25070.0,24953.05078125,25019.80078125,432700.0,-0.0016877607536591732,-0.0016891866264205442,-0.0017893570696591572,0.00010177843396033057
2025-05-19,25005.349609375,25062.94921875,24916.650390625,24945.44921875,255300.0,-0.0029717088137536374,-0.002976133107706799,-0.0023955030247824315,-0.0005775894061406676
2025-05-20,24996.19921875,25010.349609375,24669.69921875,24683.900390625,414800.0,-0.010484831354666824,-0.010540184450815589,-0.012493852581025209,0.0020344392099322975
2025-05-21,24744.25,24946.19921875,24685.349609375,24813.44921875,332700.0,0.00524831270888626,0.0052345883147392296,0.0027965777402830963,0.002444897622335282
2025-05-22,24733.94921875,24737.5,24462.400390625,24609.69921875,403300.0,-0.008211272774042211,-0.008245170966734258,-0.005023459816348702,-0.0032039076590741253
2025-05-23,24639.5,24909.05078125,24614.05078125,24853.150390625,270500.0,0.009892488718005854,0.009843878373448323,0.0086710521976907,0.001210936427345481
2025-05-26,24919.349609375,25079.19921875,24900.5,25001.150390625,302800.0,0.005954979456279652,0.0059373186446142635,0.003282621036755527,0.0026636147816081856
2025-05-27,24956.650390625,25062.900390625,24704.099609375,24826.19921875,525700.0,-0.0069977248703164685,-0.00702232377173064,-0.005227110603112193,-0.0017799180959563658
2025-05-28,24832.5,24864.25,24737.05078125,24752.44921875,684400.0,-0.0029706520659956714,-0.002975073210803887,-0.0032236295681063124,0.0002537956452569402
2025-05-29,24825.099609375,24892.599609375,24677.30078125,24833.599609375,345400.0,0.003278479228775888,0.003273116733106363,0.00034239540359346806,0.002935078867668872
2025-05-30,24812.599609375,24863.94921875,24717.400390625,24750.69921875,853900.0,-0.00333823496911434,-0.0033438193068198903,-0.002494716055532208,-0.0008456285166195654
2025-06-02,24669.69921875,24754.400390625,24526.150390625,24716.599609375,311100.0,-0.0013777230725331435,-0.001378673005562118,0.001901133459679709,-0.0032726348166615873
2025-06-03,24786.30078125,24845.099609375,24502.150390625,24542.5,349300.0,-0.007043833380258491,-0.007068758288164619,-0.009836110010995552,0.0028200146046207086
2025-06-04,24560.44921875,24644.25,24530.44921875,24620.19921875,280900.0,0.003165904807986175,0.0031609038835467354,0.0024327730925371473,0.0007313525007639808
2025-06-05,24691.19921875,24899.849609375,24613.099609375,24750.900390625,388400.0,0.005308696762106768,0.005294655304090157,0.0024179130120850563,0.0028838109460108895
2025-06-06,24748.69921875,25029.5,24671.44921875,25003.05078125,335600.0,0.01018752395450262,0.010135980900817266,0.010277370953997424,-8.893300204277606e-05
2025-06-09,25160.099609375,25160.099609375,25077.150390625,25103.19921875,279200.0,0.004005448710087123,0.003997448256890138,-0.002261532804257982,0.006281186623944797
2025-06-10,25196.05078125,25199.30078125,25055.44921875,25104.25,307300.0,4.18584595869298e-05,4.18575835460567e-05,-0.0036434591296472087,0.003698793993980162
2025-06-11,25134.150390625,25222.400390625,25081.30078125,25141.400390625,301200.0,0.0014798446727146697,0.001478750781646587,0.0002884521611959575,0.0011910489508748518
2025-06-12,25164.44921875,25196.19921875,24825.900390625,24888.19921875,328300.0,-0.010071084662786611,-0.010122141121121413,-0.01097778845062766,0.0009167678715937676
2025-06-13,24473.0,24754.349609375,24473.0,24718.599609375,318700.0,-0.006814458847919758,-0.006837783295332098,0.010035533419482694,-0.01668257374110063
2025-06-16,24732.349609375,24967.099609375,24703.599609375,24946.5,305800.0,0.00921979376770854,0.00917755091754434,0.00865871597350478,0.0005562612857236885
2025-06-17,24977.849609375,24982.05078125,24813.69921875,24853.400390625,242400.0,-0.0037319707924959866,-0.0037389519699400583,-0.0049823832193821105,0.0012566736566251779
2025-06-18,24788.349609375,24947.55078125,24750.44921875,24812.05078125,237600.0,-0.0016637405234334324,-0.0016651260767121068,0.0009561415845948927,-0.002617379522624113
2025-06-19,24803.25,24863.099609375,24733.400390625,24793.25,274600.0,-0.0007577278241026608,-0.0007580150449296773,-0.00040317297128400514,-0.0003546978574076829
2025-06-20,24787.650390625,25136.19921875,24783.650390625,25112.400390625,574700.0,0.01287247095983779,0.012790324902965947,0.01310128208532522,-0.00022585217246629628
2025-06-23,24939.75,25057.0,24824.849609375,24971.900390625,248500.0,-0.0055948454872697395,-0.005610555258512813,0.0012891224100081197,-0.006875105045292847
2025-06-24,25179.900390625,25317.69921875,24999.69921875,25044.349609375,450200.0,0.0029012296868362597,0.0028970292423300638,-0.0053832929895333646,0.008329362072823572
2025-06-25,25150.349609375,25266.80078125,25125.05078125,25244.75,260600.0,0.008001820520425307,0.00796997571939643,0.0037534424805693942,0.0042324916259881785
2025-06-26,25268.94921875,25565.30078125,25259.900390625,25549.0,428900.0,0.012052010814129765,0.011979963629751521,0.01108280280377458,0.0009585842105784371
2025-06-27,25576.650390625,25654.19921875,25523.55078125,25637.80078125,564000.0,0.003475704773181043,0.00346967847107354,0.0023908678302696895,0.0010822494275705508
2025-06-30,25661.650390625,25669.349609375,25473.30078125,25517.05078125,271000.0,-0.004709842354665206,-0.004720968611190444,-0.005634852286345026,0.0009302517629531711
2025-07-01,25551.349609375,25593.400390625,25501.80078125,25541.80078125,260700.0,0.0009699396772837598,0.0009694695897414579,-0.0003737113017895719,0.0013441533043545486
2025-07-02,25588.30078125,25608.099609375,25378.75,25453.400390625,309800.0,-0.0034610085397696055,-0.0034670116851196766,-0.005271955796449335,0.0018205450899192364
2025-07-03,25505.099609375,25587.5,25384.349609375,25405.30078125,293400.0,-0.00188971251922454,-0.0018915002785163046,-0.003912897014850967,0.002031132106382213
2025-07-04,25428.849609375,25470.25,25331.650390625,25461.0,193500.0,0.0021924250859925998,0.0021900252291445488,0.0012643273729986955,0.0009269257753633784
2025-07-07,25450.44921875,25489.80078125,25407.25,25461.30078125,196100.0,1.1813410706551508e-05,1.181334092876479e-05,0.00042637999851120016,-0.00041438990023958213
2025-07-08,25427.849609375,25548.05078125,25424.150390625,25522.5,210400.0,0.0024036171315751087,0.0024007330644550996,0.0037223120349942343,-0.0013138045130684697
2025-07-09,25514.599609375,25548.69921875,25424.349609375,25476.099609375,239100.0,-0.00181801902732881,-0.0018196736296237606,-0.0015089400025644019,-0.00030954611127436576
2025-07-10,25511.650390625,25524.05078125,25340.44921875,25355.25,219600.0,-0.004743646446198069,-0.004754933244868607,-0.006130547739180131,0.0013954562038577365
2025-07-11,25255.5,25322.44921875,25129.0,25149.849609375,250000.0,-0.008100901810276007,-0.00813389240519248,-0.004183262680406248,-0.003934096488892833
2025-07-14,25149.5,25151.099609375,25001.94921875,25082.30078125,259500.0,-0.002685854157148504,-0.0026894675348791744,-0.002671990248315076,-1.3901052309659842e-05
2025-07-15,25089.5,25245.19921875,25088.44921875,25195.80078125,241300.0,0.004525103218794291,0.004514895720960817,0.004236863279459535,0.0002870238584883607
2025-07-16,25196.599609375,25255.30078125,25121.05078125,25212.05078125,228800.0,0.0006449487413033861,0.0006447408512447503,0.0006132244872141803,3.1704811922249566e-05
2025-07-17,25230.75,25238.349609375,25101.0,25111.44921875,243400.0,-0.003990217351728331,-0.003998199509757984,-0.0047283882266678555,0.0007416778155907277
2025-07-18,25108.55078125,25144.599609375,24918.650390625,24968.400390625,317000.0,-0.0056965580472427835,-0.005712845317742711,-0.005581779364568439,-0.00011542294810431808
2025-07-21,24999.0,25111.400390625,24882.30078125,25090.69921875,305200.0,0.004898144302865282,0.004886187422514114,0.0036681154746189847,0.001225533430106695
2025-07-22,25166.650390625,25182.0,25035.55078125,25060.900390625,483700.0,-0.0011876443882732346,-0.0011883501967580668,-0.004201989472520096,0.0030270647785790895
2025-07-23,25139.349609375,25233.5,25085.5,25219.900390625,271500.0,0.006344544590244583,0.006324502693684897,0.0032041712495203493,0.0031303431850895095
2025-07-24,25243.30078125,25246.25,25018.69921875,25062.099609375,338700.0,-0.006256994627491075,-0.006276651657225533,-0.0071781885200049205,0.0009278542049158383
2025-07-25,25010.349609375,25010.349609375,24806.349609375,24837.0,278100.0,-0.008981674037030651,-0.009022252428611252,-0.006931115001687973,-0.0020648708929654814
2025-07-28,24782.44921875,24889.19921875,24646.599609375,24680.900390625,262100.0,-0.006284962329387578,-0.006304795850755804,-0.004097610661022552,-0.0021963514615291704
2025-07-29,24609.650390625,24847.150390625,24598.599609375,24821.099609375,284700.0,0.005680474234370125,0.005664401180259817,0.008592126072239985,-0.0028868476786634654
2025-07-30,24890.400390625,24902.30078125,24771.94921875,24855.05078125,243900.0,0.001367835124523431,0.001366900490246142,-0.0014202105558862152,0.0027920109237958538
2025-07-31,24642.25,24956.5,24635.0,24768.349609375,346300.0,-0.0034882717656889994,-0.003494369971240235,0.005117211674055737,-0.008561671554118543
2025-08-01,24734.900390625,24784.150390625,24535.05078125,24565.349609375,263400.0,-0.008195943742782208,-0.008229715141942045,-0.0068547185787035956,-0.0013504823404680638
2025-08-04,24596.05078125,24736.25,24554.0,24722.75,259300.0,0.006407415043054421,0.006386974825463857,0.005151201706193623,0.0012497754912180591
2025-08-05,24720.25,24733.099609375,24590.30078125,24649.55078125,251800.0,-0.0029608040671041946,-0.0029651959185494695,-0.0028599718348317673,-0.00010112143673337311
2025-08-06,24641.349609375,24671.400390625,24539.19921875,24574.19921875,225100.0,-0.003056914228121266,-0.003061596134311999,-0.0027251100970318645,-0.00033271080466254694
2025-08-07,24464.19921875,24634.19921875,24344.150390625,24596.150390625,616700.0,0.0008932609229541644,0.0008928622028389917,0.005393643613475367,-0.00447623945019826
2025-08-08,24544.25,24585.5,24337.5,24363.30078125,312600.0,-0.009466912735407229,-0.00951200879308063,-0.007372367000417613,-0.0021101021826888085
2025-08-11,24371.5,24600.849609375,24347.44921875,24585.05078125,241100.0,0.009101804471857822,0.009060632685991908,0.008762315870996861,0.0003365397334137138
2025-08-12,24563.349609375,24702.599609375,24465.650390625,24487.400390625,237000.0,-0.003971941790719136,-0.003979850901478695,-0.0030919732022628033,-0.0008826978666056116
2025-08-13,24586.19921875,24664.55078125,24535.25,24619.349609375,236000.0,0.005388453516712133,0.0053739877432256436,0.0013483332795790066,0.004034680143622968
2025-08-14,24607.25,24673.650390625,24596.900390625,24631.30078125,270200.0,0.00048543816407109475,0.00048532037708285097,0.0009773859838055857,-0.0004914674663213886
2025-08-18,24938.19921875,25022.0,24852.849609375,24876.94921875,363100.0,0.009973019276634965,0.009923616908863717,-0.0024560714854643018,0.012459692657954111
2025-08-19,24891.349609375,25012.650390625,24873.94921875,24980.650390625,252300.0,0.004168564680625764,0.004159900285259885,0.0035876231161192655,0.0005788648157124622
2025-08-20,24965.80078125,25088.69921875,24929.69921875,25050.55078125,287100.0,0.0027981813736617234,0.002794273751954044,0.0033946437665900776,-0.0005944444657282789
2025-08-21,25142.0,25153.650390625,25054.900390625,25083.75,226500.0,0.0013252889742787488,0.0013244115539841486,-0.0023168403468300054,0.0036505871487044713
2025-08-22,25064.150390625,25084.849609375,24859.150390625,24870.099609375,210200.0,-0.008517482060098724,-0.008553963109247331,-0.00774216473432041,-0.0007813667962326208
2025-08-25,24949.150390625,25021.55078125,24894.349609375,24967.75,213000.0,0.003926417350905487,0.003918729092601476,0.0007455007117993513,0.003178547030032848
2025-08-26,24899.5,24919.650390625,24689.599609375,24712.05078125,750500.0,-0.010241179872034878,-0.010293981565065833,-0.00752823224361935,-0.0027335262488610308
2025-08-28,24695.80078125,24702.650390625,24481.599609375,24500.900390625,326600.0,-0.008544430103923584,-0.00858114302373062,-0.007892045791565336,-0.000657573915813151
2025-08-29,24466.69921875,24572.44921875,24404.69921875,24426.849609375,325500.0,-0.0030223697933294824,-0.003026946376657732,-0.0016287284614371416,-0.0013959148982168306
2025-09-01,24432.69921875,24635.599609375,24432.69921875,24625.05078125,229300.0,0.008114070174605414,0.008081328102276956,0.007872710287874648,0.00023947457279775144
2025-09-02,24653.0,24756.099609375,24522.349609375,24579.599609375,271600.0,-0.0018457290617897026,-0.0018474345185382894,-0.0029773411197420194,0.0011349913142628355
2025-09-03,24616.5,24737.05078125,24533.19921875,24715.05078125,340300.0,0.0055107151470170646,0.005495586709857895,0.004003444082221274,0.0015012608509263788
2025-09-04,24980.75,24980.75,24708.19921875,24734.30078125,314100.0,0.0007788776228048189,0.0007785744550393448,-0.009865565235231128,0.010750502643173687
2025-09-05,24818.849609375,24832.349609375,24621.599609375,24741.0,210100.0,0.00027084730671167456,0.0002708106342015157,-0.0031367130467478766,0.0034182825248528065
2025-09-08,24802.599609375,24885.5,24751.55078125,24773.150390625,213200.0,0.0012994782193525012,0.0012986346282709543,-0.001187344037068947,0.0024897784800533528
2025-09-09,24864.099609375,24891.80078125,24814.0,24868.599609375,226900.0,0.003852930178235292,0.0038455266535053208,0.00018098383093282318,0.003671281904638914
2025-09-10,24991.0,25035.69921875,24915.05078125,24973.099609375,244100.0,0.0042020862308871365,0.004193282121674665,-0.0007162734834540434,0.004921885130148516
2025-09-11,24945.5,25037.30078125,24940.150390625,25005.5,224600.0,0.0012974116602184615,0.0012965707489705478,0.0024052434306788798,-0.0011051735590178401
2025-09-12,25074.44921875,25139.44921875,25038.05078125,25114.0,225700.0,0.004339045410009845,0.004329658895022681,0.0015773339986437265,0.002757362130331327
2025-09-15,25118.900390625,25138.44921875,25048.75,25069.19921875,185400.0,-0.0017838966811339896,-0.001785489719644452,-0.001978636449131735,0.00019512585111889784
2025-09-16,25073.599609375,25261.400390625,25070.44921875,25239.099609375,240100.0,0.006777256391098607,0.0067543940269436074,0.00660056803085105,0.00017552976409828107
2025-09-17,25276.599609375,25346.5,25275.349609375,25330.25,268900.0,0.003611475529465391,0.003604969810507005,0.002122531964509232,0.001485789928340816
2025-09-18,25441.05078125,25448.94921875,25329.75,25423.599609375,272200.0,0.0036853015416349333,0.0036785274558399,-0.0006859454047338908,0.004374247441300421
2025-09-19,25410.19921875,25428.75,25286.30078125,25327.05078125,380400.0,-0.0037976065391384095,-0.0038048357551339826,-0.0032722465803670434,-0.0005270847099109672
2025-09-22,25238.099609375,25331.69921875,25151.05078125,25202.349609375,254500.0,-0.004923635718664832,-0.00493579674708062,-0.0014165091886205342,-0.003512101454025271
2025-09-23,25209.0,25261.900390625,25084.650390625,25169.5,299200.0,-0.0013034343973540308,-0.001304284606843299,-0.001566900710063866,0.0002638797861341518
2025-09-24,25108.75,25149.849609375,25027.44921875,25056.900390625,244400.0,-0.00447365300760838,-0.004483689738311146,-0.002065001617961866,-0.002413635550964461
2025-09-25,25034.5,25092.69921875,24878.30078125,24890.849609375,342500.0,-0.006626948212322681,-0.006649003929024595,-0.005738097051069524,-0.0008939809104792974
2025-09-26,24818.55078125,24868.599609375,24629.44921875,24654.69921875,291500.0,-0.009487437927231501,-0.009532730366893805,-0.006601979460613273,-0.0029046348059476863
2025-09-29,24728.55078125,24791.30078125,24606.19921875,24634.900390625,394400.0,-0.0008030448049409777,-0.0008033674181471517,-0.0037871362318575015,0.0029954355494158933
2025-09-30,24691.94921875,24731.80078125,24587.69921875,24611.099609375,303000.0,-0.0009661407544825362,-0.0009666077692868598,-0.003274330781208893,0.002315772632338727
2025-10-01,24620.55078125,24867.94921875,24605.94921875,24836.30078125,308900.0,0.009150390492475902,0.009108779315782467,0.008763004610128638,0.00038402070712028675
2025-10-03,24759.55078125,24904.80078125,24747.55078125,24894.25,365900.0,0.0023332467769816567,0.0023305289834215856,0.00544029332115369,-0.0030902347606428533
2025-10-06,24916.55078125,25095.94921875,24881.650390625,25077.650390625,268800.0,0.007367178791287232,0.007340173682814145,0.0064655662330369325,0.0008958205710153951
2025-10-07,25085.30078125,25220.900390625,25076.30078125,25108.30078125,288000.0,0.0012222193924698033,0.0012214730903828323,0.0009168716054300351,0.00030506807878061867
2025-10-08,25079.75,25192.5,25008.5,25046.150390625,227400.0,-0.0024752925801897474,-0.0024783611817054724,-0.0013397106978737827,-0.001137105274416687
2025-10-09,25074.30078125,25199.25,25024.30078125,25181.80078125,286300.0,0.005416017571936882,0.005401403691044332,0.00428725813484642,0.001123940812698184
2025-10-10,25167.650390625,25330.75,25156.849609375,25285.349609375,232900.0,0.0041120501676790155,0.004103618794970308,0.004676607348051974,-0.0005619292578764333
2025-10-13,25177.30078125,25267.30078125,25152.30078125,25227.349609375,234300.0,-0.0022938183927065925,-0.0022964532241035664,0.001987855193844778,-0.004273179125233014
2025-10-14,25277.55078125,25310.349609375,25060.55078125,25145.5,292100.0,-0.003244479132464395,-0.0032497538671527296,-0.005224033862804091,0.0019899502980822137
2025-10-15,25181.94921875,25365.150390625,25159.349609375,25323.55078125,289900.0,0.007080820872521931,0.007055869574947451,0.005623137481135344,0.0014495324710186712
2025-10-16,25394.900390625,25625.400390625,25376.849609375,25585.30078125,372800.0,0.010336228211479837,0.010283174673804386,0.00749758367610254,0.002817519943839333
2025-10-17,25546.849609375,25781.5,25508.599609375,25709.849609375,422100.0,0.004867983737610659,0.0048561734175648985,0.006380434475966987,-0.0015028618269431744
2025-10-20,25824.599609375,25926.19921875,25788.5,25843.150390625,301100.0,0.005184813729964155,0.0051714188632333265,0.000718337613384162,0.004463269981873284
2025-10-21,25901.19921875,25934.349609375,25825.80078125,25868.599609375,42500.0,0.0009847568259027106,0.000984272270986046,-0.0012586139004483233,0.0022461978221532198
2025-10-23,26057.19921875,26104.19921875,25862.44921875,25891.400390625,448400.0,0.0008814076368377499,0.0008810194252249848,-0.006362879860307319,0.007290677200270629
2025-10-24,25935.099609375,25944.150390625,25718.19921875,25795.150390625,284900.0,-0.0037174505259611745,-0.0037243774174138414,-0.0053961319161238645,0.001687788921831475
2025-10-27,25843.19921875,26005.94921875,25827.0,25966.05078125,266300.0,0.006625291500029773,0.00660344071508198,0.004753728880860369,0.0018627078112505554
2025-10-28,25939.94921875,26041.69921875,25810.05078125,25936.19921875,395200.0,-0.001149638146805021,-0.0011502994876563522,-0.00014456466234287816,-0.0010052188035790121
2025-10-29,25982.0,26097.849609375,25960.30078125,26053.900390625,321900.0,0.0045381040946781415,0.004527837947802368,0.002767315473212224,0.001765901814051819
2025-10-30,25984.400390625,26032.05078125,25845.25,25877.849609375,257400.0,-0.0067571756478100875,-0.006780108726120027,-0.004100567249896704,-0.0026675468531770488
2025-10-31,25863.80078125,25953.75,25711.19921875,25722.099609375,334400.0,-0.006018660837397216,-0.006036845980053782,-0.005478745102990681,-0.0005428900908331427
2025-11-03,25696.849609375,25803.099609375,25645.5,25763.349609375,23300.0,0.0016036793506921665,0.001602394830084992,0.002587865867251632,-0.0009816461479994062
2025-11-04,25744.75,25787.400390625,25578.400390625,25597.650390625,305100.0,-0.006431586779760301,-0.006452358545521922,-0.0057137711329494365,-0.0007219406504592014
2025-11-06,25593.349609375,25679.150390625,25491.55078125,25509.69921875,371900.0,-0.0034359080045569534,-0.0034418242922323408,-0.0032684424626606263,-0.00016801468823775863
2025-11-07,25433.80078125,25551.25,25318.44921875,25492.30078125,305600.0,-0.0006820322478444663,-0.0006822649376453303,0.0023000887874818406,-0.0029752776326038978
2025-11-10,25503.5,25653.44921875,25503.5,25574.349609375,243600.0,0.0032185728871263475,0.0032134043686110675,0.002778034755033623,0.000439317692275042
2025-11-11,25617.0,25715.80078125,25449.25,25694.94921875,297700.0,0.0047156471705849246,0.004704563337770722,0.003042870701096928,0.0016677018683347198
2025-11-12,25834.30078125,25934.55078125,25781.150390625,25875.80078125,312600.0,0.0070384090258497345,0.007013755040664786,0.0016063914541910049,0.005423305619857502
2025-11-13,25906.099609375,26010.69921875,25808.400390625,25879.150390625,385200.0,0.00012944949620363744,0.00012944111834060272,-0.001040265387547862,0.0011709329647859629
2025-11-14,25767.900390625,25940.19921875,25740.80078125,25910.05078125,518900.0,0.001194026471448284,0.0011933141887742222,0.0055165686171589606,-0.004298827369553117
2025-11-17,25948.19921875,26024.19921875,25906.349609375,26013.44921875,281800.0,0.0039906690408659795,0.003982727442351947,0.0025146253676382587,0.0014723412864789287
2025-11-18,26021.80078125,26029.849609375,25876.5,25910.05078125,280000.0,-0.003974806902018679,-0.003982727442351953,-0.0042944760410479135,0.0003210478714210783
2025-11-19,25918.099609375,26074.650390625,25856.19921875,26052.650390625,250100.0,0.005503640675154298,0.005488550984983714,0.005191382982467232,0.000310645015440286
2025-11-20,26132.099609375,26246.650390625,26063.19921875,26192.150390625,240400.0,0.005354541588221684,0.005340256999340202,0.002297970011887469,0.003049563770240807
2025-11-21,26109.55078125,26179.19921875,26052.19921875,26068.150390625,235600.0,-0.0047342428227803435,-0.0047454848460117445,-0.0015856416286844268,-0.0031536016761939873
2025-11-24,26122.80078125,26142.80078125,25912.150390625,25959.5,464700.0,-0.004167936312968079,-0.00417664636992243,-0.006251273843776024,0.0020964429699106752
2025-11-25,25998.5,26032.599609375,25857.5,25884.80078125,260500.0,-0.002877529180069005,-0.002881677226487561,-0.004373299180721965,0.001502340183747761
2025-11-26,25842.94921875,26215.150390625,25842.94921875,26205.30078125,275300.0,0.012381783530362567,0.012305756174877891,0.014021292981417955,-0.0016168392738921805
2025-11-27,26261.25,26310.44921875,26141.900390625,26215.55078125,240300.0,0.0003911422381892571,0.0003910657620054032,-0.001740176828978057,0.002135034404567182
2025-11-28,26237.44921875,26280.75,26172.400390625,26202.94921875,202500.0,-0.0004806903583736144,-0.0004808059270205712,-0.0013149144077369136,0.0008353224268575084
2025-12-01,26325.80078125,26325.80078125,26124.19921875,26175.75,213800.0,-0.0010380212747401751,-0.001038560391932615,-0.005699761329078754,0.004688463175438714
2025-12-02,26087.94921875,26154.599609375,25997.849609375,26032.19921875,254800.0,-0.005484113396941881,-0.005499206353098099,-0.00213700201317209,-0.0033542794857835973
2025-12-03,26004.900390625,26066.44921875,25891.0,25986.0,265700.0,-0.0017746951904364927,-0.0017762718275890193,-0.0007268011159855763,-0.0010486562389756795
2025-12-04,25981.849609375,26098.25,25938.94921875,26033.75,248100.0,0.0018375278996383138,0.0018358417105443499,0.001997563353082948,-0.0001597164097975833
2025-12-05,25999.80078125,26202.599609375,25985.349609375,26186.44921875,249300.0,0.005865433091659877,0.005848298407896911,0.007178841063836277,-0.001304046430114755
2025-12-08,26159.80078125,26178.69921875,25892.25,25960.55078125,320700.0,-0.00862653945989178,-0.008663963433110109,-0.0076166482178569245,-0.0010176422651803898
2025-12-09,25867.099609375,25923.650390625,25728.0,25839.650390625,276000.0,-0.004657081109092687,-0.004667959097577137,-0.0010611633760459016,-0.0035997376427966653
2025-12-10,25864.05078125,25947.650390625,25734.55078125,25758.0,207900.0,-0.0031598875909956137,-0.003164890577820058,-0.004100316000264,0.0009443003390577148
2025-12-11,25771.400390625,25922.80078125,25693.25,25898.55078125,206100.0,0.0054565875164998,0.005441754277616313,0.004933778867183879,0.0005202418908688563
2025-12-12,25971.19921875,26057.599609375,25938.44921875,26046.94921875,216300.0,0.005729990019651465,0.0057136360690816825,0.0029166924238643557,0.0028051159353903276
2025-12-15,25930.05078125,26047.150390625,25904.75,26027.30078125,181600.0,-0.0007543469807149705,-0.0007546316435640039,0.0037504747221830123,-0.004487989611307346
2025-12-16,25951.5,25980.75,25834.349609375,25860.099609375,264400.0,-0.006424068837574293,-0.006444791966669916,-0.0035219694670828275,-0.002912356601519228
2025-12-17,25902.400390625,25929.150390625,25770.349609375,25818.55078125,206500.0,-0.001606677033445636,-0.0016079691231565723,-0.003237136640253162,0.001635754768503088
2025-12-18,25764.69921875,25902.349609375,25726.30078125,25815.55078125,197600.0,-0.00011619552256891819,-0.00011620227379163036,0.0019736912924251523,-0.002085770148613771
2025-12-19,25911.5,25993.349609375,25880.44921875,25966.400390625,382900.0,0.005843362036054733,0.005826355812965194,0.0021187654371611062,0.003716721737337037
2025-12-22,26055.849609375,26180.69921875,26047.80078125,26172.400390625,253000.0,0.00793332910611566,0.00790202570190833,0.004473113830380129,0.0034448062651878026
2025-12-23,26205.19921875,26233.55078125,26119.05078125,26177.150390625,216600.0,0.00018148889399149937,0.00018147242687454733,-0.0010703535543027229,0.0012531837980267412
2025-12-24,26170.650390625,26236.400390625,26123.0,26142.099609375,188800.0,-0.0013389838361685946,-0.0013398810760412456,-0.0010909465689178143,-0.0002483081581839362
2025-12-26,26121.25,26144.19921875,26008.599609375,26042.30078125,142200.0,-0.0038175521330050532,-0.0038248575837020187,-0.0030224135043307654,-0.0007975491520016616
2025-12-29,26063.349609375,26106.80078125,25920.30078125,25942.099609375,234300.0,-0.003847631310177624,-0.0038550524856079535,-0.004652126523153659,0.0008082553189829827
2025-12-30,25940.900390625,25976.75,25878.0,25938.849609375,396900.0,-0.00012527898855285713,-0.00012528683662081574,-7.905590087925974e-05,-4.6226742170345546e-05
2025-12-31,25971.05078125,26187.94921875,25969.0,26129.599609375,246300.0,0.0073538342244390265,0.007326926621050068,0.006104829159991692,0.0012414263685526603
2026-01-01,26173.30078125,26197.55078125,26113.400390625,26146.55078125,425600.0,0.0006487344669803274,0.0006485241297397655,-0.0010220338742740135,0.0016724776700872417
2026-01-02,26155.099609375,26340.0,26118.400390625,26328.55078125,357500.0,0.006960765170238581,0.00693665088228735,0.006631638742175862,0.0003269581596640451
2026-01-05,26333.69921875,26373.19921875,26210.05078125,26250.30078125,338800.0,-0.0029720587604740167,-0.002976484097528138,-0.0031669852688458984,0.00019554579903678114
2026-01-06,26189.69921875,26273.94921875,26124.75,26178.69921875,383000.0,-0.0027276473171363724,-0.0027313741255683985,-0.0004200124601707822,-0.002308604499621061
2026-01-07,26143.099609375,26187.150390625,26067.900390625,26140.75,338200.0,-0.001449622016468255,-0.0014506737349826563,-8.987493488176216e-05,-0.0013598692997512439
2026-01-08,26106.5,26133.19921875,25858.44921875,25876.849609375,328500.0,-0.010095364158449915,-0.010146667926064248,-0.008796674798421849,-0.0013102148943699014
2026-01-09,25840.400390625,25940.599609375,25623.0,25683.30078125,348800.0,-0.007479613285493514,-0.007507725861466694,-0.006079612041615128,-0.0014085647712229507
2026-01-12,25669.05078125,25813.150390625,25473.400390625,25790.25,275800.0,0.004164153963733375,0.00415550786875295,0.004721608904935829,-0.0005548352262573338
2026-01-13,25897.349609375,25899.80078125,25603.30078125,25732.30078125,339500.0,-0.002246942885392733,-0.002249471049361169,-0.006373193806104826,0.00415271699091711
2026-01-14,25648.55078125,25791.75,25603.94921875,25665.599609375,393100.0,-0.00259211846006413,-0.002595483815978393,0.0006647092177022063,-0.0032546642724239007
2026-01-16,25696.05078125,25873.5,25662.400390625,25694.349609375,434000.0,0.0011201764399650926,0.0011195495104741853,-6.620363142500162e-05,0.0011864586192592574
2026-01-19,25653.099609375,25653.30078125,25494.349609375,25585.5,443100.0,-0.004236324757381116,-0.004245323404225256,-0.002635143916499491,-0.0016054113307833746
2026-01-20,25580.30078125,25585.0,25171.349609375,25232.5,409800.0,-0.013796877137441155,-0.013892938636022806,-0.013596430480791417,-0.00020320958159895252
2026-01-21,25141.0,25300.94921875,24919.80078125,25157.5,395600.0,-0.0029723570791637677,-0.0029767833055262707,0.000656298476592021,-0.003626275636579808
2026-01-22,25344.150390625,25435.75,25168.5,25289.900390625,486400.0,0.00526285960946038,0.005249059162526262,-0.0021405333839901574,0.007419274197555401
2026-01-23,25344.599609375,25347.94921875,25025.30078125,25048.650390625,393900.0,-0.009539381186706164,-0.009585172530157553,-0.011677012985461723,0.0021628878684819604
2026-01-27,25063.349609375,25246.650390625,24932.55078125,25175.400390625,618700.0,0.005060152863462841,0.0050473933153695125,0.00447070255956878,0.0005868267759248818
2026-01-28,25258.849609375,25372.099609375,25187.650390625,25342.75,574900.0,0.006647346488174222,0.006625350304204862,0.0033216235862879432,0.0033147126740862257
2026-01-29,25345.0,25458.150390625,25159.80078125,25418.900390625,582400.0,0.0030048195489833507,0.003000314101836464,0.002915777890116394,8.878278797683755e-05
2026-01-30,25247.55078125,25370.69921875,25213.650390625,25320.650390625,508400.0,-0.003865234077404689,-0.003872723399525638,0.0028953148766131865,-0.006741031545101659
2026-02-02,24796.5,25108.099609375,24679.400390625,25088.400390625,449200.0,-0.00917235522852089,-0.00921468029121448,0.011771838389490452,-0.02070051055319919
2026-02-03,26308.05078125,26341.19921875,25641.30078125,25727.55078125,637300.0,0.025475932330218942,0.025156829049839922,-0.022065488805188407,0.04861411535351442
2026-02-04,25675.05078125,25818.55078125,25563.94921875,25776.0,429800.0,0.0018831648283172964,0.0018813938963879184,0.0039318021066474884,-0.0020406139879533933
2026-02-05,25755.900390625,25757.650390625,25579.5,25642.80078125,343800.0,-0.00516756745616076,-0.005180965509696233,-0.004391211631497364,-0.000779780003685599
2026-02-06,25605.80078125,25703.94921875,25491.900390625,25693.69921875,375500.0,0.0019849016468285186,0.001982934332408332,0.0034327548765576647,-0.0014429001073492087
2026-02-09,25888.69921875,25922.25,25780.900390625,25867.30078125,359400.0,0.006756581098813275,0.006733857702297746,-0.000826555143585665,0.007589409307699009
2026-02-10,25922.650390625,25989.44921875,25870.44921875,25935.150390625,460900.0,0.0026229876069705504,0.0026195535786092045,0.00048220377976939657,0.002139752030684251
2026-02-11,25997.44921875,26009.400390625,25899.80078125,25953.849609375,331400.0,0.0007209990483325601,0.0007207392533858182,-0.0016770725853963737,0.0024021001300042464
2026-02-12,25906.69921875,25906.69921875,25752.400390625,25807.19921875,419400.0,-0.00565042923620962,-0.005666453301894332,-0.0038407054159947467,-0.0018167012344854007
2026-02-13,25571.150390625,25630.349609375,25444.30078125,25471.099609375,453500.0,-0.01302348257655217,-0.013109031702560043,-0.003912642948073272,-0.009146627114557273
2026-02-16,25423.599609375,25697.0,25372.69921875,25682.75,275800.0,0.008309432803093486,0.008275099528577884,0.010193300500588351,-0.0018648586330570884
2026-02-17,25637.94921875,25764.400390625,25570.30078125,25725.400390625,344100.0,0.00166066292063749,0.0016592855446634625,0.003411004957098661,-0.0017443919070193028
2026-02-18,25752.650390625,25828.05078125,25645.150390625,25819.349609375,310200.0,0.003652002197183979,0.0036453498285502696,0.0025899943399333063,0.001059264368531679
2026-02-19,25873.349609375,25885.30078125,25388.75,25454.349609375,298200.0,-0.014136684522350174,-0.014237559265090531,-0.016194269637518396,0.0020914546964572885
2026-02-20,25406.55078125,25663.55078125,25379.75,25571.25,296600.0,0.004592550680687868,0.00458203709696536,0.006482549330212419,-0.001877825552745429
2026-02-23,25678.400390625,25771.44921875,25609.349609375,25713.0,313700.0,0.00554333479982394,0.00552802706402003,0.0013474207446205282,0.004190268001173192
2026-02-24,25641.80078125,25641.80078125,25327.599609375,25424.650390625,439100.0,-0.011214156627970318,-0.011277509359324957,-0.008468609224348488,-0.002768996956792284
2026-02-25,25512.599609375,25652.599609375,25428.19921875,25482.5,414200.0,0.002275335490801167,0.0022727508349003555,-0.0011797938993225697,0.0034592105456219017
2026-02-26,25556.30078125,25572.94921875,25400.94921875,25496.55078125,405200.0,0.0005513894339252978,0.000551237474627977,-0.002337975300550424,0.0028961358285097614
2026-02-27,25459.849609375,25476.400390625,25141.30078125,25178.650390625,438900.0,-0.012468368500212268,-0.012546750821351201,-0.01104481067501887,-0.0014394563480323703
2026-03-02,24659.25,24989.349609375,24603.5,24865.69921875,519200.0,-0.012429227421638323,-0.012507116341135643,0.008372080203169196,-0.020628603303471466
2026-03-04,24388.80078125,24602.44921875,24305.400390625,24480.5,599000.0,-0.015491187895474101,-0.015612430100429392,0.0037598904338296923,-0.019178967512821613
2026-03-05,24615.94921875,24854.19921875,24529.400390625,24765.900390625,504300.0,0.011658274570576665,0.011590840491558407,0.006091626633710392,0.005532943312023856
2026-03-06,24656.400390625,24700.900390625,24415.75,24450.44921875,433400.0,-0.012737318930444053,-0.012819134056590225,-0.0083528482914038,-0.004421401938669294
2026-03-09,23868.05078125,24078.150390625,23697.80078125,24028.05078125,526900.0,-0.017275692308183932,-0.017426658301668632,0.006703521852973894,-0.02381953935854003
2026-03-10,24280.80078125,24303.80078125,24079.94921875,24261.599609375,444300.0,0.009719840791548862,0.009672907019832675,-0.0007907964835256766,0.010518955628195626
2026-03-11,24231.849609375,24299.0,23834.30078125,23866.849609375,407400.0,-0.01627056774308744,-0.016404386958885315,-0.015062820456709423,-0.0012262175816513026
2026-03-12,23674.849609375,23833.150390625,23556.30078125,23639.150390625,501000.0,-0.009540396930332928,-0.009586198057198514,-0.001507896326228973,-0.008044631073745971
2026-03-13,23462.5,23492.400390625,23112.0,23151.099609375,519800.0,-0.02064586811222946,-0.020861973679950938,-0.01327225958977091,-0.0074727893222024345
2026-03-16,23116.099609375,23502.0,22955.25,23408.80078125,540300.0,0.011131271353117311,0.011069774688696974,0.01266222143100178,-0.001511807239852521
2026-03-17,23493.19921875,23656.80078125,23346.599609375,23581.150390625,458800.0,0.007362598835607637,0.007335627211391066,0.0037436864624553084,0.0036054148304598983
2026-03-18,23632.900390625,23862.25,23618.44921875,23777.80078125,382900.0,0.008339304375208911,0.008304724491583992,0.006131299511696031,0.0021945494237030055
2026-03-19,23197.75,23378.69921875,22930.349609375,23002.150390625,550100.0,-0.03262077926216955,-0.03316469831760482,-0.008431835388130315,-0.02439463542429035
2026-03-20,23110.150390625,23345.150390625,23067.599609375,23114.5,663300.0,0.004884308965338757,0.004872419427371909,0.00018821207571044144,0.004695213193807202
2026-03-23,22824.349609375,22851.69921875,22471.25,22512.650390625,550300.0,-0.026037751600726855,-0.02638273543442679,-0.013656433768521095,-0.012552743543014125
2026-03-24,22878.44921875,23057.30078125,22624.19921875,22912.400390625,538100.0,0.017756683156527453,0.017600874978779452,0.0014839804722068036,0.016248590093920285
2026-03-25,23064.400390625,23465.349609375,23063.19921875,23306.44921875,505400.0,0.01719805962740728,0.0170518470014907,0.010494477377499296,0.006633962282807933
2026-03-27,23173.55078125,23186.099609375,22804.55078125,22819.599609375,612600.0,-0.02088905112938999,-0.0211103140979646,-0.015273929110656023,-0.005702217281261507
2026-03-30,22549.650390625,22714.099609375,22283.849609375,22331.400390625,698600.0,-0.02139385559374285,-0.021626021374847804,-0.009678642294637848,-0.011829708819215938
2026-04-01,22899.0,22941.30078125,22618.599609375,22679.400390625,518000.0,0.015583438293735208,0.0154632634032261,-0.009589921366653566,0.025417107724837774
2026-04-02,22383.400390625,22782.30078125,22182.55078125,22713.099609375,495100.0,0.0014858954897207788,0.0014847926393626724,0.014729630574275492,-0.013051491437240895
2026-04-06,22780.30078125,22998.349609375,22542.94921875,22968.25,426400.0,0.01123362266767347,0.01117099412238686,0.008250515239232361,0.002958696656587647
2026-04-07,22838.69921875,23153.849609375,22719.30078125,23123.650390625,477000.0,0.0067658785769486585,0.006743092740219248,0.012476681318218956,-0.005640428907295941
2026-04-08,23855.150390625,24025.150390625,23828.5,23997.349609375,639300.0,0.03778379295615997,0.03708747109816642,0.005960944132462223,0.03163427865595872
2026-04-09,23909.05078125,23990.75,23682.80078125,23775.099609375,466600.0,-0.009261439434677166,-0.009304593215623836,-0.005602529899683321,-0.003679524179224545
2026-04-10,23880.55078125,24074.05078125,23856.349609375,24050.599609375,481300.0,0.011587753764504383,0.011521129932275736,0.007120808463869902,0.004435361937807338
2026-04-13,23589.599609375,23907.400390625,23555.599609375,23842.650390625,488800.0,-0.008646321593950623,-0.008683917902558702,0.010727218157167548,-0.019167921277950205
2026-04-15,24163.80078125,24280.900390625,24145.80078125,24231.30078125,460300.0,0.016300637062472756,0.01616920800628811,0.0027934347171235125,0.013469575964225742
2026-04-16,24385.19921875,24400.94921875,24102.80078125,24196.75,508000.0,-0.0014258739785333319,-0.0014268915041919185,-0.0077280163700733555,0.006351224760458814
2026-04-17,24165.900390625,24371.900390625,24096.05078125,24353.55078125,498600.0,0.006480241406387144,0.0064593349128548826,0.007765089965271798,-0.0012749484693192269
2026-04-20,24391.5,24480.650390625,24241.25,24364.849609375,415900.0,0.00046394992773279853,0.0004638423362418336,-0.0010926097462230695,0.0015582622464736197
2026-04-21,24374.55078125,24601.69921875,24354.900390625,24576.599609375,425800.0,0.008690798564113589,0.00865325096320232,0.008289335460509289,0.00039816260024306595
2026-04-22,24470.849609375,24515.94921875,24352.900390625,24378.099609375,440500.0,-0.00807678861823835,-0.00810958257469758,-0.0037902239391176124,-0.004302873533393959
2026-04-23,24202.349609375,24310.19921875,24134.80078125,24173.05078125,467500.0,-0.008411190019346093,-0.008446763696540498,-0.001210577840494083,-0.007209339645671661
2026-04-24,24100.55078125,24206.0,23813.650390625,23897.94921875,438400.0,-0.011380506539678703,-0.011445760055327719,-0.008406511715807844,-0.002999207698526623
2026-04-27,23945.44921875,24130.69921875,23936.19921875,24092.69921875,430300.0,0.008149234824183171,0.008116209111611542,0.006149393926788346,0.0019876182498007886
2026-04-28,24049.900390625,24181.80078125,23957.05078125,23995.69921875,554100.0,-0.004026115924964935,-0.004034242549507945,-0.0022536963145231323,-0.0017764231287000032
2026-04-29,24096.900390625,24334.69921875,24059.94921875,24177.650390625,531100.0,0.007582657634449097,0.0075540537904852266,0.003351053400686178,0.00421747126234698
2026-04-30,23996.94921875,24087.44921875,23796.849609375,23997.55078125,505500.0,-0.007449012061355398,-0.007476894502422098,2.5068290744640553e-05,-0.007473892994377475
2026-05-04,24063.55078125,24290.19921875,24004.75,24119.30078125,419100.0,0.005073434414612388,0.005060607910890723,0.002316781945723474,0.0027502806682908557
2026-05-05,24052.599609375,24081.69921875,23882.05078125,24032.80078125,363300.0,-0.0035863394542201554,-0.0035927857866665616,-0.000823147121165356,-0.0027654687206708967
2026-05-06,24171.0,24356.5,23997.900390625,24330.94921875,429200.0,0.01240589643353629,0.012329573885162747,0.006617401793471515,0.005750441657129734
2026-05-07,24398.5,24482.099609375,24284.0,24326.650390625,440600.0,-0.00017668148029703623,-0.0001766970903084699,-0.0029448371569973566,0.0027763315209233096
2026-05-08,24233.650390625,24253.80078125,24126.650390625,24176.150390625,335900.0,-0.006186630612244115,-0.0062058471093194715,-0.0023727337430866123,-0.0038229677537455105
2026-05-11,23970.099609375,23997.44921875,23799.099609375,23815.849609375,390100.0,-0.014903149402549887,-0.015015317164036516,-0.006435100500778517,-0.008522894584983311
2026-05-12,23722.599609375,23757.55078125,23348.400390625,23379.55078125,447500.0,-0.018319683541890175,-0.018489566950081734,-0.014460844670220274,-0.003915459726588657
2026-05-13,23362.44921875,23582.94921875,23262.55078125,23412.599609375,415400.0,0.0014135784059419176,0.001412580244529267,0.0021466238473297912,-0.0007314752391955777
2026-05-14,23530.25,23777.19921875,23426.55078125,23689.599609375,428700.0,0.011831236369372666,0.011761794478008175,0.0067721171417643245,0.005025088738026758
2026-05-15,23731.400390625,23839.30078125,23610.30078125,23643.5,408900.0,-0.0019459851637491088,-0.0019478810528585342,-0.003703969811226341,0.0017645203776874988
2026-05-18,23482.19921875,23695.650390625,23317.099609375,23649.94921875,392000.0,0.0002727692071817778,0.0002727320124251536,0.0071437090894815106,-0.006822204041279844
2026-05-19,23675.30078125,23782.30078125,23587.19921875,23618.0,442000.0,-0.0013509212410769411,-0.0013518345578153919,-0.002420276801525588,0.0010719499761082335
2026-05-20,23457.25,23690.900390625,23397.30078125,23659.0,344100.0,0.0017359640951817301,0.0017344590510618102,0.008600752432616782,-0.0068062494707426535
2026-05-21,23830.05078125,23859.900390625,23596.599609375,23654.69921875,348200.0,-0.00018178203854768427,-0.00018179856290503812,-0.007358421688214379,0.0072298398600955235
2026-05-22,23671.19921875,23835.650390625,23671.0,23719.30078125,336100.0,0.002731024474358801,0.0027273020029192283,0.002032071212594023,0.0006975358193065166
2026-05-25,23940.25,24054.44921875,23922.849609375,24031.69921875,351200.0,0.01317064277657587,0.013084663968970206,0.0038198940591681373,0.009315165771018822
2026-05-26,24004.099609375,24089.80078125,23885.44921875,23913.69921875,387900.0,-0.004910181295375682,-0.004922275842741698,-0.0037660396388995727,-0.0011484668280745728
2026-05-27,23880.349609375,23983.19921875,23858.25,23907.150390625,531600.0,-0.00027385257567613674,-0.0002738900801400246,0.0011222943419336915,-0.001394581786361668
2026-05-29,23902.150390625,24002.80078125,23484.75,23547.75,1198000.0,-0.015033175629577955,-0.015147319219471595,-0.014827134162958173,-0.0002091424497819159
2026-06-01,23654.5,23733.69921875,23357.94921875,23382.599609375,421700.0,-0.007013425513053284,-0.007038135182494777,-0.011494658125303854,0.004533341826713805
2026-06-02,23229.150390625,23556.94921875,23229.150390625,23483.55078125,511900.0,0.00431736306319519,0.004308069989399964,0.010951773368675286,-0.006562538867084573
2026-06-03,23415.94921875,23459.650390625,23151.5,23405.599609375,450100.0,-0.0033193946094914883,-0.003324916021661275,-0.00044198974290193165,-0.0028786772123905215
2026-06-04,23282.44921875,23465.30078125,23247.30078125,23416.55078125,412500.0,0.00046788683297016576,0.0004677774080569192,0.0057597704279326555,-0.005261578112943225
2026-06-05,23478.94921875,23516.349609375,23282.650390625,23366.69921875,366200.0,-0.0021289028843615165,-0.0021311722194751305,-0.004780878349971409,0.0026647151445533734
2026-06-08,23080.69921875,23267.30078125,23070.150390625,23123.0,375700.0,-0.010429338627102713,-0.01048410529877786,0.0018327339587544313,-0.012239640580921534
2026-06-09,23259.05078125,23279.400390625,23104.44921875,23242.099609375,402600.0,0.005150698844224255,0.005137479368527299,-0.0007287989537674934,0.005883785894996324
2026-06-10,23233.94921875,23425.349609375,23184.599609375,23214.94921875,380000.0,-0.0011681556778996294,-0.0011688385035597795,-0.0008177688528589377,-0.0003506735949841827
2026-06-11,23104.400390625,23327.44921875,23072.05078125,23161.599609375,363000.0,-0.0022980713363744965,-0.0023007159547660506,0.0024756850549218124,-0.004761967260118455
2026-06-12,23412.55078125,23645.349609375,23313.900390625,23622.900390625,351900.0,0.019916620139797336,0.019720878993895297,0.008984480646314668,0.01083479449206193
2026-06-15,23984.849609375,24011.400390625,23817.80078125,23853.900390625,398900.0,0.009778646829145199,0.009731145278463154,-0.005459663949646599,0.015321963550828136
2026-06-16,23923.900390625,24002.599609375,23888.19921875,23989.150390625,327300.0,0.005669932287180934,0.005653918723145327,0.002727398080355215,0.0029345305737719617
2026-06-17,24044.5,24108.19921875,23969.69921875,24085.69921875,352700.0,0.004024687267071059,0.004016609878660483,0.0017134570795816091,0.0023072767677770997
2026-06-18,24073.80078125,24189.25,24036.94921875,24168.0,340000.0,0.0034169978003351087,0.0034111731281746415,0.003912935045278248,-0.0004940042384460826
2026-06-19,23991.19921875,24047.19921875,23901.900390625,24013.099609375,447900.0,-0.006409317718677587,-0.006429945583083175,0.0009128510177967279,-0.00731549078326713
2026-06-22,24106.599609375,24168.05078125,24073.150390625,24102.900390625,252800.0,0.0037396580495980825,0.003732682912776634,-0.0001534525320842589,0.0038937080810465836
2026-06-23,24071.30078125,24135.5,23784.94921875,23824.099609375,340100.0,-0.011567105067506356,-0.011634524429481118,-0.010269539403851157,-0.0013110293310298416
2026-06-24,23795.80078125,24090.05078125,23789.25,24021.650390625,395600.0,0.008292056551520766,0.008257866325424086,0.009491153983477586,-0.0011878236151205543
2026-06-25,24125.849609375,24261.599609375,24039.0,24056.0,448800.0,0.0014299437722400388,0.0014289223762208004,-0.002895218635030259,0.004337721058111234
2026-06-29,24061.75,24120.0,23924.55078125,23946.25,588500.0,-0.004562271366810755,-0.004572710289054184,-0.004800149615052937,0.00023902560691719323
2026-06-30,24032.05078125,24035.55078125,23829.19921875,23865.75,449000.0,-0.0033616954637991636,-0.003367358657511833,-0.006919957966290135,0.0035830571070626926
2026-07-01,23897.650390625,24049.900390625,23895.099609375,24005.849609375,352100.0,0.0058703208311072785,0.005853157634003401,0.004527609073754227,0.0013366598839340896
2026-07-02,24062.19921875,24194.55078125,24058.80078125,24175.69921875,372900.0,0.007075342557701703,0.007050429763556748,0.0047169420786591,0.0023473282675649937
2026-07-03,24375.650390625,24378.150390625,24252.349609375,24270.849609375,326600.0,0.003935786500487426,0.003928061555321314,-0.004299404511081555,0.008270750312773722
2026-07-06,24306.849609375,24458.650390625,24287.099609375,24430.349609375,329400.0,0.006571669412775316,0.0065501701327115155,0.005080872346055362,0.0014832608078991364
2026-07-07,24464.44921875,24530.900390625,24348.94921875,24398.69921875,412600.0,-0.0012955357222089736,-0.0012963756541323145,-0.002687573278764355,0.0013957888413481598
2026-07-08,24259.55078125,24300.0,23805.19921875,23882.05078125,420500.0,-0.02117524515827318,-0.021402656722269202,-0.015560881708154568,-0.0057031088523386
2026-07-09,23928.94921875,24134.69921875,23925.69921875,23962.80078125,384800.0,0.0033812004144717633,0.003375497008972435,0.001414669829023455,0.001963752524001011
2026-07-10,24124.69921875,24228.44921875,24120.349609375,24206.900390625,313100.0,0.01018660596494203,0.010135072168571098,0.003407344942610198,0.006756240181518327
2026-07-13,24039.400390625,24259.80078125,24000.19921875,24211.0,322700.0,0.0001693570555851842,0.0001693427162979961,0.007138264956139307,-0.00691951457217011
2026-07-14,24068.0,24157.099609375,24023.69921875,24052.05078125,355800.0,-0.006565165369047166,-0.0065868108566920726,-0.000662673207163038,-0.005906406179009541
2026-07-15,24085.849609375,24220.349609375,24010.55078125,24078.5,306900.0,0.0010996658451518648,0.001099061655563571,-0.0003051422098118263,0.00140523685204208
2026-07-16,24142.099609375,24186.5,24050.0,24072.75,264300.0,-0.00023880225097083763,-0.00023883076876853854,-0.002872559160018947,0.0026413443268891333
2026-07-17,24127.599609375,24367.30078125,24099.05078125,24334.30078125,387800.0,0.010865014643113069,0.010806414450711182,0.008567001078494537,0.002278493706576939
2026-07-20,24190.05078125,24266.099609375,24135.849609375,24238.5,353100.0,-0.003936861885253551,-0.003944631725234211,0.00200285725681707,-0.005927846511667478
2026-07-21,24216.05078125,24262.19921875,24135.650390625,24187.69921875,315600.0,-0.002095871495760848,-0.002098070908085292,-0.001170775646124431,-0.00092618019885719
2026-07-22,24150.44921875,24166.30078125,23961.400390625,23996.25,304700.0,-0.0079151479856997,-0.007946639050547172,-0.006384942050282126,-0.0015400389951568552
2026-07-23,23904.80078125,23990.75,23807.19921875,23869.599609375,344000.0,-0.0052779242850445884,-0.005291901730381726,-0.0014725565879892392,-0.0038109795801427307
2026-07-24,23666.349609375,23823.599609375,23606.30078125,23767.44921875,333900.0,-0.004279518395644999,-0.00428870174406507,0.004271871709989073,-0.00851501505371593
2026-07-27,23928.400390625,24011.599609375,23891.55078125,23995.94921875,319400.0,0.009613989195766948,0.009568068885288541,0.0028229562788269465,0.006771916093882997
2026-07-28,23971.25,24041.150390625,23954.599609375,23985.349609375,437800.0,-0.0004417249460887396,-0.0004418225352921867,0.0005881883245554571,-0.0010293078437880873
2026-07-29,24176.650390625,24283.55078125,24136.75,24250.19921875,424200.0,0.011042140877174367,0.010981621540740824,0.00304214301554032,0.007975734536520056
2026-07-30,24249.55078125,24342.94921875,24187.099609375,24317.150390625,400600.0,0.0027608503860552247,0.002757046238807193,0.0027876643977779872,-2.6739471051381504e-05
2026-07-31,24361.44921875,24429.400390625,24299.69921875,24383.599609375,411700.0,0.0027326071386892803,0.0027288803554812308,0.000909239447378679,0.0018217113195170493
2026-08-03,24572.69921875,24774.30078125,24515.150390625,24774.30078125,342300.0,0.01602311299947612,0.015896097912767627,0.008204290489429404,0.007755196624139736
2026-08-04,24703.900390625,24703.900390625,24427.94921875,24614.900390625,296500.0,-0.006434102501316152,-0.006454890555102032,-0.003602669966795002,-0.002841670134169087
2026-08-05,24669.19921875,24677.599609375,24497.94921875,24624.650390625,355500.0,0.00039610154196334513,0.00039602311445705957,-0.0018058481643433463,0.002205933286883445
2026-08-06,24641.0,24677.05078125,24604.150390625,24636.0,344000.0,0.0004609043862535689,0.0004607982024527352,-0.0002029138427823546,0.0006639529542813148
2026-08-07,24538.900390625,24630.400390625,24522.75,24570.650390625,254800.0,-0.0026526063230638552,-0.0026561307171494536,0.0012938640075384133,-0.003941370732870596
2026-08-10,24581.25,24620.94921875,24511.099609375,24583.80078125,269500.0,0.0005352072662276885,0.000535064093901079,0.00010376938723620645,0.00043139311359231705
2026-08-11,24575.099609375,24576.849609375,24429.25,24471.69921875,271800.0,-0.00455997685213505,-0.004570405260858804,-0.004207526816516115,-0.0003539392444815271
2026-08-12,24472.44921875,24473.30078125,24265.94921875,24435.94921875,317600.0,-0.0014608711753293369,-0.0014619392880015388,-0.0014914731122226573,3.0647647034880054e-05
2026-08-13,24431.599609375,24431.599609375,24311.400390625,24395.849609375,295800.0,-0.0016410088683697088,-0.0016423567982678559,-0.00146326890468039,-0.00017800042617794
2026-08-14,24361.900390625,24405.19921875,24296.80078125,24366.0,267700.0,-0.001223552770366676,-0.0012243019222044982,0.00016827953933255636,-0.001391598132206626
2026-08-17,24343.44921875,24360.099609375,24226.94921875,24287.650390625,225400.0,-0.003215530221415075,-0.0032207111479826242,-0.0022921496302184736,-0.0009255019802183371
2026-08-18,24223.849609375,24269.650390625,24154.900390625,24154.900390625,227000.0,-0.00546574073098649,-0.005480732544386898,-0.002846336146477544,-0.002626881572481256
2026-08-19,24152.05078125,24172.849609375,24025.650390625,24078.30078125,238700.0,-0.003171182995427735,-0.0031762218518000007,-0.003053570923147216,-0.00011797230909327162
2026-08-20,24225.44921875,24265.150390625,24184.55078125,24231.849609375,253900.0,0.006377062464663963,0.006356815035648365,0.00026420111211173037,0.006111246754363409
2026-08-21,24284.05078125,24284.05078125,24206.80078125,24252.0,259300.0,0.000831566345525836,0.0008312207857896257,-0.0013198284560805968,0.00215423802625467
2026-08-24,24285.05078125,24313.0,24144.30078125,24219.05078125,236300.0,-0.0013586186190829297,-0.001359542378144627,-0.0027177213090679338,0.0013628064180273792
2026-08-25,24175.75,24334.55078125,24115.44921875,24334.55078125,239500.0,0.004768973030496282,0.004757637503542181,0.0065685979235390836,-0.0017878810214776366
2026-08-26,24341.94921875,24378.599609375,24207.75,24207.75,244800.0,-0.00521073030646213,-0.005224353506780909,-0.005513084327964568,0.0003040301654428142
2026-08-27,24277.599609375,24297.44921875,24090.849609375,24090.849609375,323400.0,-0.00482904816122931,-0.004840745688108582,-0.00769227613128132,0.002885423443938408
2026-08-28,24122.599609375,24188.30078125,24076.849609375,24175.650390625,296100.0,0.0035200411203846205,0.0035138602759443318,0.0021992149316022455,0.0013179277823246395
2026-08-31,24117.55078125,24128.69921875,23993.599609375,24080.400390625,710900.0,-0.003939914685270995,-0.003947696595902393,-0.0015403881995298744,-0.002403228390394422
2026-09-01,24077.55078125,24143.150390625,23952.55078125,24055.80078125,334200.0,-0.0010215614763854353,-0.0010220836259459925,-0.000903331082035863,-0.00011833729210372317
2026-09-02,23858.0,23914.44921875,23786.80078125,23914.44921875,318900.0,-0.005875986577431824,-0.005893318113157999,0.0023660499098834774,-0.00822258144921841
2026-09-03,23997.94921875,24025.400390625,23873.44921875,23873.44921875,239100.0,-0.0017144446700387839,-0.001715916012232434,-0.005187943305702392,0.0034916129255668686
2026-09-04,23910.900390625,24005.75,23895.849609375,23897.69921875,231400.0,0.0010157727849795517,0.0010152572368944724,-0.0005520984847637074,0.0015687373672668202
2026-09-07,23883.150390625,23890.0,23737.900390625,23779.150390625,205900.0,-0.004960679563327464,-0.004973024577554363,-0.004354534401827649,-0.0006087961854329923
2026-09-08,23743.099609375,23758.94921875,23623.099609375,23635.099609375,230100.0,-0.00605786072604142,-0.00607628400578716,-0.00454869001001689,-0.0015160668340872736
2026-09-09,23522.05078125,23571.55078125,23431.5,23431.5,352900.0,-0.008614290302979777,-0.008651607765214554,-0.0038496125228239127,-0.004783090826499353
2026-09-10,23446.599609375,23494.94921875,23380.099609375,23477.80078125,253200.0,0.0019760058574995742,0.0019740561259566094,0.0013307333427796657,0.0006444149702323795
2026-09-11,23270.30078125,23448.099609375,23231.400390625,23398.099609375,293000.0,-0.0033947460674703667,-0.0034005212918861516,0.005491928502616247,-0.008838136158209293
2026-09-15,23576.150390625,23592.849609375,23118.599609375,23118.599609375,338800.0,-0.011945414570677881,-0.012017334350161384,-0.019407357590997723,0.007609625748351792
2026-09-16,23201.599609375,23284.75,23116.099609375,23217.599609375,261600.0,0.004282266299549198,0.004273123489224915,0.0006896076248783695,0.0035901828571978916
2026-09-17,23195.25,23363.55078125,23193.650390625,23270.599609375,259700.0,0.0022827510548764085,0.0022801495370133526,0.003248493091257908,-0.0009626149882426038
2026-09-18,23334.69921875,23389.150390625,23286.599609375,23346.400390625,375300.0,0.0032573626173113546,0.003252068904281252,0.0005014494408223536,0.0027545319179990645
2026-09-21,23330.19921875,23410.75,23314.80078125,23401.44921875,0.0,0.002357915019186585,0.0023551394996709526,0.0030539816369308088,-0.0006939473153859622
